Rk,Player,Age,Team,Pos,G,GS,Tgt,Rec,Yds,1D,YBC,YBC/R,YAC,YAC/R,ADOT,BrkTkl,Rec/Br,Drop,Drop%,Rat,Team_Total_Targets,Target_Share,AIR,AIR/R,CATCHABLE,YACON,YACON/R,RZ TGT,RZ_REC,RZ_REC_PCT,RZ_YDS,RZ_P_TD,RZ_TGT_PCT,REC_I10,TGT_I10,REC_PCT_I10,YDS_I10,TD_I10,TGT_PCT_I10,Routes Run,FPTS,FPTS/G,RTD,XFP,TD/G,XTD,fpts_diff,td_diff,team_air,air_pct,WOPR,VOR
1,jamarr chase,24,CIN,WR,17,16,175,127,1708,75,921,7.3,787,6.2,8.7,11.0,11.5,9,5.1,118.9,628,27.87,1523.0,12.0,136.0,295.0,2.3,35.0,20.0,60.6%,162.0,7.0,44.0%,7.0,16.0,43.8%,33.0,5.0,35.6%,681.0,403.0,23.7,17.0,19.3,1.0,0.76,4.4,0.24,3630,41.96,0.71,10.7
2,amon-ra st brown,25,DET,WR,17,17,141,115,1263,73,851,7.4,412,3.6,7.7,3.0,38.3,4,2.8,129.4,522,27.01,1109.0,9.6,119.0,131.0,1.1,31.0,23.0,74.2%,162.0,9.0,59.6%,12.0,15.0,80.0%,64.0,9.0,62.5%,515.0,316.2,18.6,12.0,14.5,0.7,0.47,4.1,0.23,2797,39.65,0.68,5.6
5,malik nabers,21,NYG,WR,15,13,170,109,1204,55,742,6.8,462,4.2,9.1,8.0,13.6,9,5.3,93.8,554,30.69,1550.0,14.2,118.0,207.0,1.9,13.0,5.0,38.5%,30.0,3.0,37.1%,3.0,8.0,37.5%,12.0,3.0,47.1%,522.0,273.6,18.2,7.0,20.3,0.5,0.54,-2.1,-0.04,3532,43.88,0.77,5.2
6,justin jefferson,25,MIN,WR,17,17,154,103,1533,62,1046,10.2,487,4.7,10.9,5.0,20.6,5,3.2,107.4,517,29.79,1673.0,16.2,108.0,119.0,1.2,25.0,15.0,68.2%,118.0,6.0,45.8%,5.0,9.0,55.6%,27.0,3.0,39.1%,570.0,317.5,18.7,10.0,18.5,0.6,0.69,0.2,-0.09,3612,46.32,0.77,5.7
7,ceedee lamb,25,DAL,WR,15,15,152,101,1194,54,657,6.5,537,5.3,7.6,11.0,9.2,7,4.6,86.9,622,24.44,1148.0,11.4,108.0,251.0,2.5,16.0,11.0,61.1%,92.0,4.0,39.1%,1.0,3.0,33.3%,7.0,1.0,16.7%,504.0,263.4,17.6,6.0,16.9,0.4,0.43,0.7,-0.03,4089,28.08,0.56,4.6
8,garrett wilson,24,NYJ,WR,17,17,154,101,1104,60,662,6.6,442,4.4,9.1,7.0,14.4,7,4.5,88.2,589,26.15,1400.0,13.9,107.0,159.0,1.6,23.0,11.0,47.8%,64.0,4.0,37.7%,6.0,11.0,54.5%,30.0,4.0,36.7%,627.0,251.9,14.8,7.0,17.1,0.4,0.57,-2.3,-0.17,3922,35.7,0.64,1.8
9,drake london,23,ATL,WR,17,17,158,100,1271,67,944,9.4,327,3.3,10.9,6.0,16.7,5,3.2,86.2,539,29.31,1746.0,17.5,105.0,147.0,1.5,24.0,14.0,60.9%,114.0,6.0,65.7%,4.0,10.0,40.0%,24.0,4.0,71.4%,508.0,280.8,16.5,9.0,16.5,0.5,0.55,0.0,-0.05,3790,46.07,0.76,3.5
10,jaxon smith-njigba,22,SEA,WR,17,16,137,100,1130,57,653,6.5,477,4.8,8.7,4.0,25.0,5,3.6,99.7,569,24.08,1188.0,11.9,105.0,128.0,1.3,13.0,8.0,53.3%,78.0,5.0,44.1%,2.0,7.0,28.6%,8.0,2.0,38.9%,598.0,253.0,14.9,6.0,14.6,0.4,0.4,0.3,0.0,3520,33.75,0.6,1.9
11,dj moore,27,CHI,WR,17,17,140,98,966,43,378,3.9,588,6.0,7.5,5.0,19.6,3,2.1,94.5,527,26.57,1049.0,10.7,101.0,137.0,1.4,21.0,12.0,60.0%,80.0,2.0,36.4%,5.0,6.0,83.3%,32.0,2.0,31.6%,589.0,238.1,14.0,6.0,15.4,0.4,0.36,-1.4,0.04,3708,28.29,0.6,1.0
13,wandale robinson,23,NYG,WR,17,7,140,93,699,36,338,3.6,361,3.9,4.8,9.0,10.3,6,4.3,79.4,554,25.27,686.0,7.4,99.0,138.0,1.5,17.0,10.0,58.8%,57.0,3.0,48.6%,5.0,9.0,55.6%,24.0,3.0,52.9%,536.0,182.7,10.7,3.0,13.2,0.2,0.3,-2.5,-0.1,3532,19.42,0.51,-2.3
14,jerry jeudy,25,CLE,WR,17,16,145,90,1229,57,842,9.4,387,4.3,11.1,0.0,,13,9.0,89.7,634,22.87,1611.0,17.9,103.0,49.0,0.5,13.0,4.0,33.3%,21.0,1.0,41.4%,1.0,4.0,25.0%,6.0,1.0,44.4%,670.0,240.9,14.2,4.0,14.9,0.2,0.33,-0.7,-0.13,4491,35.87,0.59,1.2
16,jakobi meyers,28,LVR,WR,15,15,129,87,1027,52,734,8.4,293,3.4,9.6,4.0,21.8,1,0.8,92.1,592,21.79,1235.0,14.2,88.0,85.0,1.0,14.0,8.0,53.3%,71.0,3.0,53.6%,2.0,6.0,33.3%,10.0,2.0,60.0%,547.0,218.0,14.5,4.0,14.9,0.3,0.38,-0.4,-0.08,3751,32.92,0.56,1.5
17,brian thomas,22,JAX,WR,17,16,133,87,1282,53,720,8.3,562,6.5,11.4,0.0,,7,5.3,106.2,522,25.48,1518.0,17.4,94.0,179.0,2.1,16.0,9.0,64.3%,80.0,8.0,35.0%,5.0,9.0,55.6%,22.0,4.0,45.0%,479.0,284.0,16.7,10.0,14.3,0.6,0.42,2.4,0.18,3784,40.12,0.66,3.7
18,davante adams,32,2TM,WR,14,14,141,85,1063,49,590,6.9,473,5.6,8.2,7.0,12.1,6,4.3,93.8,481,29.31,1163.0,13.7,91.0,180.0,2.1,24.0,11.0,47.8%,60.0,5.0,37.7%,6.0,13.0,46.2%,15.0,4.0,43.3%,496.0,241.3,17.2,8.0,18.1,0.6,0.68,-0.9,-0.08,5041,23.07,0.6,4.2
18,davante adams,32,LVR,WR,3,3,27,18,209,10,164,9.1,45,2.5,9.6,0.0,,1,3.7,86.8,592,4.56,1163.0,13.7,91.0,180.0,2.1,24.0,11.0,47.8%,60.0,5.0,37.7%,6.0,13.0,46.2%,15.0,4.0,43.3%,496.0,241.3,17.2,8.0,18.1,0.6,0.68,-0.9,-0.08,3751,31.01,0.29,4.2
18,davante adams,32,NYJ,WR,11,11,114,67,854,39,426,6.4,428,6.4,7.9,7.0,9.6,5,4.4,95.4,589,19.35,1163.0,13.7,91.0,180.0,2.1,24.0,11.0,47.8%,60.0,5.0,37.7%,6.0,13.0,46.2%,15.0,4.0,43.3%,496.0,241.3,17.2,8.0,18.1,0.6,0.68,-0.9,-0.08,3922,29.65,0.5,4.2
19,ladd mcconkey,23,LAC,WR,16,14,112,82,1149,52,759,9.3,390,4.8,9.9,10.0,8.2,5,4.5,123.0,491,22.81,1108.0,13.5,87.0,105.0,1.3,9.0,7.0,87.5%,54.0,5.0,28.6%,7.0,8.0,87.5%,54.0,5.0,61.5%,424.0,240.9,15.1,7.0,12.2,0.4,0.29,2.9,0.11,3626,30.56,0.56,2.1
20,terry mclaurin,29,WAS,WR,17,17,117,82,1096,56,804,9.8,292,3.6,13.4,2.0,41.0,4,3.4,133.0,504,23.21,1565.0,19.1,86.0,107.0,1.3,14.0,12.0,85.7%,107.0,9.0,38.9%,7.0,7.0,100.0%,33.0,6.0,38.9%,458.0,267.8,15.8,13.0,13.6,0.8,0.52,2.2,0.28,3189,49.07,0.69,2.8
21,tyreek hill,30,MIA,WR,17,17,123,81,959,54,667,8.2,292,3.6,11.4,1.0,81.0,2,1.6,95.5,568,21.65,1397.0,17.2,83.0,60.0,0.7,18.0,9.0,50.0%,57.0,5.0,50.0%,5.0,9.0,55.6%,22.0,4.0,60.0%,484.0,218.2,12.8,6.0,13.6,0.4,0.42,-0.8,-0.02,2790,50.07,0.68,-0.2
22,courtland sutton,29,DEN,WR,17,13,135,81,1081,57,902,11.1,179,2.2,13.2,1.0,81.0,9,6.7,86.7,549,24.59,1803.0,22.3,90.0,38.0,0.5,21.0,12.0,57.1%,115.0,6.0,47.7%,5.0,7.0,71.4%,32.0,3.0,41.2%,517.0,240.3,14.1,8.0,15.6,0.5,0.57,-1.5,-0.07,3912,46.09,0.69,1.1
23,puka nacua,23,LAR,WR,11,11,106,79,990,47,472,6.0,518,6.6,7.9,10.0,7.9,1,0.9,108.6,541,19.59,834.0,10.6,80.0,178.0,2.3,12.0,10.0,76.9%,85.0,3.0,29.5%,1.0,3.0,33.3%,7.0,1.0,12.0%,274.0,206.6,18.8,3.0,17.7,0.4,0.47,1.1,-0.07,3552,23.48,0.46,5.8
26,jauan jennings,27,SFO,WR,15,10,113,77,975,47,737,9.6,238,3.1,9.9,5.0,15.4,5,4.4,101.5,513,22.03,1118.0,14.5,82.0,112.0,1.5,15.0,8.0,53.3%,63.0,5.0,33.3%,3.0,8.0,37.5%,14.0,3.0,42.1%,372.0,210.5,14.0,6.0,12.6,0.4,0.34,1.4,0.06,3098,36.09,0.58,1.0
27,khalil shakir,24,BUF,WR,15,9,100,76,821,35,224,2.9,597,7.9,5.5,6.0,12.7,1,1.0,108.8,495,20.2,548.0,7.2,77.0,195.0,2.6,8.0,9.0,90.0%,53.0,2.0,26.3%,2.0,2.0,100.0%,8.0,1.0,12.5%,334.0,182.5,12.2,4.0,11.4,0.3,0.25,0.8,0.05,3994,13.72,0.4,-0.8
28,mike evans,31,TAM,WR,14,14,110,74,1004,53,778,10.5,226,3.1,11.6,2.0,37.0,4,3.6,110.6,563,19.54,1274.0,17.2,78.0,106.0,1.4,15.0,8.0,61.5%,32.0,7.0,31.0%,6.0,9.0,66.7%,10.0,6.0,34.6%,382.0,240.4,17.2,11.0,14.9,0.8,0.65,2.3,0.15,3428,37.16,0.55,4.2
29,zay flowers,24,BAL,WR,17,15,116,74,1059,48,596,8.1,463,6.3,10.0,7.0,10.6,6,5.2,104.8,457,25.38,1162.0,15.7,80.0,130.0,1.8,7.0,3.0,42.9%,31.0,3.0,38.9%,2.0,6.0,33.3%,15.0,2.0,66.7%,417.0,209.5,12.3,4.0,13.4,0.2,0.37,-1.1,-0.17,3332,34.87,0.62,-0.7
30,tee higgins,25,CIN,WR,12,9,109,73,911,48,683,9.4,228,3.1,9.8,7.0,10.4,3,2.8,119.5,628,17.36,1067.0,14.6,76.0,119.0,1.6,24.0,14.0,60.9%,95.0,7.0,30.7%,6.0,13.0,46.2%,22.0,5.0,28.9%,428.0,222.1,18.5,10.0,17.7,0.8,0.87,0.8,-0.07,3630,29.39,0.47,5.5
31,josh downs,23,IND,WR,14,8,107,72,803,40,407,5.7,396,5.5,6.9,3.0,24.0,5,4.7,93.3,492,21.75,763.0,10.6,77.0,103.0,1.4,12.0,7.0,53.8%,44.0,2.0,33.3%,2.0,6.0,33.3%,14.0,2.0,35.3%,345.0,183.5,13.1,5.0,13.0,0.4,0.31,0.1,0.09,4444,17.17,0.45,0.1
32,keenan allen,32,CHI,WR,15,15,121,70,744,43,504,7.2,240,3.4,9.0,1.0,70.0,6,5.0,95.2,527,22.96,1104.0,15.8,75.0,52.0,0.7,15.0,6.0,40.0%,44.0,5.0,27.3%,4.0,8.0,50.0%,22.0,4.0,42.1%,452.0,185.4,12.4,7.0,13.6,0.5,0.42,-1.2,0.08,3708,29.77,0.55,-0.6
33,michael pittman,27,IND,WR,16,14,111,69,808,35,549,8.0,259,3.8,11.0,3.0,23.0,1,0.9,78.2,492,22.56,1270.0,18.4,70.0,109.0,1.6,10.0,7.0,58.3%,43.0,3.0,30.8%,4.0,4.0,100.0%,22.0,3.0,23.5%,453.0,165.8,10.4,3.0,11.7,0.2,0.23,-1.3,-0.03,4444,28.58,0.54,-2.6
34,nico collins,25,HOU,WR,12,12,99,68,1006,48,641,9.4,365,5.4,10.7,2.0,34.0,3,3.0,104.2,547,18.1,1062.0,15.6,71.0,120.0,1.8,13.0,6.0,50.0%,19.0,4.0,32.4%,4.0,8.0,50.0%,20.0,4.0,42.1%,328.0,210.6,17.6,7.0,16.2,0.6,0.57,1.4,0.03,4229,25.11,0.45,4.6
36,devonta smith,26,PHI,WR,13,13,89,68,833,42,534,7.9,299,4.4,9.1,0.0,,2,2.2,120.7,418,21.29,813.0,12.0,70.0,58.0,0.9,11.0,8.0,66.7%,38.0,3.0,40.0%,4.0,5.0,80.0%,16.0,3.0,33.3%,339.0,199.4,15.3,8.0,11.5,0.6,0.38,3.8,0.22,2519,32.27,0.55,2.3
37,aj brown,27,PHI,WR,13,13,97,67,1079,51,726,10.8,353,5.3,12.1,9.0,7.4,0,0.0,121.5,418,23.21,1177.0,17.6,67.0,147.0,2.2,9.0,7.0,63.6%,51.0,4.0,36.7%,4.0,4.0,100.0%,21.0,3.0,26.7%,313.0,216.9,16.7,7.0,13.9,0.5,0.49,2.8,0.01,2519,46.72,0.68,3.7
38,cooper kupp,31,LAR,WR,12,11,100,67,710,28,441,6.6,269,4.0,7.5,2.0,33.5,2,2.0,107.5,541,18.48,776.0,11.6,69.0,65.0,1.0,10.0,6.0,60.0%,41.0,4.0,22.7%,4.0,8.0,50.0%,20.0,3.0,32.0%,343.0,175.0,14.6,6.0,15.0,0.5,0.46,-0.4,0.04,3552,21.85,0.43,1.6
39,demario douglas,24,NWE,WR,17,7,87,66,621,31,262,4.0,359,5.4,5.9,2.0,33.0,7,8.0,97.0,500,17.4,507.0,7.6,74.0,87.0,1.3,5.0,4.0,66.7%,14.0,1.0,30.0%,1.0,2.0,50.0%,3.0,1.0,22.2%,407.0,147.7,8.7,3.0,9.1,0.2,0.19,-0.4,0.01,2508,20.22,0.4,-4.3
42,dk metcalf,27,SEA,WR,15,12,108,66,992,35,729,11.0,263,4.0,13.1,3.0,22.0,4,3.7,99.0,569,18.98,1414.0,21.4,70.0,85.0,1.3,7.0,2.0,25.0%,11.0,0.0,23.5%,0.0,5.0,0.0%,0.0,0.0,27.8%,527.0,191.2,12.7,5.0,14.4,0.3,0.45,-1.7,-0.15,3520,40.17,0.57,-0.3
45,darnell mooney,27,ATL,WR,16,16,106,64,992,48,717,11.2,275,4.3,12.2,6.0,10.7,6,5.7,99.3,539,19.67,1325.0,20.4,71.0,83.0,1.3,6.0,2.0,33.3%,16.0,1.0,17.1%,0.0,2.0,0.0%,0.0,0.0,14.3%,497.0,193.2,12.1,5.0,12.4,0.3,0.28,-0.3,0.02,3790,34.96,0.54,-0.9
47,calvin ridley,30,TEN,WR,17,14,120,64,1017,40,786,12.3,231,3.6,15.3,4.0,16.0,6,5.0,79.1,507,23.67,1840.0,28.8,70.0,87.0,1.4,7.0,4.0,50.0%,23.0,1.0,30.8%,1.0,3.0,33.3%,0.0,0.0,23.1%,510.0,199.2,11.7,4.0,13.4,0.3,0.3,-1.7,0.0,4023,45.74,0.68,-1.3
48,jordan addison,22,MIN,WR,15,15,99,63,875,39,662,10.5,213,3.4,13.0,3.0,21.0,2,2.0,113.8,517,19.15,1284.0,20.4,65.0,81.0,1.3,17.0,16.0,94.1%,96.0,6.0,35.4%,8.0,8.0,100.0%,42.0,4.0,34.8%,470.0,212.5,14.2,9.0,12.6,0.7,0.53,1.6,0.17,3612,35.55,0.54,1.2
49,marvin harrison,22,ARI,WR,17,16,116,62,885,43,737,11.9,148,2.4,13.4,0.0,,5,4.3,87.0,523,22.18,1555.0,25.1,67.0,52.0,0.8,13.0,4.0,36.4%,36.0,4.0,44.0%,3.0,6.0,50.0%,21.0,3.0,50.0%,495.0,196.5,11.6,8.0,13.6,0.5,0.5,-2.0,0.0,2668,58.28,0.74,-1.4
50,ray-ray mccloud,28,ATL,WR,17,13,87,62,686,29,351,5.7,335,5.4,6.8,1.0,62.0,3,3.4,83.8,539,16.14,589.0,9.5,65.0,125.0,2.0,5.0,3.0,60.0%,18.0,1.0,14.3%,0.0,1.0,0.0%,0.0,0.0,7.1%,515.0,140.5,8.3,1.0,8.3,0.1,0.1,0.0,0.0,3790,15.54,0.35,-4.7
51,elijah moore,24,CLE,WR,17,13,102,61,538,25,405,6.6,133,2.2,9.3,1.0,61.0,5,4.9,44.5,634,16.09,998.0,16.4,65.0,36.0,0.6,6.0,4.0,57.1%,22.0,0.0,24.1%,1.0,2.0,50.0%,3.0,0.0,22.2%,554.0,120.9,7.1,1.0,9.7,0.1,0.18,-2.6,-0.08,4491,22.22,0.4,-5.9
56,george pickens,23,PIT,WR,14,12,103,59,900,37,685,11.6,215,3.6,13.3,4.0,14.8,6,5.8,87.8,460,22.39,1370.0,23.2,66.0,98.0,1.7,16.0,7.0,43.8%,72.0,3.0,50.0%,0.0,7.0,0.0%,0.0,0.0,41.2%,395.0,164.4,11.7,3.0,14.2,0.2,0.55,-2.5,-0.35,3111,44.04,0.64,-1.3
57,xavier worthy,21,KAN,WR,17,13,98,59,638,36,231,3.9,407,6.9,9.2,0.0,,7,7.1,91.3,572,17.13,904.0,15.3,66.0,92.0,1.6,17.0,11.0,61.1%,77.0,4.0,36.7%,4.0,7.0,57.1%,34.0,4.0,31.8%,458.0,187.2,11.0,6.0,10.8,0.5,0.34,0.2,0.16,2706,33.41,0.49,-2.0
58,jaylen waddle,26,MIA,WR,15,15,83,58,744,38,508,8.8,236,4.1,10.0,0.0,,8,9.6,90.6,568,14.61,828.0,14.3,66.0,47.0,0.8,10.0,6.0,66.7%,50.0,1.0,25.0%,1.0,2.0,50.0%,7.0,1.0,13.3%,429.0,149.6,9.4,2.0,9.7,0.1,0.2,-0.3,-0.1,2790,29.68,0.43,-3.6
59,jameson williams,23,DET,WR,15,11,91,58,1001,41,504,8.7,497,8.6,11.2,2.0,29.0,3,3.3,112.9,522,17.43,1022.0,17.6,61.0,40.0,0.7,10.0,6.0,54.5%,39.0,1.0,21.2%,1.0,3.0,33.3%,3.0,1.0,12.5%,449.0,212.2,14.1,7.0,11.7,0.5,0.35,2.4,0.15,2797,36.54,0.52,1.1
61,deandre hopkins,32,2TM,WR,16,8,80,56,610,35,501,8.9,109,1.9,10.4,3.0,18.7,2,2.5,102.6,481,16.63,846.0,15.1,58.0,39.0,0.7,11.0,5.0,45.5%,29.0,5.0,22.4%,4.0,8.0,50.0%,18.0,4.0,36.4%,328.0,147.0,9.2,5.0,10.4,0.3,0.41,-1.2,-0.11,5041,16.78,0.37,-3.8
61,deandre hopkins,32,TEN,WR,6,3,21,15,173,10,172,11.5,1,0.1,10.2,2.0,7.5,1,4.8,72.2,507,4.14,846.0,15.1,58.0,39.0,0.7,11.0,5.0,45.5%,29.0,5.0,22.4%,4.0,8.0,50.0%,18.0,4.0,36.4%,328.0,147.0,9.2,5.0,10.4,0.3,0.41,-1.2,-0.11,4023,21.03,0.21,-3.8
61,deandre hopkins,32,KAN,WR,10,5,59,41,437,25,329,8.0,108,2.6,10.4,1.0,41.0,1,1.7,113.5,572,10.31,846.0,15.1,58.0,39.0,0.7,11.0,5.0,45.5%,29.0,5.0,22.4%,4.0,8.0,50.0%,18.0,4.0,36.4%,328.0,147.0,9.2,5.0,10.4,0.3,0.41,-1.2,-0.11,2706,31.26,0.37,-3.8
63,quentin johnston,23,LAC,WR,15,11,91,55,711,32,405,7.4,306,5.6,10.8,8.0,6.9,7,7.7,109.7,491,18.53,986.0,17.9,62.0,90.0,1.6,11.0,5.0,55.6%,46.0,4.0,32.1%,2.0,2.0,100.0%,9.0,2.0,15.4%,348.0,174.7,11.6,8.0,10.7,0.5,0.33,0.9,0.17,3626,27.19,0.47,-1.4
64,jayden reed,24,GNB,WR,17,10,75,55,857,29,477,8.7,380,6.9,9.1,3.0,18.3,9,12.0,137.5,464,16.16,680.0,12.4,64.0,84.0,1.5,10.0,9.0,81.8%,68.0,5.0,23.9%,3.0,4.0,75.0%,13.0,2.0,23.5%,353.0,197.0,11.6,6.0,9.0,0.4,0.26,2.6,0.14,3707,18.34,0.37,-1.4
66,rome odunze,22,CHI,WR,17,12,101,54,734,37,481,8.9,253,4.7,13.9,4.0,13.5,6,5.9,82.7,527,19.17,1400.0,25.9,60.0,63.0,1.2,17.0,6.0,35.3%,36.0,3.0,30.9%,2.0,4.0,50.0%,5.0,2.0,21.1%,511.0,144.9,8.5,3.0,11.7,0.2,0.48,-3.2,-0.28,3708,37.76,0.55,-4.5
72,tank dell,25,HOU,WR,14,10,81,51,667,35,503,9.9,164,3.2,12.5,3.0,17.0,6,7.4,85.8,547,14.81,1011.0,19.8,57.0,44.0,0.9,8.0,5.0,55.6%,45.0,2.0,24.3%,2.0,4.0,50.0%,9.0,2.0,21.1%,391.0,140.0,10.0,3.0,11.6,0.2,0.4,-1.6,-0.2,4229,23.91,0.39,-3.0
74,deebo samuel,28,SFO,WR,15,15,81,51,670,28,249,4.9,421,8.3,6.6,8.0,6.4,6,7.4,96.2,513,15.79,533.0,10.3,58.0,210.0,4.0,13.0,10.0,71.4%,50.0,2.0,31.1%,3.0,5.0,60.0%,12.0,1.0,26.3%,374.0,153.6,10.2,3.0,10.7,0.3,0.25,-0.5,0.05,3098,17.2,0.36,-2.8
77,chris godwin,28,TAM,WR,7,7,62,50,576,33,226,4.5,350,7.0,5.7,4.0,12.5,2,3.2,125.5,563,11.01,355.0,7.1,52.0,128.0,2.6,6.0,7.0,100.0%,47.0,3.0,16.7%,5.0,5.0,100.0%,22.0,3.0,19.2%,229.0,137.8,19.7,5.0,15.6,0.7,0.43,4.1,0.27,3428,10.36,0.24,6.7
80,xavier legette,23,CAR,WR,16,13,84,49,497,27,385,7.9,112,2.3,12.3,2.0,24.5,7,8.3,86.3,518,16.22,1046.0,21.3,57.0,43.0,0.9,12.0,5.0,50.0%,21.0,4.0,22.2%,5.0,6.0,83.3%,21.0,4.0,25.0%,383.0,125.1,7.8,4.0,9.6,0.3,0.32,-1.8,-0.02,4054,25.8,0.42,-5.2
81,tyler lockett,32,SEA,WR,17,14,74,49,600,36,466,9.5,134,2.7,10.7,1.0,49.0,4,5.4,77.5,569,13.01,790.0,16.1,53.0,34.0,0.7,9.0,2.0,20.0%,15.0,1.0,29.4%,1.0,6.0,16.7%,9.0,1.0,33.3%,524.0,121.0,7.1,2.0,8.1,0.1,0.29,-1.0,-0.19,3520,22.44,0.35,-5.9
82,jalen tolbert,25,DAL,WR,17,15,79,49,610,29,444,9.1,166,3.4,11.5,0.0,,3,3.8,104.9,622,12.7,905.0,18.5,53.0,37.0,0.8,13.0,8.0,61.5%,58.0,7.0,28.3%,5.0,7.0,71.4%,28.0,5.0,38.9%,501.0,152.0,8.9,7.0,8.6,0.4,0.35,0.3,0.05,4089,22.13,0.35,-4.1
84,adam thielen,34,CAR,WR,10,10,62,48,615,28,463,9.6,152,3.2,11.0,1.0,48.0,2,3.2,107.9,518,11.97,684.0,14.3,50.0,35.0,0.7,7.0,4.0,66.7%,40.0,2.0,13.3%,1.0,2.0,50.0%,8.0,1.0,8.3%,272.0,139.5,14.0,5.0,11.0,0.5,0.4,3.0,0.1,4054,16.87,0.3,1.0
86,stefon diggs,31,HOU,WR,8,8,64,47,496,31,311,6.6,185,3.9,8.7,3.0,15.7,3,4.7,104.7,547,11.7,556.0,11.8,50.0,54.0,1.1,5.0,5.0,100.0%,34.0,3.0,13.5%,4.0,4.0,100.0%,21.0,3.0,21.1%,249.0,121.9,15.2,3.0,13.8,0.5,0.3,1.4,0.2,4229,13.15,0.27,2.2
91,tre tucker,23,LVR,WR,17,14,81,47,539,24,331,7.0,208,4.4,12.7,3.0,15.7,2,2.5,85.4,592,13.68,1025.0,21.8,49.0,57.0,1.2,5.0,5.0,100.0%,54.0,2.0,17.9%,1.0,1.0,100.0%,8.0,1.0,10.0%,601.0,129.3,7.6,3.0,9.2,0.2,0.21,-1.6,-0.01,3751,27.33,0.4,-5.4
92,michael wilson,24,ARI,WR,16,13,71,47,548,27,418,8.9,130,2.8,11.4,1.0,47.0,3,4.2,90.6,523,13.58,811.0,17.3,50.0,49.0,1.0,7.0,6.0,75.0%,45.0,3.0,32.0%,4.0,5.0,80.0%,24.0,2.0,41.7%,460.0,124.5,7.8,4.0,8.4,0.3,0.25,-0.6,0.05,2668,30.4,0.42,-5.2
93,romeo doubs,24,GNB,WR,13,12,72,46,601,33,466,10.1,135,2.9,12.3,4.0,11.5,7,9.7,97.0,464,15.52,886.0,19.3,53.0,46.0,1.0,9.0,8.0,72.7%,82.0,3.0,23.9%,2.0,3.0,66.7%,12.0,1.0,17.6%,315.0,132.1,10.2,4.0,10.0,0.3,0.34,0.2,-0.04,3707,23.9,0.4,-2.8
95,rashod bateman,25,BAL,WR,17,14,72,45,756,35,572,12.7,184,4.1,13.6,0.0,,4,5.6,125.9,457,15.75,979.0,21.8,49.0,35.0,0.8,8.0,6.0,75.0%,71.0,5.0,44.4%,1.0,2.0,50.0%,5.0,1.0,22.2%,387.0,174.6,10.3,9.0,7.2,0.5,0.24,3.1,0.26,3332,29.38,0.44,-2.7
97,olamide zaccheaus,27,WAS,WR,17,6,64,45,506,26,222,4.9,284,6.3,6.3,7.0,6.4,5,7.8,109.2,504,12.7,406.0,9.0,50.0,87.0,1.9,8.0,7.0,87.5%,43.0,2.0,22.2%,2.0,3.0,66.7%,11.0,2.0,16.7%,253.0,112.4,6.6,3.0,6.9,0.2,0.18,-0.3,0.02,3189,12.73,0.28,-6.4
99,amari cooper,30,2TM,WR,14,10,85,44,547,25,436,9.9,111,2.5,12.3,1.0,44.0,12,14.1,77.9,481,17.67,1045.0,23.8,56.0,35.0,0.8,5.0,4.0,80.0%,28.0,2.0,13.2%,2.0,2.0,100.0%,6.0,1.0,12.5%,337.0,122.7,9.4,4.0,11.3,0.3,0.28,-1.9,0.02,5041,20.73,0.41,-3.6
99,amari cooper,30,CLE,WR,6,6,53,24,250,11,193,8.0,57,2.4,12.1,1.0,24.0,10,18.9,64.2,634,8.36,1045.0,23.8,56.0,35.0,0.8,5.0,4.0,80.0%,28.0,2.0,13.2%,2.0,2.0,100.0%,6.0,1.0,12.5%,337.0,122.7,9.4,4.0,11.3,0.3,0.28,-1.9,0.02,4491,23.27,0.29,-3.6
99,amari cooper,30,BUF,WR,8,4,32,20,297,14,243,12.2,54,2.7,12.6,0.0,,2,6.3,100.7,495,6.46,1045.0,23.8,56.0,35.0,0.8,5.0,4.0,80.0%,28.0,2.0,13.2%,2.0,2.0,100.0%,6.0,1.0,12.5%,337.0,122.7,9.4,4.0,11.3,0.3,0.28,-1.9,0.02,3994,26.16,0.28,-3.6
100,kayshon boutte,22,NWE,WR,15,13,68,43,589,25,439,10.2,150,3.5,14.5,1.0,43.0,4,5.9,93.3,500,13.6,987.0,23.0,47.0,43.0,1.0,3.0,2.0,50.0%,12.0,0.0,20.0%,1.0,2.0,50.0%,4.0,0.0,22.2%,410.0,121.9,8.1,3.0,8.8,0.2,0.24,-0.7,-0.04,2508,39.35,0.48,-4.9
102,tutu atwell,25,LAR,WR,17,5,62,42,562,29,436,10.4,126,3.0,11.2,0.0,,3,4.8,82.9,541,11.46,695.0,16.5,45.0,20.0,0.5,3.0,1.0,50.0%,8.0,0.0,4.5%,0.0,1.0,0.0%,0.0,0.0,4.0%,254.0,98.9,5.8,0.0,6.3,0.0,0.09,-0.5,-0.09,3552,19.57,0.31,-7.2
110,devaughn vele,27,DEN,WR,13,7,55,41,475,26,348,8.5,127,3.1,8.4,0.0,,3,5.5,118.4,549,10.02,461.0,11.2,44.0,45.0,1.1,7.0,5.0,83.3%,42.0,2.0,13.6%,2.0,2.0,100.0%,12.0,2.0,11.8%,268.0,106.5,8.2,3.0,7.3,0.2,0.19,0.9,0.01,3912,11.78,0.23,-4.8
115,tyler boyd,30,TEN,WR,16,8,57,39,390,20,201,5.2,189,4.8,7.4,2.0,19.5,3,5.3,65.7,507,11.24,418.0,10.7,42.0,87.0,2.2,7.0,2.0,28.6%,13.0,0.0,26.9%,0.0,3.0,0.0%,0.0,0.0,23.1%,404.0,78.3,5.2,0.0,6.5,0.0,0.2,-1.3,-0.2,4023,10.39,0.24,-7.8
118,marvin mims,22,DEN,WR,17,2,52,39,503,14,26,0.7,477,12.2,7.4,0.0,,3,5.8,127.3,549,9.47,400.0,10.3,42.0,91.0,2.3,5.0,4.0,100.0%,22.0,1.0,9.1%,2.0,2.0,100.0%,5.0,0.0,11.8%,169.0,129.5,7.6,6.0,5.7,0.4,0.15,1.9,0.25,3912,10.22,0.21,-5.4
119,josh palmer,25,LAC,WR,15,7,65,39,584,28,483,12.4,101,2.6,15.2,0.0,,4,6.2,88.2,491,13.24,993.0,25.5,43.0,26.0,0.7,7.0,3.0,42.9%,11.0,0.0,25.0%,1.0,2.0,50.0%,4.0,0.0,15.4%,341.0,107.4,7.2,1.0,8.6,0.1,0.27,-1.4,-0.17,3626,27.39,0.39,-5.8
120,darius slayton,27,NYG,WR,16,13,71,39,573,30,449,11.5,124,3.2,13.1,4.0,9.8,4,5.6,79.1,554,12.82,933.0,23.9,43.0,77.0,2.0,5.0,0.0,0.0%,0.0,0.0,14.3%,0.0,0.0,0%,0.0,0.0,0.0%,494.0,110.0,6.9,2.0,8.8,0.1,0.26,-1.9,-0.16,3532,26.42,0.38,-6.1
121,dontayvion wicks,23,GNB,WR,17,5,76,39,415,25,276,7.1,139,3.6,10.7,3.0,13.0,9,11.8,78.6,464,16.38,811.0,20.8,48.0,50.0,1.3,14.0,10.0,76.9%,84.0,4.0,28.3%,4.0,6.0,66.7%,10.0,2.0,35.3%,254.0,110.5,6.5,5.0,8.3,0.3,0.3,-1.8,0.0,3707,21.88,0.4,-6.5
124,greg dortch,26,ARI,WR,17,4,50,37,342,16,48,1.3,294,7.9,4.1,5.0,7.4,3,6.0,112.2,523,9.56,207.0,5.6,40.0,103.0,2.8,7.0,6.0,100.0%,37.0,1.0,24.0%,1.0,1.0,100.0%,5.0,1.0,8.3%,259.0,90.3,5.3,3.0,4.9,0.2,0.12,0.4,0.08,2668,7.76,0.2,-7.7
126,allen lazard,29,NYJ,WR,12,10,60,37,530,29,375,10.1,155,4.2,11.0,0.0,,6,10.0,109.7,589,10.19,679.0,18.4,43.0,70.0,1.9,12.0,5.0,45.5%,38.0,3.0,18.0%,2.0,3.0,66.7%,13.0,2.0,10.0%,404.0,126.0,10.5,6.0,9.3,0.5,0.28,1.2,0.22,3922,17.31,0.27,-2.5
127,jalen mcmillan,23,TAM,WR,13,12,58,37,461,23,328,8.9,133,3.6,12.2,1.0,37.0,4,6.9,88.4,563,10.3,706.0,19.1,41.0,25.0,0.7,8.0,7.0,87.5%,65.0,4.0,19.0%,4.0,5.0,80.0%,23.0,1.0,19.2%,360.0,135.4,10.4,8.0,8.5,0.6,0.36,1.9,0.24,3428,20.6,0.3,-2.6
128,alec pierce,24,IND,WR,16,13,69,37,824,32,706,19.1,118,3.2,21.5,0.0,,3,4.3,106.2,492,14.02,1484.0,40.1,40.0,28.0,0.8,6.0,4.0,66.7%,30.0,4.0,15.4%,3.0,4.0,75.0%,17.0,3.0,23.5%,422.0,161.4,10.1,7.0,9.2,0.4,0.34,0.9,0.06,4444,33.39,0.44,-2.9
129,calvin austin,25,PIT,WR,17,8,58,36,548,18,396,11.0,152,4.2,12.4,1.0,36.0,3,5.2,116.2,460,12.61,718.0,19.9,39.0,27.0,0.8,4.0,2.0,40.0%,12.0,0.0,15.6%,0.0,2.0,0.0%,0.0,0.0,11.8%,354.0,118.8,7.0,4.0,6.1,0.2,0.16,0.9,0.04,3111,23.08,0.35,-6.0
131,andrei iosivas,25,CIN,WR,17,8,61,36,479,26,412,11.4,67,1.9,11.2,0.0,,5,8.2,109.9,628,9.71,682.0,18.9,41.0,18.0,0.5,10.0,6.0,66.7%,28.0,6.0,12.0%,6.0,9.0,66.7%,28.0,6.0,20.0%,547.0,119.9,7.1,6.0,7.4,0.4,0.32,-0.3,0.08,3630,18.79,0.28,-5.9
136,noah brown,28,WAS,WR,11,9,56,35,453,21,370,10.6,83,2.4,11.4,0.0,,4,7.1,86.4,504,11.11,658.0,18.8,39.0,36.0,1.0,3.0,3.0,75.0%,14.0,0.0,11.1%,1.0,2.0,50.0%,8.0,0.0,11.1%,239.0,86.3,7.8,1.0,9.3,0.1,0.15,-1.5,-0.05,3189,20.63,0.31,-5.2
140,tim patrick,31,DET,WR,16,9,44,33,394,20,253,7.7,141,4.3,10.0,2.0,16.5,1,2.3,105.7,522,8.43,439.0,13.3,34.0,55.0,1.7,8.0,6.0,75.0%,37.0,3.0,15.4%,4.0,5.0,80.0%,16.0,2.0,20.8%,319.0,92.4,5.8,3.0,5.7,0.2,0.23,0.1,-0.03,2797,15.7,0.24,-7.2
143,diontae johnson,28,3TM,WR,12,8,67,33,375,21,284,8.6,91,2.8,10.9,1.0,33.0,3,4.5,50.3,67,100.0,729.0,22.1,36.0,25.0,0.8,11.0,3.0,27.3%,18.0,2.0,24.4%,2.0,8.0,25.0%,15.0,2.0,33.3%,230.0,89.1,8.1,3.0,10.9,0.3,0.51,-2.8,-0.21,729,100.0,2.2,-4.9
143,diontae johnson,28,CAR,WR,7,7,58,30,357,20,271,9.0,86,2.9,9.8,1.0,30.0,2,3.4,52.2,518,11.2,729.0,22.1,36.0,25.0,0.8,11.0,3.0,27.3%,18.0,2.0,24.4%,2.0,8.0,25.0%,15.0,2.0,33.3%,230.0,89.1,8.1,3.0,10.9,0.3,0.51,-2.8,-0.21,4054,17.98,0.29,-4.9
143,diontae johnson,28,BAL,WR,4,1,5,1,6,0,5,5.0,1,1.0,24.2,0.0,,1,20.0,39.6,457,1.09,729.0,22.1,36.0,25.0,0.8,11.0,3.0,27.3%,18.0,2.0,24.4%,2.0,8.0,25.0%,15.0,2.0,33.3%,230.0,89.1,8.1,3.0,10.9,0.3,0.51,-2.8,-0.21,3332,21.88,0.17,-4.9
143,diontae johnson,28,HOU,WR,1,0,4,2,12,1,8,4.0,4,2.0,9.5,0.0,,0,0.0,56.2,547,0.73,729.0,22.1,36.0,25.0,0.8,11.0,3.0,27.3%,18.0,2.0,24.4%,2.0,8.0,25.0%,15.0,2.0,33.3%,230.0,89.1,8.1,3.0,10.9,0.3,0.51,-2.8,-0.21,4229,17.24,0.13,-4.9
144,jalen coker,23,CAR,WR,11,4,46,32,478,23,307,9.6,171,5.3,11.3,2.0,16.0,0,0.0,108.8,518,8.88,519.0,16.2,32.0,35.0,1.1,7.0,2.0,33.3%,23.0,1.0,13.3%,0.0,3.0,0.0%,0.0,0.0,12.5%,248.0,92.6,8.4,2.0,8.3,0.2,0.25,0.1,-0.05,4054,12.8,0.22,-4.6
147,david moore,29,CAR,WR,17,5,57,32,351,18,291,9.1,60,1.9,10.8,1.0,32.0,4,7.0,92.1,518,11.0,615.0,19.2,36.0,31.0,1.0,11.0,5.0,50.0%,47.0,2.0,22.2%,1.0,3.0,33.3%,1.0,1.0,12.5%,305.0,85.1,5.0,3.0,6.4,0.2,0.26,-1.4,-0.06,4054,15.17,0.27,-8.0
149,chris olave,24,NOR,WR,8,8,44,32,400,22,279,8.7,121,3.8,10.3,1.0,32.0,2,4.5,89.2,517,8.51,455.0,14.2,34.0,31.0,1.0,5.0,4.0,66.7%,55.0,1.0,37.5%,0.0,1.0,0.0%,0.0,0.0,14.3%,173.0,76.7,9.6,1.0,10.3,0.1,0.28,-0.7,-0.18,3170,14.35,0.23,-3.4
150,sterling shepard,31,TAM,WR,14,5,51,32,334,16,235,7.3,99,3.1,9.3,1.0,32.0,4,7.8,88.2,563,9.06,473.0,14.8,36.0,23.0,0.7,5.0,3.0,50.0%,29.0,1.0,14.3%,1.0,4.0,25.0%,4.0,1.0,15.4%,319.0,80.3,5.7,1.0,6.3,0.1,0.16,-0.6,-0.06,3428,13.8,0.23,-7.3
151,parker washington,22,JAX,WR,17,7,51,32,390,19,282,8.8,108,3.4,11.2,2.0,16.0,1,2.0,97.7,522,9.77,572.0,17.9,33.0,62.0,1.9,6.0,2.0,33.3%,7.0,1.0,15.0%,1.0,2.0,50.0%,2.0,1.0,10.0%,336.0,97.0,5.7,3.0,5.6,0.2,0.17,0.1,0.03,3784,15.12,0.25,-7.3
152,nick westbrook-ikhine,27,TEN,WR,17,9,60,32,497,25,373,11.7,124,3.9,11.5,2.0,16.0,4,6.7,99.8,507,11.83,689.0,21.5,36.0,29.0,0.9,9.0,7.0,70.0%,51.0,6.0,38.5%,5.0,7.0,71.4%,30.0,5.0,53.8%,408.0,135.7,9.7,9.0,6.4,0.5,0.26,3.3,0.24,4023,17.13,0.3,-3.3
153,mack hollins,31,BUF,WR,17,13,50,31,378,25,288,9.3,90,2.9,11.1,0.0,,3,6.0,118.6,495,10.1,555.0,17.9,34.0,15.0,0.5,7.0,4.0,66.7%,27.0,4.0,15.8%,3.0,5.0,60.0%,16.0,3.0,31.3%,317.0,98.8,5.8,5.0,5.8,0.3,0.22,0.0,0.08,3994,13.9,0.25,-7.2
154,liljordan humphrey,26,DEN,WR,17,7,45,31,293,12,101,3.3,192,6.2,6.5,3.0,10.3,3,6.7,75.5,549,8.2,293.0,9.5,34.0,60.0,1.9,5.0,2.0,33.3%,15.0,0.0,13.6%,1.0,4.0,25.0%,6.0,0.0,23.5%,252.0,64.3,4.6,1.0,4.5,0.1,0.1,0.1,0.0,3912,7.49,0.18,-8.4
155,ricky pearsall,24,SFO,WR,11,4,46,31,400,19,286,9.2,114,3.7,11.4,1.0,31.0,0,0.0,89.0,513,8.97,525.0,16.9,31.0,27.0,0.9,7.0,5.0,83.3%,25.0,1.0,13.3%,1.0,2.0,50.0%,3.0,1.0,10.5%,259.0,93.5,8.5,3.0,7.7,0.3,0.18,0.8,0.12,3098,16.95,0.25,-4.5
156,demarcus robinson,30,LAR,WR,17,17,64,31,505,27,434,14.0,71,2.3,14.2,1.0,31.0,1,1.6,85.7,541,11.83,911.0,29.4,32.0,20.0,0.6,11.0,5.0,50.0%,17.0,5.0,22.7%,5.0,8.0,62.5%,17.0,5.0,32.0%,496.0,123.5,7.3,7.0,8.3,0.4,0.46,-1.0,-0.06,3552,25.65,0.36,-5.7
157,curtis samuel,28,BUF,WR,14,2,46,31,253,9,93,3.0,160,5.2,4.6,1.0,31.0,1,2.2,79.3,495,9.29,212.0,6.8,32.0,33.0,1.1,6.0,3.0,50.0%,28.0,1.0,15.8%,1.0,2.0,50.0%,1.0,0.0,12.5%,198.0,63.7,4.6,1.0,5.8,0.1,0.15,-1.2,-0.05,3994,5.31,0.18,-8.4
158,kavontae turpin,28,DAL,WR,17,2,52,31,420,18,160,5.2,260,8.4,8.5,2.0,15.5,2,3.8,82.2,622,8.36,444.0,14.3,33.0,64.0,2.1,7.0,3.0,42.9%,31.0,1.0,15.2%,0.0,2.0,0.0%,0.0,0.0,11.1%,193.0,104.2,6.1,2.0,5.5,0.1,0.15,0.6,-0.05,4089,10.86,0.2,-6.9
160,dyami brown,25,WAS,WR,16,3,40,30,308,13,90,3.0,218,7.3,7.1,4.0,7.5,2,5.0,105.0,504,7.94,282.0,9.4,32.0,81.0,2.7,4.0,1.0,25.0%,11.0,0.0,11.1%,0.0,2.0,0.0%,0.0,0.0,11.1%,222.0,67.4,4.5,1.0,4.9,0.1,0.15,-0.4,-0.05,3189,8.84,0.18,-8.5
163,keon coleman,21,BUF,WR,13,12,57,29,556,22,341,11.8,215,7.4,15.2,4.0,7.3,4,7.0,93.9,495,11.52,869.0,30.0,33.0,129.0,4.4,8.0,4.0,36.4%,29.0,2.0,28.9%,1.0,5.0,20.0%,2.0,1.0,31.3%,287.0,111.5,8.6,4.0,9.6,0.3,0.46,-1.0,-0.16,3994,21.76,0.33,-4.4
165,cedric tillman,24,CLE,WR,11,6,49,29,339,15,235,8.1,104,3.6,11.1,4.0,7.3,3,6.1,83.6,634,7.73,546.0,18.8,32.0,39.0,1.3,5.0,2.0,40.0%,17.0,1.0,17.2%,1.0,2.0,50.0%,0.0,0.0,22.2%,260.0,80.4,7.3,3.0,7.5,0.3,0.25,-0.2,0.05,4491,12.16,0.2,-5.7
166,christian watson,25,GNB,WR,15,15,53,29,620,21,471,16.2,149,5.1,17.8,0.0,,2,3.8,93.3,464,11.42,943.0,32.5,31.0,19.0,0.7,8.0,2.0,25.0%,11.0,1.0,17.4%,1.0,2.0,50.0%,2.0,1.0,11.8%,232.0,105.3,7.0,2.0,7.4,0.1,0.3,-0.4,-0.2,3707,25.44,0.35,-6.0
167,kendrick bourne,29,NWE,WR,12,9,38,28,305,13,211,7.5,94,3.4,9.3,0.0,,4,10.5,105.7,500,7.6,353.0,12.6,32.0,41.0,1.5,2.0,1.0,50.0%,9.0,1.0,10.0%,1.0,2.0,50.0%,9.0,1.0,22.2%,255.0,65.1,5.4,1.0,6.3,0.1,0.18,-0.9,-0.08,2508,14.07,0.21,-7.6
168,troy franklin,21,DEN,WR,16,6,53,28,263,11,100,3.6,163,5.8,13.0,1.0,28.0,3,5.7,71.5,549,9.65,690.0,24.6,31.0,33.0,1.2,5.0,4.0,57.1%,23.0,2.0,15.9%,2.0,2.0,100.0%,9.0,2.0,11.8%,236.0,67.1,4.2,2.0,5.9,0.1,0.2,-1.7,-0.1,3912,17.64,0.27,-8.8
169,jalen nailor,25,MIN,WR,17,7,42,28,414,22,308,11.0,106,3.8,11.5,0.0,,4,9.5,138.3,517,8.12,483.0,17.3,32.0,32.0,1.1,7.0,4.0,57.1%,26.0,4.0,14.6%,4.0,5.0,80.0%,26.0,4.0,21.7%,357.0,103.0,6.1,6.0,5.1,0.4,0.25,1.0,0.15,3612,13.37,0.22,-6.9
172,christian kirk,28,JAX,WR,8,7,47,27,379,18,266,9.9,113,4.2,13.7,1.0,27.0,1,2.1,72.9,522,9.0,644.0,23.9,28.0,37.0,1.4,5.0,2.0,40.0%,18.0,1.0,12.5%,1.0,3.0,33.3%,8.0,1.0,15.0%,203.0,70.9,8.9,1.0,11.8,0.1,0.39,-2.9,-0.29,3784,17.02,0.25,-4.1
174,brandin cooks,31,DAL,WR,10,9,54,26,259,19,204,7.8,55,2.1,11.7,0.0,,1,1.9,65.3,622,8.68,634.0,24.4,27.0,11.0,0.4,8.0,2.0,50.0%,5.0,2.0,8.7%,2.0,3.0,66.7%,5.0,2.0,16.7%,267.0,69.6,7.0,3.0,10.4,0.3,0.43,-3.4,-0.13,4089,15.51,0.24,-6.0
175,tyler johnson,26,LAR,WR,15,2,41,26,291,10,108,4.2,183,7.0,5.6,0.0,,1,2.4,72.3,541,7.58,229.0,8.8,27.0,139.0,5.3,10.0,2.0,25.0%,19.0,0.0,18.2%,1.0,4.0,25.0%,6.0,0.0,16.0%,196.0,61.1,5.6,1.0,4.7,0.1,0.17,0.9,-0.07,3552,6.45,0.16,-7.4
176,malik washington,23,MIA,WR,14,3,36,26,223,13,100,3.8,123,4.7,5.4,1.0,26.0,2,5.6,88.1,568,6.34,210.0,8.1,28.0,33.0,1.3,2.0,2.0,100.0%,4.0,0.0,5.6%,1.0,1.0,100.0%,4.0,0.0,6.7%,214.0,54.8,3.9,0.0,4.4,0.1,0.07,-0.5,0.03,2790,7.53,0.15,-9.1
177,brandon aiyuk,26,SFO,WR,7,7,47,25,374,19,267,10.7,107,4.3,11.9,2.0,12.5,4,8.5,61.8,513,9.16,572.0,22.0,30.0,57.0,2.2,6.0,3.0,50.0%,34.0,0.0,13.3%,1.0,2.0,50.0%,9.0,0.0,10.5%,187.0,62.4,8.9,0.0,12.1,0.0,0.29,-3.2,-0.29,3098,18.46,0.27,-4.1
179,van jefferson,28,PIT,WR,17,12,40,24,276,12,198,8.3,78,3.3,11.6,0.0,,0,0.0,97.5,460,8.7,465.0,19.4,24.0,22.0,0.9,8.0,5.0,62.5%,27.0,2.0,25.0%,4.0,7.0,57.1%,15.0,2.0,41.2%,342.0,63.6,4.2,2.0,4.5,0.1,0.17,-0.3,-0.07,3111,14.95,0.24,-8.8
181,john metchie,24,HOU,WR,13,3,37,24,254,11,185,7.7,69,2.9,9.0,0.0,,0,0.0,82.5,547,6.76,333.0,13.9,24.0,11.0,0.5,7.0,5.0,62.5%,29.0,1.0,21.6%,0.0,3.0,0.0%,0.0,0.0,15.8%,224.0,55.4,4.3,1.0,5.0,0.1,0.18,-0.7,-0.08,4229,7.87,0.16,-8.7
182,rashee rice,24,KAN,WR,4,4,29,24,288,15,102,4.3,186,7.8,5.2,4.0,6.0,1,3.4,116.7,572,5.07,156.0,6.5,25.0,63.0,2.6,2.0,2.0,100.0%,10.0,1.0,4.1%,1.0,1.0,100.0%,-3.0,0.0,4.5%,,64.9,16.2,2.0,9.8,0.4,0.09,6.4,0.31,2706,5.76,0.12,3.2
187,adonai mitchell,22,IND,WR,17,7,55,23,312,16,211,9.2,101,4.4,14.1,0.0,,4,7.3,60.6,492,11.18,773.0,33.6,27.0,39.0,1.7,5.0,0.0,0.0%,0.0,0.0,17.9%,0.0,2.0,0.0%,0.0,0.0,11.8%,193.0,53.8,3.2,0.0,6.8,0.0,0.27,-3.6,-0.27,4444,17.39,0.29,-9.8
192,justin watson,28,KAN,WR,17,7,32,22,289,13,221,10.0,68,3.1,15.1,0.0,,2,6.3,117.8,572,5.59,482.0,21.9,24.0,7.0,0.3,3.0,4.0,100.0%,29.0,2.0,8.2%,1.0,1.0,100.0%,6.0,1.0,4.5%,333.0,62.9,3.9,2.0,3.4,0.1,0.11,0.5,-0.01,2706,17.81,0.21,-9.1
193,jordan whittington,24,LAR,WR,15,3,28,22,293,14,90,4.1,203,9.2,3.8,1.0,22.0,0,0.0,110.3,541,5.18,107.0,4.9,22.0,27.0,1.2,2.0,0.0,0.0%,0.0,0.0,2.3%,0.0,1.0,0.0%,0.0,0.0,4.0%,119.0,52.5,3.5,0.0,3.5,0.0,0.09,0.0,-0.09,3552,3.01,0.1,-9.5
196,mike williams,30,2TM,WR,18,5,34,21,298,14,263,12.5,35,1.7,15.2,0.0,,2,5.9,75.4,481,7.07,518.0,24.7,23.0,15.0,0.7,2.0,0.0,0.0%,0.0,0.0,6.3%,0.0,1.0,0.0%,0.0,0.0,5.9%,322.0,56.8,4.1,1.0,4.2,0.1,0.14,-0.1,-0.04,5041,10.28,0.18,-8.9
196,mike williams,30,NYJ,WR,9,3,21,12,166,9,142,11.8,24,2.0,14.5,0.0,,2,9.5,43.1,589,3.57,518.0,24.7,23.0,15.0,0.7,2.0,0.0,0.0%,0.0,0.0,6.3%,0.0,1.0,0.0%,0.0,0.0,5.9%,322.0,56.8,4.1,1.0,4.2,0.1,0.14,-0.1,-0.04,3922,13.21,0.15,-8.9
196,mike williams,30,PIT,WR,9,2,13,9,132,5,121,13.4,11,1.2,16.5,0.0,,0,0.0,127.7,460,2.83,518.0,24.7,23.0,15.0,0.7,2.0,0.0,0.0%,0.0,0.0,6.3%,0.0,1.0,0.0%,0.0,0.0,5.9%,322.0,56.8,4.1,1.0,4.2,0.1,0.14,-0.1,-0.04,3111,16.65,0.16,-8.9
198,gabriel davis,25,JAX,WR,10,9,42,20,239,13,200,10.0,39,2.0,13.2,0.0,,0,0.0,61.5,522,8.05,562.0,28.1,20.0,15.0,0.8,9.0,5.0,45.5%,66.0,2.0,27.5%,1.0,5.0,20.0%,5.0,1.0,25.0%,222.0,53.9,5.4,2.0,8.4,0.2,0.4,-3.0,-0.2,3784,14.85,0.22,-7.6
202,rashid shaheed,26,NOR,WR,6,5,41,20,349,12,243,12.2,106,5.3,17.6,0.0,,0,0.0,63.0,517,7.93,722.0,34.4,21.0,7.0,0.3,2.0,2.0,50.0%,5.0,0.0,25.0%,0.0,2.0,0.0%,0.0,0.0,28.6%,155.0,79.8,13.3,3.0,13.2,0.5,0.43,0.1,0.07,3170,22.78,0.28,0.3
203,cedrick wilson,29,NOR,WR,15,4,27,20,211,8,122,6.1,89,4.5,7.3,1.0,20.0,3,11.1,93.3,517,5.22,197.0,9.9,23.0,28.0,1.4,1.0,1.0,100.0%,12.0,1.0,6.3%,,,,,,,184.0,49.9,3.3,1.0,3.3,0.1,0.0,0.0,0.1,3170,6.21,0.12,-9.7
204,robert woods,32,HOU,WR,15,4,30,20,203,12,130,6.5,73,3.7,9.6,0.0,,1,3.3,85.8,547,5.48,287.0,14.4,21.0,8.0,0.4,3.0,1.0,50.0%,4.0,0.0,5.4%,,,,,,,173.0,38.3,2.7,0.0,3.6,0.0,0.11,-0.9,-0.11,4229,6.79,0.13,-10.3
206,jahan dotson,24,PHI,WR,17,6,33,19,216,12,144,7.6,72,3.8,9.9,0.0,,0,0.0,77.3,418,7.89,327.0,17.2,19.0,14.0,0.7,1.0,0.0,0.0%,0.0,0.0,3.3%,,,,,,,353.0,41.9,2.5,0.0,3.0,0.0,0.04,-0.5,-0.04,2519,12.98,0.21,-10.5
215,marquez valdes-scantling,30,2TM,WR,14,8,44,19,411,14,268,14.1,143,7.5,17.4,1.0,19.0,2,4.5,97.8,481,9.15,765.0,40.3,21.0,26.0,1.4,2.0,1.0,50.0%,2.0,1.0,12.5%,1.0,2.0,50.0%,2.0,1.0,28.6%,263.0,84.5,6.5,4.0,6.2,0.3,0.2,0.3,0.1,5041,15.18,0.24,-6.5
215,marquez valdes-scantling,30,BUF,WR,6,0,9,2,26,1,20,10.0,6,3.0,15.7,0.0,,0,0.0,39.6,495,1.82,765.0,40.3,21.0,26.0,1.4,2.0,1.0,50.0%,2.0,1.0,12.5%,1.0,2.0,50.0%,2.0,1.0,28.6%,263.0,84.5,6.5,4.0,6.2,0.3,0.2,0.3,0.1,3994,19.15,0.16,-6.5
215,marquez valdes-scantling,30,NOR,WR,8,8,35,17,385,13,248,14.6,137,8.1,17.8,1.0,17.0,2,5.7,114.6,517,6.77,765.0,40.3,21.0,26.0,1.4,2.0,1.0,50.0%,2.0,1.0,12.5%,1.0,2.0,50.0%,2.0,1.0,28.6%,263.0,84.5,6.5,4.0,6.2,0.3,0.2,0.3,0.1,3170,24.13,0.27,-6.5
217,luke mccaffrey,23,WAS,WR,17,4,24,18,168,8,71,3.9,97,5.4,7.1,1.0,18.0,1,4.2,59.0,504,4.76,170.0,9.4,19.0,24.0,1.3,3.0,2.0,66.7%,15.0,0.0,8.3%,1.0,2.0,50.0%,5.0,0.0,11.1%,205.0,34.8,2.0,0.0,2.5,0.0,0.1,-0.5,-0.1,3189,5.33,0.11,-11.0
219,juju smith-schuster,28,KAN,WR,14,8,26,18,231,11,76,4.2,155,8.6,5.6,4.0,4.5,2,7.7,106.4,572,4.55,145.0,8.1,20.0,26.0,1.4,6.0,4.0,66.7%,34.0,2.0,12.2%,1.0,2.0,50.0%,7.0,1.0,9.1%,209.0,53.1,3.8,2.0,3.7,0.1,0.1,0.1,0.0,2706,5.36,0.11,-9.2
222,kalif raymond,30,DET,WR,12,2,22,17,215,10,78,4.6,137,8.1,8.0,0.0,,0,0.0,137.5,522,4.21,176.0,10.4,17.0,10.0,0.6,1.0,2.0,100.0%,8.0,1.0,3.8%,1.0,1.0,100.0%,7.0,1.0,4.2%,122.0,56.5,4.7,2.0,3.2,0.2,0.04,1.5,0.16,2797,6.29,0.11,-8.3
224,jonathan mingo,23,2TM,WR,17,6,42,17,167,6,100,5.9,67,3.9,10.5,1.0,17.0,2,4.8,42.5,481,8.73,439.0,25.8,19.0,14.0,0.8,1.0,0.0,0.0%,0.0,0.0,2.2%,0.0,1.0,0.0%,0.0,0.0,4.2%,245.0,32.2,2.0,0.0,4.4,0.0,0.09,-2.4,-0.09,5041,8.71,0.19,-11.0
224,jonathan mingo,23,CAR,WR,9,5,26,12,121,4,57,4.8,64,5.3,8.7,1.0,12.0,2,7.7,43.9,518,5.02,439.0,25.8,19.0,14.0,0.8,1.0,0.0,0.0%,0.0,0.0,2.2%,0.0,1.0,0.0%,0.0,0.0,4.2%,245.0,32.2,2.0,0.0,4.4,0.0,0.09,-2.4,-0.09,4054,10.83,0.15,-11.0
224,jonathan mingo,23,DAL,WR,8,1,16,5,46,2,43,8.6,3,0.6,13.3,0.0,,0,0.0,40.6,622,2.57,439.0,25.8,19.0,14.0,0.8,1.0,0.0,0.0%,0.0,0.0,2.2%,0.0,1.0,0.0%,0.0,0.0,4.2%,245.0,32.2,2.0,0.0,4.4,0.0,0.09,-2.4,-0.09,4089,10.74,0.11,-11.0
230,dj turner,27,LVR,WR,12,6,29,16,158,9,75,4.7,83,5.2,8.8,2.0,8.0,1,3.4,53.5,592,4.9,255.0,15.9,17.0,23.0,1.4,2.0,1.0,25.0%,11.0,1.0,14.3%,,,,,,,223.0,47.1,3.6,1.0,4.1,0.2,0.09,-0.5,0.11,3751,6.8,0.12,-9.4
235,nelson agholor,31,BAL,WR,14,7,29,14,231,10,146,10.4,85,6.1,13.4,1.0,14.0,4,13.8,98.5,457,6.35,389.0,27.8,18.0,61.0,4.4,2.0,2.0,100.0%,17.0,2.0,11.1%,1.0,1.0,100.0%,6.0,1.0,11.1%,189.0,49.1,3.8,2.0,3.6,0.1,0.1,0.2,0.0,3332,11.67,0.18,-9.2
239,mason tipton,24,NOR,WR,11,1,26,14,99,2,72,5.1,27,1.9,12.4,1.0,14.0,1,3.8,62.8,517,5.03,323.0,23.1,15.0,7.0,0.5,1.0,1.0,100.0%,6.0,0.0,6.3%,,,,,,,219.0,23.9,2.2,0.0,4.1,0.0,0.05,-1.9,-0.05,3170,10.19,0.15,-10.8
242,jake bobo,26,SEA,WR,17,3,17,13,107,8,80,6.2,27,2.1,8.1,0.0,,1,5.9,111.6,569,2.99,138.0,10.6,14.0,4.0,0.3,2.0,1.0,100.0%,10.0,0.0,2.9%,0.0,0.0,0%,0.0,0.0,0.0%,141.0,29.7,1.7,1.0,1.7,0.1,0.05,0.0,0.05,3520,3.92,0.07,-11.3
243,derius davis,24,LAC,WR,15,2,17,13,112,5,-7,-0.5,119,9.2,3.8,1.0,13.0,0,0.0,132.5,491,3.46,65.0,5.0,13.0,19.0,1.5,2.0,2.0,100.0%,27.0,1.0,7.1%,,,,,,,,40.1,2.7,2.0,2.6,0.2,0.09,0.1,0.11,3626,1.79,0.06,-10.3
246,josh reynolds,29,2TM,WR,9,2,24,13,194,8,159,12.2,35,2.7,11.0,0.0,,0,0.0,94.8,481,4.99,265.0,20.4,13.0,19.0,1.5,3.0,2.0,100.0%,14.0,1.0,5.0%,1.0,1.0,100.0%,9.0,1.0,5.0%,192.0,38.4,4.8,1.0,4.6,0.1,0.13,0.2,-0.03,5041,5.26,0.11,-8.2
246,josh reynolds,29,DEN,WR,5,1,19,12,183,8,148,12.3,35,2.9,11.4,0.0,,0,0.0,112.4,549,3.46,265.0,20.4,13.0,19.0,1.5,3.0,2.0,100.0%,14.0,1.0,5.0%,1.0,1.0,100.0%,9.0,1.0,5.0%,192.0,38.4,4.8,1.0,4.6,0.1,0.13,0.2,-0.03,3912,6.77,0.1,-8.2
246,josh reynolds,29,JAX,WR,4,1,5,1,11,0,11,11.0,0,0.0,0.0,39.6,,ReynJo00,,,522,0.96,265.0,20.4,13.0,19.0,1.5,3.0,2.0,100.0%,14.0,1.0,5.0%,1.0,1.0,100.0%,9.0,1.0,5.0%,192.0,38.4,4.8,1.0,4.6,0.1,0.13,0.2,-0.03,3784,7.0,0.06,-8.2
248,jalen brooks,24,DAL,WR,14,1,30,12,177,8,140,11.7,37,3.1,13.5,1.0,12.0,1,3.3,43.3,622,4.82,404.0,33.7,13.0,15.0,1.3,4.0,1.0,25.0%,17.0,1.0,8.7%,0.0,3.0,0.0%,0.0,0.0,16.7%,205.0,35.7,2.6,1.0,4.0,0.1,0.14,-1.4,-0.04,4089,9.88,0.14,-10.4
251,mecole hardman,26,KAN,WR,12,0,14,12,90,6,-9,-0.8,99,8.3,-1.0,0.0,,0,0.0,93.5,572,2.45,-14.0,-1.2,12.0,13.0,1.1,5.0,4.0,80.0%,11.0,0.0,10.2%,1.0,2.0,50.0%,-2.0,0.0,9.1%,,33.2,2.8,0.0,2.4,0.1,0.11,0.4,-0.01,2706,-0.52,0.03,-10.2
253,xavier hutchinson,24,HOU,WR,16,3,26,12,117,6,80,6.7,37,3.1,9.7,0.0,,2,7.7,43.3,547,4.75,251.0,20.9,14.0,16.0,1.3,2.0,0.0,0.0%,0.0,0.0,2.7%,,,,,,,243.0,23.7,1.5,0.0,3.2,0.0,0.11,-1.7,-0.11,4229,5.94,0.11,-11.5
256,ryan miller,24,TAM,WR,11,3,20,12,128,7,73,6.1,55,4.6,8.8,0.0,,2,10.0,91.2,563,3.55,175.0,14.6,14.0,7.0,0.6,3.0,2.0,66.7%,14.0,2.0,7.1%,1.0,1.0,100.0%,1.0,1.0,3.8%,130.0,36.8,3.3,2.0,3.4,0.2,0.14,-0.1,0.06,3428,5.11,0.09,-9.7
259,trey palmer,23,TAM,WR,15,3,22,12,172,7,130,10.8,42,3.5,14.5,0.0,,1,4.5,95.3,563,3.91,318.0,26.5,13.0,8.0,0.7,1.0,2.0,100.0%,34.0,1.0,4.8%,,,,,,,162.0,35.2,2.3,1.0,2.8,0.1,0.08,-0.5,0.02,3428,9.28,0.12,-10.7
261,dante pettis,29,NOR,WR,8,0,28,12,120,8,84,7.0,36,3.0,10.1,2.0,6.0,1,3.6,67.6,517,5.42,282.0,23.5,13.0,12.0,1.0,3.0,0.0,0.0%,0.0,0.0,6.3%,0.0,1.0,0.0%,0.0,0.0,14.3%,,32.0,4.0,1.0,5.0,0.1,0.17,-1.0,-0.07,3170,8.9,0.14,-9.0
262,jalynn polk,22,NWE,WR,15,7,33,12,87,4,74,6.2,13,1.1,11.5,0.0,,4,12.1,52.5,500,6.6,378.0,31.5,16.0,4.0,0.3,4.0,2.0,50.0%,7.0,2.0,20.0%,2.0,2.0,100.0%,7.0,2.0,22.2%,227.0,32.7,2.2,2.0,4.0,0.1,0.13,-1.8,-0.03,2508,15.07,0.2,-10.8
263,kevin austin,24,NOR,WR,8,2,22,11,151,10,114,10.4,37,3.4,11.6,0.0,,2,9.1,53.4,517,4.26,256.0,23.3,13.0,12.0,1.1,0.0,,,,,,,,,,,,181.0,27.0,3.4,0.0,5.7,0.0,0.11,-2.3,-0.11,3170,8.08,0.12,-9.6
267,devin duvernay,27,JAX,WR,13,1,16,11,79,7,16,1.5,63,5.7,11.4,0.0,,1,6.3,53.9,522,3.07,183.0,16.6,12.0,13.0,1.2,2.0,2.0,100.0%,7.0,0.0,5.0%,,,,,,,115.0,19.2,1.5,0.0,2.4,0.0,0.06,-0.9,-0.06,3784,4.84,0.08,-11.5
272,tylan wallace,25,BAL,WR,17,0,12,11,193,5,65,5.9,128,11.6,6.1,1.0,11.0,1,8.3,146.5,457,2.63,73.0,6.6,12.0,90.0,8.2,0.0,1.0,100.0%,2.0,0.0,5.6%,,,,,,,,36.3,2.1,1.0,,,,,,3332,2.19,0.05,-10.9
275,ryan flournoy,25,DAL,WR,11,1,14,10,102,5,68,6.8,34,3.4,8.2,0.0,,1,7.1,92.0,622,2.25,115.0,11.5,11.0,8.0,0.8,0.0,,,,,,,,,,,,,18.2,1.7,0.0,2.3,0.0,0.02,-0.6,-0.02,4089,2.81,0.05,-11.3
278,malik heath,24,GNB,WR,13,1,13,10,97,5,74,7.4,23,2.3,6.5,0.0,,0,0.0,136.9,464,2.8,84.0,8.4,10.0,7.0,0.7,2.0,2.0,100.0%,6.0,2.0,4.3%,2.0,2.0,100.0%,6.0,2.0,11.8%,,31.7,2.6,2.0,2.1,0.2,0.09,0.5,0.11,3707,2.27,0.06,-10.4
280,odell beckham,32,MIA,WR,9,0,18,9,55,3,41,4.6,14,1.6,7.6,0.0,,1,5.6,33.3,568,3.17,164.0,18.2,10.0,3.0,0.3,4.0,1.0,25.0%,5.0,0.0,11.1%,0.0,2.0,0.0%,0.0,0.0,13.3%,101.0,14.5,1.8,0.0,3.8,0.0,0.15,-2.0,-0.15,2790,5.88,0.09,-11.2
281,marquise brown,27,KAN,WR,2,1,15,9,91,5,45,5.0,46,5.1,8.2,0.0,,0,0.0,77.4,572,2.62,123.0,13.7,9.0,3.0,0.3,2.0,1.0,50.0%,3.0,0.0,4.1%,,,,,,,,18.1,9.1,0.0,,,,,,2706,4.55,0.07,-3.9
283,deandre carter,31,CHI,WR,13,0,14,9,72,3,40,4.4,32,3.6,11.1,2.0,4.5,0,0.0,47.3,527,2.66,155.0,17.2,9.0,22.0,2.4,3.0,2.0,66.7%,16.0,0.0,5.5%,1.0,1.0,100.0%,7.0,0.0,5.3%,,14.2,1.1,0.0,3.5,0.0,0.14,-2.4,-0.14,3708,4.18,0.07,-11.9
284,jamison crowder,31,WAS,WR,6,1,13,9,72,4,61,6.8,11,1.2,8.3,0.0,,0,0.0,90.4,504,2.58,108.0,12.0,9.0,8.0,0.9,3.0,3.0,100.0%,22.0,2.0,8.3%,2.0,2.0,100.0%,15.0,2.0,11.1%,,26.2,5.2,2.0,3.9,0.3,0.16,1.3,0.14,3189,3.39,0.06,-7.8
286,rakim jarrett,23,TAM,WR,10,2,11,9,124,5,106,11.8,18,2.0,11.5,0.0,,0,0.0,113.6,563,1.95,127.0,14.1,9.0,4.0,0.4,2.0,1.0,50.0%,6.0,0.0,4.8%,0.0,1.0,0.0%,0.0,0.0,3.8%,,21.4,2.1,0.0,1.6,0.0,0.05,0.5,-0.05,3428,3.7,0.06,-10.9
289,bub means,23,NOR,WR,7,1,15,9,118,7,98,10.9,20,2.2,11.3,0.0,,1,6.7,107.1,517,2.9,170.0,18.9,10.0,14.0,1.6,1.0,1.0,100.0%,10.0,1.0,6.3%,1.0,1.0,100.0%,10.0,1.0,14.3%,,26.8,3.8,1.0,4.2,0.2,0.09,-0.4,0.11,3170,5.36,0.08,-9.2
300,jalin hyatt,23,NYG,WR,16,3,19,8,62,3,56,7.0,6,0.8,19.1,0.0,,2,10.5,11.2,554,3.43,363.0,45.4,10.0,2.0,0.3,0.0,,,,,,,,,,,,198.0,14.2,0.9,0.0,2.3,0.0,0.03,-1.4,-0.03,3532,10.28,0.12,-12.1
301,zay jones,29,ARI,WR,11,2,11,8,84,5,65,8.1,19,2.4,8.6,0.0,,0,0.0,56.6,523,2.1,95.0,11.9,8.0,6.0,0.8,0.0,0.0,0%,0.0,0.0,0.0%,0.0,0.0,0%,0.0,0.0,0.0%,151.0,16.4,1.5,0.0,2.6,0.0,0.09,-1.1,-0.09,2668,3.56,0.06,-11.5
302,bo melton,25,GNB,WR,17,0,17,8,91,5,84,10.5,7,0.9,17.8,0.0,,0,0.0,39.1,464,3.66,303.0,37.9,8.0,6.0,0.8,1.0,1.0,100.0%,1.0,0.0,2.2%,,,,,,,,22.5,1.3,0.0,2.1,0.0,0.07,-0.8,-0.07,3707,8.17,0.11,-11.7
303,trent sherfield,28,MIN,WR,17,1,9,8,83,4,43,5.4,40,5.0,6.0,0.0,,0,0.0,102.5,517,1.74,71.0,8.9,8.0,2.0,0.3,1.0,1.0,100.0%,10.0,1.0,2.1%,1.0,1.0,100.0%,10.0,1.0,4.3%,,22.3,1.5,1.0,,,,,,3612,1.97,0.04,-11.5
306,britain covey,27,PHI,WR,5,1,8,7,34,2,6,0.9,28,4.0,1.1,0.0,,1,12.5,84.4,418,1.91,9.0,1.3,8.0,3.0,0.4,2.0,2.0,100.0%,5.0,0.0,6.7%,2.0,2.0,100.0%,5.0,0.0,13.3%,,10.4,2.1,0.0,2.9,0.0,0.03,-0.8,-0.03,2519,0.36,0.03,-10.9
307,river cracraft,30,MIA,WR,8,0,9,7,66,4,55,7.9,11,1.6,7.9,0.0,,1,11.1,97.2,568,1.58,71.0,10.1,8.0,3.0,0.4,1.0,,,,,,,,,,,,,13.6,2.7,0.0,1.8,0.0,0.05,0.9,-0.05,2790,2.54,0.04,-10.3
309,khadarel hodge,29,ATL,WR,17,2,12,7,131,6,42,6.0,89,12.7,10.8,0.0,,1,8.3,124.0,539,2.23,130.0,18.6,8.0,6.0,0.9,2.0,0.0,0.0%,0.0,0.0,2.9%,0.0,1.0,0.0%,0.0,0.0,7.1%,105.0,32.1,2.0,1.0,,,,,,3790,3.43,0.06,-11.0
312,kj osborn,27,NWE,WR,7,4,18,7,57,2,41,5.9,16,2.3,5.9,0.0,,1,5.6,66.2,500,3.6,107.0,15.3,8.0,2.0,0.3,3.0,2.0,66.7%,12.0,0.0,15.0%,1.0,1.0,100.0%,7.0,0.0,11.1%,120.0,18.7,2.7,1.0,3.5,0.1,0.1,-0.8,0.0,2508,4.27,0.08,-10.3
313,brandon powell,29,MIN,WR,17,1,10,7,71,5,59,8.4,12,1.7,10.1,0.0,,0,0.0,90.0,517,1.93,101.0,14.4,7.0,2.0,0.3,0.0,1.0,100.0%,5.0,0.0,2.1%,,,,,,,112.0,14.1,0.8,0.0,,,,,,3612,2.8,0.05,-12.2
314,jalen reagor,25,LAC,WR,8,2,12,7,100,3,74,10.6,26,3.7,10.3,0.0,,0,0.0,85.4,491,2.44,123.0,17.6,7.0,1.0,0.1,0.0,0.0,0%,0.0,0.0,0.0%,,,,,,,,14.7,1.8,0.0,2.7,0.0,0.05,-0.9,-0.05,3626,3.39,0.06,-11.2
315,ainias smith,23,PHI,WR,7,1,9,7,41,1,18,2.6,23,3.3,1.3,0.0,,0,0.0,122.7,418,2.15,12.0,1.7,7.0,0.0,0.0,1.0,,,,,,,,,,,,,17.7,2.5,1.0,2.5,0.1,0.06,0.0,0.04,2519,0.48,0.04,-10.5
318,michael woods,24,CLE,WR,5,2,17,7,65,4,30,4.3,35,5.0,11.0,1.0,7.0,2,11.8,27.8,634,2.68,204.0,29.1,9.0,15.0,2.1,3.0,1.0,25.0%,13.0,0.0,13.8%,0.0,1.0,0.0%,0.0,0.0,11.1%,,13.5,2.7,0.0,,,,,,4491,4.54,0.07,-10.3
321,parris campbell,27,PHI,WR,5,0,8,6,30,1,21,3.5,9,1.5,4.3,0.0,,0,0.0,119.8,418,1.91,34.0,5.7,6.0,0.0,0.0,1.0,1.0,100.0%,1.0,1.0,3.3%,1.0,1.0,100.0%,1.0,1.0,6.7%,,15.0,3.8,1.0,2.8,0.2,0.12,1.0,0.08,2519,1.35,0.04,-9.2
323,chris conley,32,SFO,WR,15,2,12,6,76,3,57,9.5,19,3.2,17.4,0.0,,0,0.0,35.4,513,2.34,209.0,34.8,6.0,4.0,0.7,1.0,0.0,0.0%,0.0,0.0,2.2%,0.0,1.0,0.0%,0.0,0.0,5.3%,,13.6,1.5,0.0,1.6,0.0,0.05,-0.1,-0.05,3098,6.75,0.08,-11.5
324,simi fehoko,27,LAC,WR,8,2,16,6,106,6,90,15.0,16,2.7,14.8,0.0,,2,12.5,60.9,491,3.26,236.0,39.3,8.0,8.0,1.3,1.0,0.0,0.0%,0.0,0.0,7.1%,0.0,1.0,0.0%,0.0,0.0,7.7%,110.0,16.6,2.8,0.0,4.7,0.0,0.23,-1.9,-0.23,3626,6.51,0.09,-10.2
326,xavier gipson,23,NYJ,WR,17,0,10,6,39,3,17,2.8,22,3.7,11.2,0.0,,1,10.0,101.7,589,1.7,112.0,18.7,7.0,6.0,1.0,1.0,1.0,100.0%,1.0,1.0,1.6%,1.0,1.0,100.0%,1.0,1.0,3.3%,125.0,14.4,0.8,1.0,,,,,,3922,2.86,0.05,-12.2
329,bryce oliver,24,TEN,WR,10,1,9,6,95,4,69,11.5,26,4.3,10.6,0.0,,0,0.0,101.6,507,1.78,95.0,15.8,6.0,7.0,1.2,1.0,0.0,0.0%,0.0,0.0,3.8%,,,,,,,,15.5,1.6,0.0,1.5,0.0,0.02,0.1,-0.02,4023,2.36,0.04,-11.4
342,scott miller,27,PIT,WR,13,1,9,5,69,2,36,7.2,33,6.6,11.8,1.0,5.0,1,11.1,80.3,460,1.96,,,,,,,,,,,,,,,,,,,,,,,,,,,3111,,,
345,laviska shenault,26,SEA,WR,11,1,5,5,36,2,-10,-2.0,46,9.2,-2.0,0.0,,0,0.0,96.7,569,0.88,-10.0,-2.0,5.0,16.0,3.2,0.0,,,,,,,,,,,,,10.7,1.1,0.0,,,,,,3520,-0.28,0.01,-11.9
347,ben skowronek,27,PIT,WR,10,1,5,5,69,4,40,8.0,29,5.8,8.0,0.0,,0,0.0,118.7,460,1.09,40.0,8.0,5.0,8.0,1.6,0.0,,,,,,,,,,,,,11.9,1.2,0.0,,,,,,3111,1.29,0.03,-11.8
349,johnny wilson,23,PHI,WR,16,4,15,5,38,3,23,4.6,15,3.0,9.8,0.0,,1,6.7,64.6,418,3.59,147.0,29.4,6.0,5.0,1.0,3.0,1.0,33.3%,5.0,1.0,10.0%,1.0,3.0,33.3%,5.0,1.0,20.0%,137.0,14.8,0.9,1.0,2.1,0.1,0.12,-1.2,-0.02,2519,5.84,0.09,-12.1
351,treylon burks,24,TEN,WR,5,2,8,4,34,3,29,7.3,5,1.3,16.9,1.0,4.0,2,25.0,21.9,507,1.58,135.0,33.8,6.0,5.0,1.3,0.0,,,,,,,,,,,,,7.5,1.5,0.0,3.0,0.0,0.04,-1.5,-0.04,4023,3.36,0.05,-11.5
352,jermaine burton,23,CIN,WR,14,1,14,4,107,4,85,21.3,22,5.5,21.1,0.0,,1,7.1,58.9,628,2.23,296.0,74.0,5.0,13.0,3.3,4.0,1.0,25.0%,11.0,0.0,5.3%,0.0,2.0,0.0%,0.0,0.0,4.4%,,14.7,1.1,0.0,2.2,0.0,0.14,-1.1,-0.14,3630,8.15,0.09,-11.9
353,dj chark,28,LAC,WR,7,0,10,4,31,1,24,6.0,7,1.8,11.5,0.0,,0,0.0,81.7,491,2.04,115.0,28.8,4.0,3.0,0.8,2.0,,,,,,,,,,,,,13.1,3.3,1.0,,,,,,3626,3.17,0.05,-9.7
354,jacob cowing,23,SFO,WR,15,0,6,4,80,3,54,13.5,26,6.5,12.7,0.0,,0,0.0,70.1,513,1.17,76.0,19.0,4.0,4.0,1.0,2.0,1.0,50.0%,9.0,0.0,4.4%,0.0,1.0,0.0%,0.0,0.0,5.3%,,10.7,0.7,0.0,,,,,,3098,2.45,0.03,-12.3
359,deven thompkins,25,CAR,WR,7,0,4,4,20,2,-8,-2.0,28,7.0,-2.0,0.0,,0,0.0,87.5,518,0.77,-8.0,-2.0,4.0,11.0,2.8,1.0,1.0,100.0%,2.0,0.0,2.2%,1.0,1.0,100.0%,2.0,0.0,4.2%,,6.7,1.3,0.0,,,,,,4054,-0.2,0.01,-11.7
360,tyquan thornton,24,NWE,WR,6,1,8,4,47,2,23,5.8,24,6.0,15.8,1.0,4.0,0,0.0,28.6,500,1.6,126.0,31.5,4.0,14.0,3.5,1.0,1.0,100.0%,14.0,0.0,5.0%,,,,,,,,8.7,2.2,0.0,3.4,0.0,0.07,-1.2,-0.07,2508,5.02,0.06,-10.8
361,alex bachman,28,LVR,WR,6,1,3,3,31,2,21,7.0,10,3.3,7.0,0.0,,0,0.0,109.7,592,0.51,21.0,7.0,3.0,4.0,1.3,0.0,0.0,0%,0.0,0.0,0.0%,0.0,0.0,0%,0.0,0.0,0.0%,,6.1,1.2,0.0,,,,,,3751,0.56,0.01,-11.8
363,david bell,24,CLE,WR,1,0,3,3,27,1,19,6.3,8,2.7,6.3,0.0,,0,0.0,104.2,634,0.47,19.0,6.3,3.0,6.0,2.0,1.0,1.0,100.0%,12.0,0.0,3.4%,,,,,,,,5.7,5.7,0.0,3.1,0.0,0.13,2.6,-0.13,4491,0.42,0.01,-7.3
365,dan chisena,27,CAR,WR,6,0,4,3,37,2,28,9.3,9,3.0,7.5,0.0,,0,0.0,103.1,518,0.77,30.0,10.0,3.0,2.0,0.7,0.0,,,,,,,,,,,,,6.7,1.1,0.0,,,,,,4054,0.74,0.02,-11.9
367,malachi corley,22,NYJ,WR,9,1,6,3,16,1,11,3.7,5,1.7,8.3,0.0,,0,0.0,56.2,589,1.02,50.0,16.7,3.0,2.0,0.7,2.0,0.0,0.0%,0.0,0.0,3.3%,0.0,1.0,0.0%,0.0,0.0,3.3%,,5.2,0.7,0.0,2.1,0.0,0.15,-1.4,-0.15,3922,1.27,0.02,-12.3
372,dwayne eskridge,27,MIA,WR,6,0,3,3,44,2,15,5.0,29,9.7,5.0,0.0,,0,0.0,118.7,568,0.53,,,,,,,,,,,,,,,,,,,,,,,,,,,2790,,,
376,trenton irwin,29,CIN,WR,7,2,10,3,15,1,11,3.7,4,1.3,6.2,0.0,,1,10.0,39.6,628,1.59,62.0,20.7,4.0,0.0,0.0,6.0,2.0,33.3%,9.0,0.0,8.0%,2.0,5.0,40.0%,9.0,0.0,11.1%,,4.5,0.8,0.0,3.6,0.0,0.33,-2.8,-0.33,3630,1.71,0.04,-12.2
377,tim jones,26,JAX,WR,17,0,5,3,41,3,24,8.0,17,5.7,8.0,0.0,,0,0.0,86.2,522,0.96,40.0,13.3,3.0,0.0,0.0,0.0,,,,,,,,,,,,,7.1,0.9,0.0,,,,,,3784,1.06,0.02,-12.1
379,terrace marshall,24,LVR,WR,7,1,6,3,41,1,37,12.3,4,1.3,8.7,0.0,,0,0.0,72.2,592,1.01,52.0,17.3,3.0,3.0,1.0,0.0,,,,,,,,,,,,,7.1,1.4,0.0,,,,,,3751,1.39,0.02,-11.6
381,james proche,28,CLE,WR,9,0,3,3,21,1,17,5.7,4,1.3,5.7,1.0,3.0,0,0.0,95.8,634,0.47,17.0,5.7,3.0,3.0,1.0,0.0,,,,,,,,,,,,,3.1,0.3,0.0,,,,,,4491,0.38,0.01,-12.7
384,allen robinson,31,DET,WR,12,0,7,3,30,3,26,8.7,4,1.3,7.3,0.0,,1,14.3,55.7,522,1.34,51.0,17.0,4.0,0.0,0.0,0.0,,,,,,,,,,,,,6.0,1.0,0.0,,,,,,2797,1.82,0.03,-12.0
387,jamari thrash,24,CLE,WR,9,0,7,3,22,2,8,2.7,14,4.7,7.3,0.0,,2,28.6,50.9,634,1.1,51.0,17.0,5.0,5.0,1.7,0.0,,,,,,,,,,,,,5.2,0.6,0.0,,,,,,4491,1.14,0.02,-12.4
393,ronnie bell,24,SFO,WR,9,0,6,2,22,2,20,10.0,2,1.0,10.8,0.0,,2,33.3,5.6,513,1.17,65.0,32.5,4.0,2.0,1.0,1.0,1.0,100.0%,10.0,0.0,2.2%,,,,,,,,4.2,1.1,0.0,,,,,,3098,2.1,0.03,-11.9
395,grant dubose,23,MIA,WR,3,0,4,2,11,1,8,4.0,3,1.5,11.8,0.0,,0,0.0,16.7,568,0.7,47.0,23.5,2.0,0.0,0.0,0.0,,,,,,,,,,,,,3.1,1.6,0.0,2.3,0.0,0.04,-0.7,-0.04,2790,1.68,0.02,-11.4
396,ashton dulin,27,IND,WR,15,2,8,2,67,2,24,12.0,43,21.5,19.3,1.0,2.0,1,12.5,62.0,492,1.63,154.0,77.0,3.0,8.0,4.0,1.0,0.0,0.0%,0.0,0.0,2.6%,0.0,1.0,0.0%,0.0,0.0,5.9%,,19.2,1.3,1.0,,,,,,4444,3.47,0.05,-11.7
397,isaiah hodgins,26,NYG,WR,3,0,2,2,12,0,11,5.5,1,0.5,5.5,0.0,,0,0.0,91.7,554,0.36,,,,,,,,,,,,,,,,,,,3.2,1.6,0.0,,,,,,3532,,,-11.4
399,mason kinsey,26,TEN,WR,6,0,2,2,17,1,17,8.5,0,0.0,8.5,0.0,,0,0.0,102.1,507,0.39,,,,,,,,,,,,,,,,,,,3.7,0.6,0.0,,,,,,4023,,,-12.4
401,nikko remigio,25,KAN,WR,5,1,6,2,48,2,34,17.0,14,7.0,10.7,0.0,,1,16.7,63.2,572,1.05,64.0,32.0,3.0,4.0,2.0,0.0,,,,,,,,,,,,,6.8,1.4,0.0,,,,,,2706,2.37,0.03,-11.6
402,xavier smith,27,LAR,WR,15,0,2,2,6,1,1,0.5,5,2.5,0.5,0.0,,0,0.0,79.2,541,0.37,,,,,,,,,,,,,,,,,,,6.2,0.4,0.0,,,,,,3552,,,-12.6
406,austin trammell,26,JAX,WR,1,0,3,2,40,2,31,15.5,9,4.5,14.7,0.0,,0,0.0,109.7,522,0.57,,,,,,,,,,,,,,,,,,,4.0,4.0,0.0,2.0,0.0,0.0,2.0,0.0,3784,,,-9.0
407,cody white,26,SEA,WR,4,0,3,2,44,2,31,15.5,13,6.5,13.3,0.0,,0,0.0,109.7,569,0.53,,,,,,,,,,,,,,,,,,,6.4,1.6,0.0,1.6,0.0,0.04,0.0,-0.04,3520,,,-11.4
408,kristian wilkerson,27,LVR,WR,3,0,3,2,18,2,7,3.5,11,5.5,5.3,0.0,,0,0.0,122.2,592,0.51,,,,,,,2.0,66.7%,18.0,1.0,10.7%,1.0,2.0,50.0%,9.0,1.0,20.0%,,9.8,9.8,1.0,3.1,0.5,0.24,6.7,0.26,3751,,,-3.2
409,isaiah williams,23,DET,WR,2,0,3,2,6,0,-1,-0.5,7,3.5,5.0,2.0,1.0,0,0.0,70.1,522,0.57,,,,,,,,,,,,,,,,,,,2.6,0.3,0.0,,,,,,2797,,,-12.7
410,javon baker,22,NWE,WR,11,1,4,1,12,1,12,12.0,0,0.0,12.5,0.0,,0,0.0,39.6,500,0.8,50.0,50.0,1.0,0.0,0.0,0.0,,,,,,,,,,,,,2.2,0.2,0.0,,,,,,2508,1.99,0.03,-12.8
411,chris blair,27,ATL,WR,4,0,2,1,17,1,17,17.0,0,0.0,18.5,0.0,,0,0.0,39.6,539,0.37,,,,,,,,,,,,,,,,,,,2.7,0.9,0.0,,,,,,3790,,,-12.1
414,robbie chosen,31,MIA,WR,2,0,4,1,5,0,4,4.0,1,1.0,11.8,0.0,,0,0.0,0.0,568,0.7,47.0,47.0,1.0,0.0,0.0,2.0,0.0,0.0%,0.0,0.0,5.6%,,,,,,,,1.5,1.5,0.0,3.8,0.0,0.29,-2.3,-0.29,2790,1.68,0.02,-11.5
417,jaelon darden,25,CLE,WR,7,1,1,1,6,1,-3,-3.0,9,9.0,-3.0,0.0,,0,0.0,91.7,634,0.16,,,,,,,,,,,,,,,,,,,1.6,0.1,0.0,,,,,,4491,,,-12.9
426,anthony gould,23,IND,WR,8,0,1,1,23,1,18,18.0,5,5.0,18.0,0.0,,0,0.0,118.7,492,0.2,,,,,,,,,,,,,,,,,,,3.3,0.4,0.0,,,,,,4444,,,-12.6
429,jhaquan jackson,24,TEN,WR,12,0,3,1,8,1,6,6.0,2,2.0,26.0,0.0,,0,0.0,42.4,507,0.59,,,,,,,,,,,,,,,,,,,-2.7,-0.2,0.0,,,,,,4023,,,-13.2
432,brandon johnson,26,PIT,WR,3,0,1,1,9,0,5,5.0,4,4.0,5.0,0.0,,0,0.0,104.2,460,0.22,,,,,,,,,,,,,,,,,,,1.9,0.6,0.0,,,,,,3111,,,-12.4
433,collin johnson,27,CHI,WR,9,0,2,1,6,1,3,3.0,3,3.0,8.0,0.0,,0,0.0,56.2,527,0.38,,,,,,,,,,,,,,,,,,,1.6,0.3,0.0,,,,,,3708,,,-12.7
434,charlie jones,26,CIN,WR,8,0,1,1,5,0,5,5.0,0,0.0,5.0,0.0,,0,0.0,87.5,628,0.16,,,,,,,,,,,,,,,,,,,5.5,0.7,0.0,,,,,,3630,,,-12.3
436,velus jones,27,CHI,WR,1,0,1,1,8,0,-5,-5.0,13,13.0,-5.0,0.0,,0,0.0,100.0,527,0.19,,,,,,,,,,,,,,,,,,,0.9,0.5,0.0,,,,,,3708,,,-12.5
437,ramel keyton,24,LVR,WR,8,0,3,1,7,1,7,7.0,0,0.0,10.0,0.0,,0,0.0,42.4,592,0.51,,,,,,,0.0,0.0%,0.0,0.0,3.6%,0.0,1.0,0.0%,0.0,0.0,10.0%,,1.7,0.6,0.0,,,,,,3751,,,-12.4
444,tay martin,27,TEN,WR,1,0,2,1,49,1,44,44.0,5,5.0,31.5,0.0,,0,0.0,135.4,507,0.39,,,,,,,,,,,,,,,,,,,11.9,11.9,1.0,,,,,,4023,,,-1.1
446,anthony miller,30,BAL,WR,2,0,1,1,16,1,15,15.0,1,1.0,15.0,0.0,,0,0.0,118.7,457,0.22,,,,,,,,,,,,,,,,,,,2.6,1.3,0.0,,,,,,3332,,,-11.7
450,kendric pryor,26,CIN,WR,1,0,1,1,9,0,9,9.0,0,0.0,9.0,0.0,,0,0.0,104.2,628,0.16,,,,,,,,,,,,,,,,,,,1.9,1.0,0.0,,,,,,3630,,,-12.0
453,john ross,29,PHI,WR,1,0,2,1,6,1,4,4.0,2,2.0,23.5,0.0,,0,0.0,56.2,418,0.48,,,,,,,,,,,,,,,,,,,1.6,1.6,0.0,5.5,0.0,0.36,-3.9,-0.36,2519,,,-11.4
456,tyler scott,23,CHI,WR,11,0,1,1,5,0,-2,-2.0,7,7.0,-2.0,0.0,,0,0.0,87.5,527,0.19,,,,,,,,,,,,,,,,,,,1.5,0.1,0.0,,,,,,3708,,,-12.9
457,tyrell shavers,25,BUF,WR,3,0,1,1,69,1,-2,-2.0,71,71.0,-2.0,1.0,1.0,0,0.0,158.3,495,0.2,,,,,,,,,,,,,,,,,,,13.9,4.6,1.0,,,,,,3994,,,-8.4
462,trent taylor,30,SFO,WR,2,0,1,1,11,0,9,9.0,2,2.0,9.0,0.0,,0,0.0,112.5,513,0.19,,,,,,,,,,,,,,,,,,,2.1,1.1,0.0,,,,,,3098,,,-11.9
464,brycen tremayne,25,WAS,WR,2,0,1,1,-2,0,-2,-2.0,0,0.0,-2.0,0.0,,0,0.0,79.2,504,0.2,,,,,,,,,,,,,,,,,,,0.8,0.4,0.0,,,,,,3189,,,-12.6
466,devontez walker,23,BAL,WR,9,0,3,1,21,1,21,21.0,0,0.0,28.0,0.0,,0,0.0,98.6,457,0.66,,,,,,,,,,,,,,,,,,,9.1,1.3,1.0,,,,,,3332,,,-11.7
467,casey washington,23,ATL,WR,8,0,2,1,14,1,3,3.0,11,11.0,18.0,0.0,,0,0.0,72.9,539,0.37,,,,,,,,,,,,,,,,,,,2.4,1.2,0.0,1.7,0.0,0.03,-0.5,-0.03,3790,,,-11.8
475,braxton berrios,29,MIA,WR,6,0,4,0,0,0,0,,0,,6.5,0.0,,0,0.0,39.6,568,0.7,26.0,0.0,0.0,0.0,0.0,1.0,0.0,0.0%,0.0,0.0,2.8%,0.0,1.0,0.0%,0.0,0.0,6.7%,,0.0,0.0,0.0,,,,,,2790,0.93,0.02,-13.0
477,irvin charles,27,NYJ,WR,13,0,1,0,0,0,0,,0,,3.0,0.0,,0,0.0,39.6,589,0.17,,,,,,,0.0,0.0%,0.0,0.0,1.6%,0.0,1.0,0.0%,0.0,0.0,3.3%,,0.0,0.0,0.0,,,,,,3922,,,-13.0
480,erik ezukanma,24,MIA,WR,2,0,2,0,0,0,0,,0,,29.5,0.0,,0,0.0,39.6,568,0.35,,,,,,,,,,,,,,,,,,,0.0,0.0,0.0,2.0,0.0,0.13,-2.0,-0.13,2790,,,-13.0
485,kameron johnson,22,TAM,WR,5,0,1,0,0,0,0,,0,,3.0,0.0,,1,100.0,39.6,563,0.18,,,,,,,0.0,0.0%,0.0,0.0,2.4%,0.0,1.0,0.0%,0.0,0.0,3.8%,,1.1,0.2,0.0,,,,,,3428,,,-12.8
486,tom kennedy,28,DET,WR,4,0,1,0,0,0,0,,0,,11.0,0.0,,0,0.0,39.6,522,0.19,,,,,,,,,,,,,,,,,,,0.0,0.0,0.0,,,,,,2797,,,-13.0
489,skyy moore,24,KAN,WR,6,0,3,0,0,0,0,,0,,6.0,0.0,,2,66.7,39.6,572,0.52,,,,,,,,,,,,,,,,,,,0.0,0.0,0.0,,,,,,2706,,,-13.0
493,justyn ross,25,KAN,WR,2,0,1,0,0,0,0,,0,,10.0,0.0,,0,0.0,39.6,572,0.17,,,,,,,0.0,0.0%,0.0,0.0,2.0%,0.0,1.0,0.0%,0.0,0.0,4.5%,,0.0,0.0,0.0,1.7,0.0,0.22,-1.7,-0.22,2706,,,-13.0
496,kadarius toney,25,CLE,WR,3,0,1,0,0,0,0,,0,,-5.0,0.0,,0,0.0,39.6,634,0.16,,,,,,,,,,,,,,,,,,,-2.4,-0.8,0.0,,,,,,4491,,,-13.8
497,xavier weaver,24,ARI,WR,2,0,2,0,0,0,0,,0,,19.5,0.0,,0,0.0,39.6,523,0.38,,,,,,,,,,,,,,,,,,,0.0,0.0,0.0,3.7,0.0,0.28,-3.7,-0.28,2668,,,-13.0
500,dareke young,25,SEA,WR,14,0,1,0,0,0,0,,0,,9.0,0.0,,0,0.0,39.6,569,0.18,,,,,,,,,,,,,,,,,,,0.0,0.0,0.0,,,,,,3520,,,-13.0
