Rk,Player,Age,Team,Pos,G,GS,Tgt,Rec,Yds,1D,YBC,YBC/R,YAC,YAC/R,ADOT,BrkTkl,Rec/Br,Drop,Drop%,Rat,Team_Total_Targets,Target_Share
1,Ja'Marr Chase,24,CIN,WR,17,16,175,127,1708,75,921,7.3,787,6.2,8.7,11.0,11.5,9,5.1,118.9,628,27.87
2,Amon-Ra St. Brown,25,DET,WR,17,17,141,115,1263,73,851,7.4,412,3.6,7.7,3.0,38.3,4,2.8,129.4,522,27.01
3,Brock Bowers,22,LVR,TE,17,16,153,112,1194,61,598,5.3,596,5.3,6.1,6.0,18.7,6,3.9,92.9,592,25.84
4,Trey McBride,25,ARI,TE,16,16,147,111,1146,63,633,5.7,513,4.6,6.1,5.0,22.2,3,2.0,99.2,523,28.11
5,Malik Nabers,21,NYG,WR,15,13,170,109,1204,55,742,6.8,462,4.2,9.1,8.0,13.6,9,5.3,93.8,554,30.69
6,Justin Jefferson,25,MIN,WR,17,17,154,103,1533,62,1046,10.2,487,4.7,10.9,5.0,20.6,5,3.2,107.4,517,29.79
7,CeeDee Lamb,25,DAL,WR,15,15,152,101,1194,54,657,6.5,537,5.3,7.6,11.0,9.2,7,4.6,86.9,622,24.44
8,Garrett Wilson,24,NYJ,WR,17,17,154,101,1104,60,662,6.6,442,4.4,9.1,7.0,14.4,7,4.5,88.2,589,26.15
9,Drake London,23,ATL,WR,17,17,158,100,1271,67,944,9.4,327,3.3,10.9,6.0,16.7,5,3.2,86.2,539,29.31
10,Jaxon Smith-Njigba,22,SEA,WR,17,16,137,100,1130,57,653,6.5,477,4.8,8.7,4.0,25.0,5,3.6,99.7,569,24.08
11,D.J. Moore,27,CHI,WR,17,17,140,98,966,43,378,3.9,588,6.0,7.5,5.0,19.6,3,2.1,94.5,527,26.57
12,Travis Kelce,35,KAN,TE,16,16,133,97,823,47,482,5.0,341,3.5,6.4,3.0,32.3,6,4.5,83.6,572,23.25
13,Wan'Dale Robinson,23,NYG,WR,17,7,140,93,699,36,338,3.6,361,3.9,4.8,9.0,10.3,6,4.3,79.4,554,25.27
14,Jerry Jeudy,25,CLE,WR,17,16,145,90,1229,57,842,9.4,387,4.3,11.1,0.0,,13,9.0,89.7,634,22.87
15,Jonnu Smith,29,MIA,TE,17,6,111,88,884,55,374,4.3,510,5.8,4.9,8.0,11.0,6,5.4,123.9,568,19.54
16,Jakobi Meyers,28,LVR,WR,15,15,129,87,1027,52,734,8.4,293,3.4,9.6,4.0,21.8,1,0.8,92.1,592,21.79
17,Brian Thomas,22,JAX,WR,17,16,133,87,1282,53,720,8.3,562,6.5,11.4,0.0,,7,5.3,106.2,522,25.48
18,Davante Adams,32,2TM,WR,14,14,141,85,1063,49,590,6.9,473,5.6,8.2,7.0,12.1,6,4.3,93.8,481,29.31
18,Davante Adams,32,LVR,WR,3,3,27,18,209,10,164,9.1,45,2.5,9.6,0.0,,1,3.7,86.8,592,4.56
18,Davante Adams,32,NYJ,WR,11,11,114,67,854,39,426,6.4,428,6.4,7.9,7.0,9.6,5,4.4,95.4,589,19.35
19,Ladd McConkey,23,LAC,WR,16,14,112,82,1149,52,759,9.3,390,4.8,9.9,10.0,8.2,5,4.5,123.0,491,22.81
20,Terry McLaurin,29,WAS,WR,17,17,117,82,1096,56,804,9.8,292,3.6,13.4,2.0,41.0,4,3.4,133.0,504,23.21
21,Tyreek Hill,30,MIA,WR,17,17,123,81,959,54,667,8.2,292,3.6,11.4,1.0,81.0,2,1.6,95.5,568,21.65
22,Courtland Sutton,29,DEN,WR,17,13,135,81,1081,57,902,11.1,179,2.2,13.2,1.0,81.0,9,6.7,86.7,549,24.59
23,Puka Nacua,23,LAR,WR,11,11,106,79,990,47,472,6.0,518,6.6,7.9,10.0,7.9,1,0.9,108.6,541,19.59
24,DeVon Achane,23,MIA,RB,17,16,87,78,592,30,-73,-0.9,665,8.5,-0.4,5.0,15.6,2,2.3,118.0,568,15.32
25,George Kittle,31,SFO,TE,15,15,94,78,1106,50,584,7.5,522,6.7,8.1,4.0,19.5,2,2.1,135.2,513,18.32
26,Jauan Jennings,27,SFO,WR,15,10,113,77,975,47,737,9.6,238,3.1,9.9,5.0,15.4,5,4.4,101.5,513,22.03
27,Khalil Shakir,24,BUF,WR,15,9,100,76,821,35,224,2.9,597,7.9,5.5,6.0,12.7,1,1.0,108.8,495,20.2
28,Mike Evans,31,TAM,WR,14,14,110,74,1004,53,778,10.5,226,3.1,11.6,2.0,37.0,4,3.6,110.6,563,19.54
29,Zay Flowers,24,BAL,WR,17,15,116,74,1059,48,596,8.1,463,6.3,10.0,7.0,10.6,6,5.2,104.8,457,25.38
30,Tee Higgins,25,CIN,WR,12,9,109,73,911,48,683,9.4,228,3.1,9.8,7.0,10.4,3,2.8,119.5,628,17.36
31,Josh Downs,23,IND,WR,14,8,107,72,803,40,407,5.7,396,5.5,6.9,3.0,24.0,5,4.7,93.3,492,21.75
32,Keenan Allen,32,CHI,WR,15,15,121,70,744,43,504,7.2,240,3.4,9.0,1.0,70.0,6,5.0,95.2,527,22.96
33,Michael Pittman Jr.,27,IND,WR,16,14,111,69,808,35,549,8.0,259,3.8,11.0,3.0,23.0,1,0.9,78.2,492,22.56
34,Nico Collins,25,HOU,WR,12,12,99,68,1006,48,641,9.4,365,5.4,10.7,2.0,34.0,3,3.0,104.2,547,18.1
35,Alvin Kamara,29,NOR,RB,14,14,89,68,543,18,1,0.0,542,8.0,0.9,2.0,34.0,8,9.0,94.0,517,17.21
36,DeVonta Smith,26,PHI,WR,13,13,89,68,833,42,534,7.9,299,4.4,9.1,0.0,,2,2.2,120.7,418,21.29
37,A.J. Brown,27,PHI,WR,13,13,97,67,1079,51,726,10.8,353,5.3,12.1,9.0,7.4,0,0.0,121.5,418,23.21
38,Cooper Kupp,31,LAR,WR,12,11,100,67,710,28,441,6.6,269,4.0,7.5,2.0,33.5,2,2.0,107.5,541,18.48
39,Demario Douglas,24,NWE,WR,17,7,87,66,621,31,262,4.0,359,5.4,5.9,2.0,33.0,7,8.0,97.0,500,17.4
40,Zach Ertz,34,WAS,TE,17,17,91,66,654,38,467,7.1,187,2.8,7.4,0.0,,4,4.4,109.0,504,18.06
41,Hunter Henry,30,NWE,TE,16,16,97,66,674,40,406,6.2,268,4.1,7.0,2.0,33.0,2,2.1,90.3,500,19.4
42,D.K. Metcalf,27,SEA,WR,15,12,108,66,992,35,729,11.0,263,4.0,13.1,3.0,22.0,4,3.7,99.0,569,18.98
43,Pat Freiermuth,26,PIT,TE,17,11,78,65,653,32,374,5.8,279,4.3,6.1,4.0,16.3,4,5.1,126.1,460,16.96
44,Mike Gesicki,29,CIN,TE,17,3,83,65,665,38,420,6.5,245,3.8,7.4,0.0,,5,6.0,108.1,628,13.22
45,Darnell Mooney,27,ATL,WR,16,16,106,64,992,48,717,11.2,275,4.3,12.2,6.0,10.7,6,5.7,99.3,539,19.67
46,David Njoku,28,CLE,TE,11,11,97,64,505,23,254,4.0,251,3.9,5.2,4.0,16.0,7,7.2,83.1,634,15.3
47,Calvin Ridley,30,TEN,WR,17,14,120,64,1017,40,786,12.3,231,3.6,15.3,4.0,16.0,6,5.0,79.1,507,23.67
48,Jordan Addison,22,MIN,WR,15,15,99,63,875,39,662,10.5,213,3.4,13.0,3.0,21.0,2,2.0,113.8,517,19.15
49,Marvin Harrison Jr.,22,ARI,WR,17,16,116,62,885,43,737,11.9,148,2.4,13.4,0.0,,5,4.3,87.0,523,22.18
50,Ray-Ray McCloud,28,ATL,WR,17,13,87,62,686,29,351,5.7,335,5.4,6.8,1.0,62.0,3,3.4,83.8,539,16.14
51,Elijah Moore,24,CLE,WR,17,13,102,61,538,25,405,6.6,133,2.2,9.3,1.0,61.0,5,4.9,44.5,634,16.09
52,Bijan Robinson,22,ATL,RB,17,17,72,61,431,20,-100,-1.6,531,8.7,-0.5,5.0,12.2,3,4.2,96.2,539,13.36
53,Sam LaPorta,23,DET,TE,16,16,83,60,726,39,383,6.4,343,5.7,7.0,3.0,20.0,1,1.2,116.8,522,15.9
54,Jake Ferguson,25,DAL,TE,14,14,86,59,494,18,185,3.1,309,5.2,4.1,6.0,9.8,3,3.5,83.2,622,13.83
55,Cade Otton,25,TAM,TE,14,14,87,59,600,31,289,4.9,311,5.3,5.5,6.0,9.8,8,9.2,88.3,563,15.45
56,George Pickens,23,PIT,WR,14,12,103,59,900,37,685,11.6,215,3.6,13.3,4.0,14.8,6,5.8,87.8,460,22.39
57,Xavier Worthy,21,KAN,WR,17,13,98,59,638,36,231,3.9,407,6.9,9.2,0.0,,7,7.1,91.3,572,17.13
58,Jaylen Waddle,26,MIA,WR,15,15,83,58,744,38,508,8.8,236,4.1,10.0,0.0,,8,9.6,90.6,568,14.61
59,Jameson Williams,23,DET,WR,15,11,91,58,1001,41,504,8.7,497,8.6,11.2,2.0,29.0,3,3.3,112.9,522,17.43
60,Breece Hall,23,NYJ,RB,16,16,76,57,483,15,-13,-0.2,496,8.7,0.2,6.0,9.5,9,11.8,104.2,589,12.9
61,DeAndre Hopkins,32,2TM,WR,16,8,80,56,610,35,501,8.9,109,1.9,10.4,3.0,18.7,2,2.5,102.6,481,16.63
61,DeAndre Hopkins,32,TEN,WR,6,3,21,15,173,10,172,11.5,1,0.1,10.2,2.0,7.5,1,4.8,72.2,507,4.14
61,DeAndre Hopkins,32,KAN,WR,10,5,59,41,437,25,329,8.0,108,2.6,10.4,1.0,41.0,1,1.7,113.5,572,10.31
62,Mark Andrews,29,BAL,TE,17,13,69,55,673,39,485,8.8,188,3.4,10.5,1.0,55.0,4,5.8,140.9,457,15.1
63,Quentin Johnston,23,LAC,WR,15,11,91,55,711,32,405,7.4,306,5.6,10.8,8.0,6.9,7,7.7,109.7,491,18.53
64,Jayden Reed,24,GNB,WR,17,10,75,55,857,29,477,8.7,380,6.9,9.1,3.0,18.3,9,12.0,137.5,464,16.16
65,Chase Brown,24,CIN,RB,16,10,65,54,360,23,34,0.6,326,6.0,0.8,2.0,27.0,2,3.1,110.3,628,10.35
66,Rome Odunze,22,CHI,WR,17,12,101,54,734,37,481,8.9,253,4.7,13.9,4.0,13.5,6,5.9,82.7,527,19.17
67,Dalton Schultz,28,HOU,TE,17,13,85,53,532,26,318,6.0,214,4.0,8.1,0.0,,4,4.7,83.1,547,15.54
68,Jahmyr Gibbs,22,DET,RB,17,4,63,52,517,25,-76,-1.5,593,11.4,-0.2,4.0,13.0,2,3.2,115.4,522,12.07
69,Chigoziem Okonkwo,25,TEN,TE,17,11,70,52,479,19,230,4.4,249,4.8,5.9,5.0,10.4,3,4.3,78.2,507,13.81
70,Javonte Williams,24,DEN,RB,17,11,70,52,346,14,-49,-0.9,395,7.6,-0.3,4.0,13.0,7,10.0,84.6,549,12.75
71,Tyler Conklin,29,NYJ,TE,16,15,72,51,449,24,187,3.7,262,5.1,4.9,0.0,,1,1.4,105.6,589,12.22
72,Tank Dell,25,HOU,WR,14,10,81,51,667,35,503,9.9,164,3.2,12.5,3.0,17.0,6,7.4,85.8,547,14.81
73,Aaron Jones,30,MIN,RB,17,17,62,51,408,20,-3,-0.1,411,8.1,0.9,1.0,51.0,2,3.2,98.1,517,11.99
74,Deebo Samuel,28,SFO,WR,15,15,81,51,670,28,249,4.9,421,8.3,6.6,8.0,6.4,6,7.4,96.2,513,15.79
75,Rachaad White,25,TAM,RB,16,15,57,51,393,18,-123,-2.4,516,10.1,-1.9,3.0,17.0,0,0.0,130.5,563,10.12
76,Will Dissly,28,LAC,TE,15,8,64,50,481,24,178,3.6,303,6.1,4.6,4.0,12.5,4,6.3,108.4,491,13.03
77,Chris Godwin,28,TAM,WR,7,7,62,50,576,33,226,4.5,350,7.0,5.7,4.0,12.5,2,3.2,125.5,563,11.01
78,Juwan Johnson,28,NOR,TE,17,5,66,50,548,27,336,6.7,212,4.2,8.2,3.0,16.7,3,4.5,108.6,517,12.77
79,Tucker Kraft,24,GNB,TE,17,17,70,50,707,30,251,5.0,456,9.1,5.3,9.0,5.6,5,7.1,131.1,464,15.09
80,Xavier Legette,23,CAR,WR,16,13,84,49,497,27,385,7.9,112,2.3,12.3,2.0,24.5,7,8.3,86.3,518,16.22
81,Tyler Lockett,32,SEA,WR,17,14,74,49,600,36,466,9.5,134,2.7,10.7,1.0,49.0,4,5.4,77.5,569,13.01
82,Jalen Tolbert,25,DAL,WR,17,15,79,49,610,29,444,9.1,166,3.4,11.5,0.0,,3,3.8,104.9,622,12.7
83,Noah Fant,27,SEA,TE,14,9,64,48,500,25,223,4.6,277,5.8,5.4,2.0,24.0,1,1.6,82.8,569,11.25
84,Adam Thielen,34,CAR,WR,10,10,62,48,615,28,463,9.6,152,3.2,11.0,1.0,48.0,2,3.2,107.9,518,11.97
85,James Conner,29,ARI,RB,16,16,55,47,414,17,-69,-1.5,483,10.3,-1.6,12.0,3.9,2,3.6,88.9,523,10.52
86,Stefon Diggs,31,HOU,WR,8,8,64,47,496,31,311,6.6,185,3.9,8.7,3.0,15.7,3,4.7,104.7,547,11.7
87,Evan Engram,30,JAX,TE,9,9,64,47,365,17,215,4.6,150,3.2,5.4,0.0,,4,6.3,92.3,522,12.26
88,Bucky Irving,22,TAM,RB,17,3,52,47,392,16,-136,-2.9,528,11.2,-2.7,6.0,7.8,1,1.9,98.1,563,9.24
89,Cole Kmet,25,CHI,TE,17,16,55,47,474,25,293,6.2,181,3.9,7.1,1.0,47.0,1,1.8,119.2,527,10.44
90,Kyle Pitts,24,ATL,TE,17,15,74,47,602,21,330,7.0,272,5.8,8.6,4.0,11.8,4,5.4,84.4,539,13.73
91,Tre Tucker,23,LVR,WR,17,14,81,47,539,24,331,7.0,208,4.4,12.7,3.0,15.7,2,2.5,85.4,592,13.68
92,Michael Wilson,24,ARI,WR,16,13,71,47,548,27,418,8.9,130,2.8,11.4,1.0,47.0,3,4.2,90.6,523,13.58
93,Romeo Doubs,24,GNB,WR,13,12,72,46,601,33,466,10.1,135,2.9,12.3,4.0,11.5,7,9.7,97.0,464,15.52
94,Kenneth Walker III,24,SEA,RB,11,11,53,46,299,19,-64,-1.4,363,7.9,-1.2,5.0,9.2,2,3.8,88.6,569,9.31
95,Rashod Bateman,25,BAL,WR,17,14,72,45,756,35,572,12.7,184,4.1,13.6,0.0,,4,5.6,125.9,457,15.75
96,Austin Hooper,30,NWE,TE,17,8,59,45,476,25,251,5.6,225,5.0,5.8,3.0,15.0,1,1.7,102.1,500,11.8
97,Olamide Zaccheaus,27,WAS,WR,17,6,64,45,506,26,222,4.9,284,6.3,6.3,7.0,6.4,5,7.8,109.2,504,12.7
98,Dalton Kincaid,25,BUF,TE,13,9,75,44,448,23,174,4.0,274,6.2,7.5,4.0,11.0,6,8.0,84.7,495,15.15
99,Amari Cooper,30,2TM,WR,14,10,85,44,547,25,436,9.9,111,2.5,12.3,1.0,44.0,12,14.1,77.9,481,17.67
99,Amari Cooper,30,CLE,WR,6,6,53,24,250,11,193,8.0,57,2.4,12.1,1.0,24.0,10,18.9,64.2,634,8.36
99,Amari Cooper,30,BUF,WR,8,4,32,20,297,14,243,12.2,54,2.7,12.6,0.0,,2,6.3,100.7,495,6.46
100,Kayshon Boutte,22,NWE,WR,15,13,68,43,589,25,439,10.2,150,3.5,14.5,1.0,43.0,4,5.9,93.3,500,13.6
101,Chuba Hubbard,25,CAR,RB,15,15,54,43,171,10,-74,-1.7,245,5.7,-1.2,7.0,6.1,2,3.7,86.0,518,10.42
102,Tutu Atwell,25,LAR,WR,17,5,62,42,562,29,436,10.4,126,3.0,11.2,0.0,,3,4.8,82.9,541,11.46
103,Zach Charbonnet,23,SEA,RB,17,6,52,42,340,6,-37,-0.9,377,9.0,-0.9,0.0,,0,0.0,92.3,569,9.14
104,Dallas Goedert,29,PHI,TE,10,10,52,42,496,20,239,5.7,257,6.1,6.8,2.0,21.0,1,1.9,111.2,418,12.44
105,Justice Hill,27,BAL,RB,15,0,51,42,383,17,-55,-1.3,438,10.4,-0.5,5.0,8.4,2,3.9,109.4,457,11.16
106,Isaiah Likely,24,BAL,TE,16,9,58,42,477,26,221,5.3,256,6.1,8.0,3.0,14.0,2,3.4,131.2,457,12.69
107,DAndre Swift,25,CHI,RB,17,17,52,42,386,12,-19,-0.5,405,9.6,0.0,2.0,21.0,3,5.8,89.6,527,9.87
108,T.J. Hockenson,27,MIN,TE,10,9,62,41,455,30,310,7.6,145,3.5,8.4,1.0,41.0,2,3.2,74.3,517,11.99
109,Tony Pollard,27,TEN,RB,16,16,57,41,238,9,17,0.4,221,5.4,0.1,2.0,20.5,8,14.0,72.1,507,11.24
110,Devaughn Vele,27,DEN,WR,13,7,55,41,475,26,348,8.5,127,3.1,8.4,0.0,,3,5.5,118.4,549,10.02
111,Ameer Abdullah,31,LVR,RB,16,3,47,40,261,16,9,0.2,252,6.3,0.7,2.0,20.0,0,0.0,111.1,592,7.94
112,Jordan Akins,32,CLE,TE,17,6,58,40,390,20,213,5.3,177,4.4,6.0,1.0,40.0,1,1.7,91.9,634,9.15
113,Noah Gray,25,KAN,TE,17,10,49,40,437,25,227,5.7,210,5.3,6.2,0.0,,2,4.1,120.8,572,8.57
114,Brenton Strange,24,JAX,TE,17,10,53,40,411,21,228,5.7,183,4.6,6.4,3.0,13.3,3,5.7,109.9,522,10.15
115,Tyler Boyd,30,TEN,WR,16,8,57,39,390,20,201,5.2,189,4.8,7.4,2.0,19.5,3,5.3,65.7,507,11.24
116,Rico Dowdle,26,DAL,RB,16,15,49,39,249,13,-23,-0.6,272,7.0,-0.1,3.0,13.0,2,4.1,108.2,622,7.88
117,Travis Etienne,25,JAX,RB,15,15,52,39,254,13,-42,-1.1,296,7.6,0.2,4.0,9.8,2,3.8,76.9,522,9.96
118,Marvin Mims,22,DEN,WR,17,2,52,39,503,14,26,0.7,477,12.2,7.4,0.0,,3,5.8,127.3,549,9.47
119,Josh Palmer,25,LAC,WR,15,7,65,39,584,28,483,12.4,101,2.6,15.2,0.0,,4,6.2,88.2,491,13.24
120,Darius Slayton,27,NYG,WR,16,13,71,39,573,30,449,11.5,124,3.2,13.1,4.0,9.8,4,5.6,79.1,554,12.82
121,Dontayvion Wicks,23,GNB,WR,17,5,76,39,415,25,276,7.1,139,3.6,10.7,3.0,13.0,9,11.8,78.6,464,16.38
122,Tyrone Tracy Jr.,25,NYG,RB,17,12,53,38,284,13,3,0.1,281,7.4,0.3,6.0,6.3,5,9.4,82.6,554,9.57
123,Jaylen Warren,26,PIT,RB,15,0,47,38,310,16,-5,-0.1,315,8.3,-0.1,5.0,7.6,1,2.1,94.1,460,10.22
124,Greg Dortch,26,ARI,WR,17,4,50,37,342,16,48,1.3,294,7.9,4.1,5.0,7.4,3,6.0,112.2,523,9.56
125,Jerome Ford,25,CLE,RB,14,6,43,37,225,10,-69,-1.9,294,7.9,-0.3,7.0,5.3,1,2.3,88.5,634,6.78
126,Allen Lazard,29,NYJ,WR,12,10,60,37,530,29,375,10.1,155,4.2,11.0,0.0,,6,10.0,109.7,589,10.19
127,Jalen McMillan,23,TAM,WR,13,12,58,37,461,23,328,8.9,133,3.6,12.2,1.0,37.0,4,6.9,88.4,563,10.3
128,Alec Pierce,24,IND,WR,16,13,69,37,824,32,706,19.1,118,3.2,21.5,0.0,,3,4.3,106.2,492,14.02
129,Calvin Austin III,25,PIT,WR,17,8,58,36,548,18,396,11.0,152,4.2,12.4,1.0,36.0,3,5.2,116.2,460,12.61
130,Najee Harris,26,PIT,RB,17,17,48,36,283,13,-46,-1.3,329,9.1,-1.5,7.0,5.1,4,8.3,89.1,460,10.43
131,Andrei Iosivas,25,CIN,WR,17,8,61,36,479,26,412,11.4,67,1.9,11.2,0.0,,5,8.2,109.9,628,9.71
132,Josh Jacobs,26,GNB,RB,17,17,43,36,342,15,-61,-1.7,403,11.2,-1.0,13.0,2.8,0,0.0,97.9,464,9.27
133,Alexander Mattison,26,LVR,RB,14,7,48,36,294,13,-20,-0.6,314,8.7,-0.1,6.0,6.0,2,4.2,79.7,592,8.11
134,Joe Mixon,28,HOU,RB,14,14,52,36,309,12,-51,-1.4,360,10.0,-0.5,6.0,6.0,4,7.7,90.9,547,9.51
135,David Montgomery,27,DET,RB,14,14,38,36,341,16,-24,-0.7,365,10.1,-0.5,11.0,3.3,0,0.0,104.1,522,7.28
136,Noah Brown,28,WAS,WR,11,9,56,35,453,21,370,10.6,83,2.4,11.4,0.0,,4,7.1,86.4,504,11.11
137,Austin Ekeler,29,WAS,RB,12,6,41,35,366,14,-58,-1.7,424,12.1,-1.4,4.0,8.8,2,4.9,103.9,504,8.13
138,Kyren Williams,24,LAR,RB,16,16,40,34,182,6,-13,-0.4,195,5.7,-0.7,2.0,17.0,1,2.5,102.3,541,7.39
139,Saquon Barkley,27,PHI,RB,16,16,43,33,278,12,33,1.0,245,7.4,1.9,6.0,5.5,2,4.7,108.5,418,10.29
140,Tim Patrick,31,DET,WR,16,9,44,33,394,20,253,7.7,141,4.3,10.0,2.0,16.5,1,2.3,105.7,522,8.43
141,JaTavion Sanders,21,CAR,TE,16,8,43,33,342,13,152,4.6,190,5.8,6.2,1.0,33.0,2,4.7,106.9,518,8.3
142,Rhamondre Stevenson,26,NWE,RB,15,14,41,33,168,8,-69,-2.1,237,7.2,-1.0,3.0,11.0,1,2.4,91.9,500,8.2
143,Diontae Johnson,28,3TM,WR,12,8,67,33,375,21,284,8.6,91,2.8,10.9,1.0,33.0,3,4.5,50.3,67,100.0
143,Diontae Johnson,28,CAR,WR,7,7,58,30,357,20,271,9.0,86,2.9,9.8,1.0,30.0,2,3.4,52.2,518,11.2
143,Diontae Johnson,28,BAL,WR,4,1,5,1,6,0,5,5.0,1,1.0,24.2,0.0,,1,20.0,39.6,457,1.09
143,Diontae Johnson,28,HOU,WR,1,0,4,2,12,1,8,4.0,4,2.0,9.5,0.0,,0,0.0,56.2,547,0.73
144,Jalen Coker,23,CAR,WR,11,4,46,32,478,23,307,9.6,171,5.3,11.3,2.0,16.0,0,0.0,108.8,518,8.88
145,James Cook,25,BUF,RB,16,16,38,32,258,14,-2,-0.1,260,8.1,0.9,0.0,,2,5.3,112.5,495,7.68
146,J.K. Dobbins,26,LAC,RB,13,11,38,32,153,6,-51,-1.6,204,6.4,-1.2,1.0,32.0,2,5.3,83.4,491,7.74
147,David Moore,29,CAR,WR,17,5,57,32,351,18,291,9.1,60,1.9,10.8,1.0,32.0,4,7.0,92.1,518,11.0
148,Foster Moreau,27,NOR,TE,17,17,43,32,413,21,255,8.0,158,4.9,9.2,2.0,16.0,0,0.0,133.2,517,8.32
149,Chris Olave,24,NOR,WR,8,8,44,32,400,22,279,8.7,121,3.8,10.3,1.0,32.0,2,4.5,89.2,517,8.51
150,Sterling Shepard,31,TAM,WR,14,5,51,32,334,16,235,7.3,99,3.1,9.3,1.0,32.0,4,7.8,88.2,563,9.06
151,Parker Washington,22,JAX,WR,17,7,51,32,390,19,282,8.8,108,3.4,11.2,2.0,16.0,1,2.0,97.7,522,9.77
152,Nick Westbrook-Ikhine,27,TEN,WR,17,9,60,32,497,25,373,11.7,124,3.9,11.5,2.0,16.0,4,6.7,99.8,507,11.83
153,Mack Hollins,31,BUF,WR,17,13,50,31,378,25,288,9.3,90,2.9,11.1,0.0,,3,6.0,118.6,495,10.1
154,Lil'Jordan Humphrey,26,DEN,WR,17,7,45,31,293,12,101,3.3,192,6.2,6.5,3.0,10.3,3,6.7,75.5,549,8.2
155,Ricky Pearsall,24,SFO,WR,11,4,46,31,400,19,286,9.2,114,3.7,11.4,1.0,31.0,0,0.0,89.0,513,8.97
156,Demarcus Robinson,30,LAR,WR,17,17,64,31,505,27,434,14.0,71,2.3,14.2,1.0,31.0,1,1.6,85.7,541,11.83
157,Curtis Samuel,28,BUF,WR,14,2,46,31,253,9,93,3.0,160,5.2,4.6,1.0,31.0,1,2.2,79.3,495,9.29
158,KaVontae Turpin,28,DAL,WR,17,2,52,31,420,18,160,5.2,260,8.4,8.5,2.0,15.5,2,3.8,82.2,622,8.36
159,AJ Barner,22,SEA,TE,17,6,38,30,245,18,81,2.7,164,5.5,3.6,1.0,30.0,3,7.9,117.7,569,6.68
160,Dyami Brown,25,WAS,WR,16,3,40,30,308,13,90,3.0,218,7.3,7.1,4.0,7.5,2,5.0,105.0,504,7.94
161,Colby Parkinson,25,LAR,TE,17,9,49,30,294,15,134,4.5,160,5.3,5.3,1.0,30.0,2,4.1,84.9,541,9.06
162,Tyjae Spears,23,TEN,RB,12,1,35,30,224,9,-31,-1.0,255,8.5,-1.2,4.0,7.5,1,2.9,102.9,507,6.9
163,Keon Coleman,21,BUF,WR,13,12,57,29,556,22,341,11.8,215,7.4,15.2,4.0,7.3,4,7.0,93.9,495,11.52
164,Theo Johnson,23,NYG,TE,12,11,43,29,331,16,182,6.3,149,5.1,6.7,1.0,29.0,5,11.6,88.4,554,7.76
165,Cedric Tillman,24,CLE,WR,11,6,49,29,339,15,235,8.1,104,3.6,11.1,4.0,7.3,3,6.1,83.6,634,7.73
166,Christian Watson,25,GNB,WR,15,15,53,29,620,21,471,16.2,149,5.1,17.8,0.0,,2,3.8,93.3,464,11.42
167,Kendrick Bourne,29,NWE,WR,12,9,38,28,305,13,211,7.5,94,3.4,9.3,0.0,,4,10.5,105.7,500,7.6
168,Troy Franklin,21,DEN,WR,16,6,53,28,263,11,100,3.6,163,5.8,13.0,1.0,28.0,3,5.7,71.5,549,9.65
169,Jalen Nailor,25,MIN,WR,17,7,42,28,414,22,308,11.0,106,3.8,11.5,0.0,,4,9.5,138.3,517,8.12
170,Samaje Perine,29,KAN,RB,17,0,35,28,322,15,9,0.3,313,11.2,0.3,3.0,9.3,1,2.9,114.5,572,6.12
171,Josh Whyle,25,TEN,TE,17,4,37,28,248,14,105,3.8,143,5.1,5.6,1.0,28.0,1,2.7,102.1,507,7.3
172,Christian Kirk,28,JAX,WR,8,7,47,27,379,18,266,9.9,113,4.2,13.7,1.0,27.0,1,2.1,72.9,522,9.0
173,Luke Schoonmaker,26,DAL,TE,17,6,36,27,241,11,144,5.3,97,3.6,5.5,0.0,,0,0.0,101.7,622,5.79
174,Brandin Cooks,31,DAL,WR,10,9,54,26,259,19,204,7.8,55,2.1,11.7,0.0,,1,1.9,65.3,622,8.68
175,Tyler Johnson,26,LAR,WR,15,2,41,26,291,10,108,4.2,183,7.0,5.6,0.0,,1,2.4,72.3,541,7.58
176,Malik Washington,23,MIA,WR,14,3,36,26,223,13,100,3.8,123,4.7,5.4,1.0,26.0,2,5.6,88.1,568,6.34
177,Brandon Aiyuk,26,SFO,WR,7,7,47,25,374,19,267,10.7,107,4.3,11.9,2.0,12.5,4,8.5,61.8,513,9.16
178,Grant Calcaterra,26,PHI,TE,17,13,30,24,298,15,172,7.2,126,5.3,7.3,0.0,,0,0.0,119.2,418,7.18
179,Van Jefferson,28,PIT,WR,17,12,40,24,276,12,198,8.3,78,3.3,11.6,0.0,,0,0.0,97.5,460,8.7
180,Jaleel McLaughlin,24,DEN,RB,16,5,27,24,76,3,-91,-3.8,167,7.0,-3.8,1.0,24.0,0,0.0,103.9,549,4.92
181,John Metchie,24,HOU,WR,13,3,37,24,254,11,185,7.7,69,2.9,9.0,0.0,,0,0.0,82.5,547,6.76
182,Rashee Rice,24,KAN,WR,4,4,29,24,288,15,102,4.3,186,7.8,5.2,4.0,6.0,1,3.4,116.7,572,5.07
183,Miles Sanders,27,CAR,RB,11,2,30,24,148,5,-2,-0.1,150,6.3,1.4,1.0,24.0,0,0.0,84.4,518,5.79
184,Antonio Gibson,26,NWE,RB,17,3,29,23,206,11,-7,-0.3,213,9.3,1.8,3.0,7.7,1,3.4,67.5,500,5.8
185,Taysom Hill,34,NOR,TE,8,8,31,23,187,8,50,2.2,137,6.0,3.5,2.0,11.5,2,6.5,89.0,517,6.0
186,Kareem Hunt,29,KAN,RB,13,8,32,23,176,10,-40,-1.7,216,9.4,-1.9,4.0,5.8,0,0.0,84.9,572,5.59
187,Adonai Mitchell,22,IND,WR,17,7,55,23,312,16,211,9.2,101,4.4,14.1,0.0,,4,7.3,60.6,492,11.18
188,Zack Moss,27,CIN,RB,8,6,27,23,187,11,-7,-0.3,194,8.4,0.1,3.0,7.7,1,3.7,107.9,628,4.3
189,Tommy Tremble,24,CAR,TE,12,11,32,23,234,12,109,4.7,125,5.4,5.7,1.0,23.0,1,3.1,100.3,518,6.18
190,Dawson Knox,28,BUF,TE,16,13,33,22,311,12,217,9.9,94,4.3,8.8,0.0,,1,3.0,94.4,495,6.67
191,Josh Oliver,27,MIN,TE,15,12,28,22,258,14,129,5.9,129,5.9,7.8,0.0,,2,7.1,140.8,517,5.42
192,Justin Watson,28,KAN,WR,17,7,32,22,289,13,221,10.0,68,3.1,15.1,0.0,,2,6.3,117.8,572,5.59
193,Jordan Whittington,24,LAR,WR,15,3,28,22,293,14,90,4.1,203,9.2,3.8,1.0,22.0,0,0.0,110.3,541,5.18
194,Michael Mayer,23,LVR,TE,11,8,32,21,156,8,95,4.5,61,2.9,6.2,2.0,10.5,2,6.3,77.1,592,5.41
195,Devin Singletary,27,NYG,RB,15,5,24,21,119,4,-59,-2.8,178,8.5,-2.8,1.0,21.0,1,4.2,52.6,554,4.33
196,Mike Williams,30,2TM,WR,18,5,34,21,298,14,263,12.5,35,1.7,15.2,0.0,,2,5.9,75.4,481,7.07
196,Mike Williams,30,NYJ,WR,9,3,21,12,166,9,142,11.8,24,2.0,14.5,0.0,,2,9.5,43.1,589,3.57
196,Mike Williams,30,PIT,WR,9,2,13,9,132,5,121,13.4,11,1.2,16.5,0.0,,0,0.0,127.7,460,2.83
197,Erick All,24,CIN,TE,9,6,22,20,158,8,71,3.6,87,4.4,3.4,1.0,20.0,1,4.5,96.6,628,3.5
198,Gabriel Davis,25,JAX,WR,10,9,42,20,239,13,200,10.0,39,2.0,13.2,0.0,,0,0.0,61.5,522,8.05
199,Elijah Higgins,24,ARI,TE,17,6,24,20,172,10,82,4.1,90,4.5,4.5,3.0,6.7,1,4.2,124.3,523,4.59
200,Brian Robinson Jr.,25,WAS,RB,14,13,25,20,159,4,-20,-1.0,179,9.0,-0.9,1.0,20.0,0,0.0,76.5,504,4.96
201,Drew Sample,28,CIN,TE,17,15,22,20,109,8,28,1.4,81,4.1,1.5,1.0,20.0,0,0.0,102.5,628,3.5
202,Rashid Shaheed,26,NOR,WR,6,5,41,20,349,12,243,12.2,106,5.3,17.6,0.0,,0,0.0,63.0,517,7.93
203,Cedrick Wilson Jr.,29,NOR,WR,15,4,27,20,211,8,122,6.1,89,4.5,7.3,1.0,20.0,3,11.1,93.3,517,5.22
204,Robert Woods,32,HOU,WR,15,4,30,20,203,12,130,6.5,73,3.7,9.6,0.0,,1,3.3,85.8,547,5.48
205,Braelon Allen,20,NYJ,RB,17,2,27,19,148,8,-15,-0.8,163,8.6,-0.2,2.0,9.5,4,14.8,95.9,589,4.58
206,Jahan Dotson,24,PHI,WR,17,6,33,19,216,12,144,7.6,72,3.8,9.9,0.0,,0,0.0,77.3,418,7.89
207,Derrick Henry,30,BAL,RB,17,17,22,19,193,11,-23,-1.2,216,11.4,-1.1,8.0,2.4,1,4.5,133.5,457,4.81
208,Tanner Hudson,30,CIN,TE,11,0,23,19,154,9,57,3.0,97,5.1,4.3,0.0,,1,4.3,109.1,628,3.66
209,Kyle Juszczyk,33,SFO,FB,17,15,31,19,200,8,107,5.6,93,4.9,6.0,0.0,,1,3.2,88.1,513,6.04
210,Lucas Krull,26,DEN,TE,13,2,23,19,152,7,85,4.5,67,3.5,5.1,2.0,9.5,0,0.0,94.2,549,4.19
211,Raheem Mostert,32,MIA,RB,13,1,23,19,161,10,15,0.8,146,7.7,0.6,2.0,9.5,0,0.0,95.8,568,4.05
212,Johnny Mundt,30,MIN,TE,17,3,27,19,142,8,59,3.1,83,4.4,4.1,2.0,9.5,2,7.4,107.3,517,5.22
213,Dare Ogunbowale,30,HOU,RB,17,1,28,19,198,8,30,1.6,168,8.8,1.7,0.0,,2,7.1,100.0,547,5.12
214,Darnell Washington,23,PIT,TE,17,9,25,19,200,9,74,3.9,126,6.6,4.3,2.0,9.5,0,0.0,95.4,460,5.43
215,Marquez Valdes-Scantling,30,2TM,WR,14,8,44,19,411,14,268,14.1,143,7.5,17.4,1.0,19.0,2,4.5,97.8,481,9.15
215,Marquez Valdes-Scantling,30,BUF,WR,6,0,9,2,26,1,20,10.0,6,3.0,15.7,0.0,,0,0.0,39.6,495,1.82
215,Marquez Valdes-Scantling,30,NOR,WR,8,8,35,17,385,13,248,14.6,137,8.1,17.8,1.0,17.0,2,5.7,114.6,517,6.77
216,Ty Johnson,27,BUF,RB,17,1,25,18,284,14,114,6.3,170,9.4,8.2,1.0,18.0,0,0.0,149.0,495,5.05
217,Luke McCaffrey,23,WAS,WR,17,4,24,18,168,8,71,3.9,97,5.4,7.1,1.0,18.0,1,4.2,59.0,504,4.76
218,Jeremy Ruckert,24,NYJ,TE,17,9,28,18,105,6,21,1.2,84,4.7,3.4,0.0,,2,7.1,71.3,589,4.75
219,JuJu Smith-Schuster,28,KAN,WR,14,8,26,18,231,11,76,4.2,155,8.6,5.6,4.0,4.5,2,7.7,106.4,572,4.55
220,Jonathan Taylor,25,IND,RB,14,13,31,18,136,7,-14,-0.8,150,8.3,-0.3,2.0,9.0,3,9.7,66.1,492,6.3
221,Ray Davis,25,BUF,RB,17,0,19,17,189,8,25,1.5,164,9.6,0.8,0.0,,0,0.0,147.7,495,3.84
222,Kalif Raymond,30,DET,WR,12,2,22,17,215,10,78,4.6,137,8.1,8.0,0.0,,0,0.0,137.5,522,4.21
223,Nick Vannett,31,TEN,TE,17,10,20,17,135,7,25,1.5,110,6.5,1.1,0.0,,0,0.0,113.5,507,3.94
224,Jonathan Mingo,23,2TM,WR,17,6,42,17,167,6,100,5.9,67,3.9,10.5,1.0,17.0,2,4.8,42.5,481,8.73
224,Jonathan Mingo,23,CAR,WR,9,5,26,12,121,4,57,4.8,64,5.3,8.7,1.0,12.0,2,7.7,43.9,518,5.02
224,Jonathan Mingo,23,DAL,WR,8,1,16,5,46,2,43,8.6,3,0.6,13.3,0.0,,0,0.0,40.6,622,2.57
225,Emari Demercado,25,ARI,RB,13,0,20,16,104,3,9,0.6,95,5.9,1.3,1.0,16.0,0,0.0,88.3,523,3.82
226,Kenneth Gainwell,25,PHI,RB,17,1,22,16,116,5,8,0.5,108,6.8,1.0,4.0,4.0,0,0.0,84.7,418,5.26
227,Roschon Johnson,23,CHI,RB,14,0,20,16,104,6,8,0.5,96,6.0,0.6,4.0,4.0,0,0.0,88.3,527,3.8
228,Trey Sermon,25,IND,RB,17,3,19,16,99,3,0,0.0,99,6.2,0.3,1.0,16.0,1,5.3,88.4,492,3.86
229,Stone Smartt,26,LAC,TE,15,2,19,16,208,11,142,8.9,66,4.1,10.1,0.0,,2,10.5,112.3,491,3.87
230,DJ Turner,27,LVR,WR,12,6,29,16,158,9,75,4.7,83,5.2,8.8,2.0,8.0,1,3.4,53.5,592,4.9
231,Isaac Guerendo,24,SFO,RB,16,3,16,15,152,7,45,3.0,107,7.1,3.1,1.0,15.0,0,0.0,106.2,513,3.12
232,Christian McCaffrey,28,SFO,RB,4,4,19,15,146,6,48,3.2,98,6.5,3.2,1.0,15.0,0,0.0,76.8,513,3.7
233,Cade Stover,24,HOU,TE,15,9,22,15,133,5,39,2.6,94,6.3,5.4,2.0,7.5,1,4.5,99.2,547,4.02
234,Nate Adkins,25,DEN,TE,17,10,15,14,115,6,39,2.8,76,5.4,4.1,1.0,14.0,0,0.0,138.2,549,2.73
235,Nelson Agholor,31,BAL,WR,14,7,29,14,231,10,146,10.4,85,6.1,13.4,1.0,14.0,4,13.8,98.5,457,6.35
236,Daniel Bellinger,24,NYG,TE,17,8,17,14,125,8,72,5.1,53,3.8,5.1,0.0,,0,0.0,97.3,554,3.07
237,Kylen Granson,26,IND,TE,17,6,31,14,182,8,73,5.2,109,7.8,11.3,0.0,,1,3.2,37.3,492,6.3
238,Pierre Strong,26,CLE,RB,14,0,22,14,104,3,-19,-1.4,123,8.8,0.3,2.0,7.0,2,9.1,74.8,634,3.47
239,Mason Tipton,24,NOR,WR,11,1,26,14,99,2,72,5.1,27,1.9,12.4,1.0,14.0,1,3.8,62.8,517,5.03
240,Cam Akers,25,2TM,RB,17,2,18,14,68,4,-15,-1.1,83,5.9,-1.5,0.0,,0,0.0,122.0,481,3.74
240,Cam Akers,25,HOU,RB,5,2,7,4,16,1,5,1.3,11,2.8,-0.6,0.0,,0,0.0,101.8,547,1.28
240,Cam Akers,25,MIN,RB,12,0,11,10,52,3,-20,-2.0,72,7.2,-2.1,0.0,,0,0.0,125.9,517,2.13
241,Tyler Allgeier,24,ATL,RB,17,0,13,13,88,2,-5,-0.4,93,7.2,-0.4,2.0,6.5,0,0.0,94.9,539,2.41
242,Jake Bobo,26,SEA,WR,17,3,17,13,107,8,80,6.2,27,2.1,8.1,0.0,,1,5.9,111.6,569,2.99
243,Derius Davis,24,LAC,WR,15,2,17,13,112,5,-7,-0.5,119,9.2,3.8,1.0,13.0,0,0.0,132.5,491,3.46
244,Adam Trautman,27,DEN,TE,17,14,22,13,188,8,90,6.9,98,7.5,5.5,0.0,,1,4.5,117.2,549,4.01
245,Brock Wright,26,DET,TE,17,8,16,13,100,7,25,1.9,75,5.8,5.1,1.0,13.0,0,0.0,106.2,522,3.07
246,Josh Reynolds,29,2TM,WR,9,2,24,13,194,8,159,12.2,35,2.7,11.0,0.0,,0,0.0,94.8,481,4.99
246,Josh Reynolds,29,DEN,WR,5,1,19,12,183,8,148,12.3,35,2.9,11.4,0.0,,0,0.0,112.4,549,3.46
246,Josh Reynolds,29,JAX,WR,4,1,5,1,11,0,11,11.0,0,0.0,0.0,39.6,,ReynJo00,,,522,0.96
247,Mo Alie-Cox,31,IND,TE,17,13,22,12,147,7,98,8.2,49,4.1,9.6,0.0,,1,4.5,71.6,492,4.47
248,Jalen Brooks,24,DAL,WR,14,1,30,12,177,8,140,11.7,37,3.1,13.5,1.0,12.0,1,3.3,43.3,622,4.82
249,Ezekiel Elliott,29,DAL,RB,15,2,15,12,69,3,-28,-2.3,97,8.1,-1.8,1.0,12.0,0,0.0,85.8,622,2.41
250,Luke Farrell,27,JAX,TE,17,8,17,12,67,4,37,3.1,30,2.5,4.8,1.0,12.0,1,5.9,52.8,522,3.26
251,Mecole Hardman,26,KAN,WR,12,0,14,12,90,6,-9,-0.8,99,8.3,-1.0,0.0,,0,0.0,93.5,572,2.45
252,Julian Hill,24,MIA,TE,16,11,19,12,100,5,42,3.5,58,4.8,6.3,3.0,4.0,2,10.5,76.6,568,3.35
253,Xavier Hutchinson,24,HOU,WR,16,3,26,12,117,6,80,6.7,37,3.1,9.7,0.0,,2,7.7,43.3,547,4.75
254,DErnest Johnson,28,JAX,RB,14,1,19,12,96,3,-5,-0.4,101,8.4,0.4,0.0,,0,0.0,53.8,522,3.64
255,Hunter Luepke,24,DAL,RB,16,4,16,12,111,5,27,2.3,84,7.0,2.4,0.0,,0,0.0,93.5,622,2.57
256,Ryan Miller,24,TAM,WR,11,3,20,12,128,7,73,6.1,55,4.6,8.8,0.0,,2,10.0,91.2,563,3.55
257,Jordan Mims,25,NOR,RB,11,0,18,12,71,4,-9,-0.8,80,6.7,0.2,1.0,12.0,2,11.1,74.1,517,3.48
258,Isiah Pacheco,25,KAN,RB,7,6,16,12,79,4,-40,-3.3,119,9.9,-1.4,1.0,12.0,1,6.3,85.2,572,2.8
259,Trey Palmer,23,TAM,WR,15,3,22,12,172,7,130,10.8,42,3.5,14.5,0.0,,1,4.5,95.3,563,3.91
260,Cordarrelle Patterson,33,PIT,RB,13,1,14,12,80,5,24,2.0,56,4.7,3.0,1.0,12.0,0,0.0,84.5,460,3.04
261,Dante Pettis,29,NOR,WR,8,0,28,12,120,8,84,7.0,36,3.0,10.1,2.0,6.0,1,3.6,67.6,517,5.42
262,Ja'Lynn Polk,22,NWE,WR,15,7,33,12,87,4,74,6.2,13,1.1,11.5,0.0,,4,12.1,52.5,500,6.6
263,Kevin Austin,24,NOR,WR,8,2,22,11,151,10,114,10.4,37,3.4,11.6,0.0,,2,9.1,53.4,517,4.26
264,Chris Brooks,24,GNB,RB,15,0,13,11,69,2,-26,-2.4,95,8.6,-1.7,1.0,11.0,1,7.7,88.8,464,2.8
265,Michael Carter,25,ARI,RB,3,1,11,11,57,2,-16,-1.5,73,6.6,-1.5,2.0,5.5,0,0.0,88.3,523,2.1
266,Payne Durham,24,TAM,TE,16,6,14,11,115,5,91,8.3,24,2.2,8.9,0.0,,0,0.0,140.5,563,2.49
267,Devin Duvernay,27,JAX,WR,13,1,16,11,79,7,16,1.5,63,5.7,11.4,0.0,,1,6.3,53.9,522,3.07
268,Tyler Goodson,24,IND,RB,16,0,15,11,61,3,-6,-0.5,67,6.1,1.3,2.0,5.5,2,13.3,102.4,492,3.05
269,Alec Ingold,28,MIA,FB,15,10,12,11,96,3,20,1.8,76,6.9,2.1,0.0,,0,0.0,100.0,568,2.11
270,Jordan Mason,25,SFO,RB,12,6,14,11,91,5,32,2.9,59,5.4,3.7,1.0,11.0,0,0.0,93.7,513,2.73
271,Eric Saubert,30,SFO,TE,17,3,14,11,97,5,62,5.6,35,3.2,5.2,0.0,,1,7.1,119.3,513,2.73
272,Tylan Wallace,25,BAL,WR,17,0,12,11,193,5,65,5.9,128,11.6,6.1,1.0,11.0,1,8.3,146.5,457,2.63
273,Emanuel Wilson,25,GNB,RB,17,0,14,11,48,3,-51,-4.6,99,9.0,-4.5,1.0,11.0,0,0.0,104.8,464,3.02
274,Michael Burton,32,DEN,FB,17,2,10,10,65,3,24,2.4,41,4.1,2.4,0.0,,0,0.0,127.1,549,1.82
275,Ryan Flournoy,25,DAL,WR,11,1,14,10,102,5,68,6.8,34,3.4,8.2,0.0,,1,7.1,92.0,622,2.25
276,Eric Gray,25,NYG,RB,17,0,11,10,82,3,-21,-2.1,103,10.3,-2.0,1.0,10.0,1,9.1,97.7,554,1.99
277,Jamycal Hasty,28,NWE,RB,15,0,12,10,59,2,-13,-1.3,72,7.2,-1.3,1.0,10.0,0,0.0,114.9,500,2.4
278,Malik Heath,24,GNB,WR,13,1,13,10,97,5,74,7.4,23,2.3,6.5,0.0,,0,0.0,136.9,464,2.8
279,Khalil Herbert,26,2TM,RB,14,1,11,10,25,0,-19,-1.9,44,4.4,-2.1,0.0,,1,9.1,79.2,481,2.29
279,Khalil Herbert,26,CHI,RB,6,0,2,2,4,0,-2,-1.0,6,3.0,-1.0,0.0,,0,0.0,79.2,527,0.38
279,Khalil Herbert,26,CIN,RB,8,1,9,8,21,0,-17,-2.1,38,4.8,-2.3,0.0,,1,11.1,79.2,628,1.43
280,Odell Beckham Jr.,32,MIA,WR,9,0,18,9,55,3,41,4.6,14,1.6,7.6,0.0,,1,5.6,33.3,568,3.17
281,Marquise Brown,27,KAN,WR,2,1,15,9,91,5,45,5.0,46,5.1,8.2,0.0,,0,0.0,77.4,572,2.62
282,Harrison Bryant,26,LVR,TE,13,3,12,9,86,5,15,1.7,71,7.9,3.4,2.0,4.5,0,0.0,59.7,592,2.03
283,DeAndre Carter,31,CHI,WR,13,0,14,9,72,3,40,4.4,32,3.6,11.1,2.0,4.5,0,0.0,47.3,527,2.66
284,Jamison Crowder,31,WAS,WR,6,1,13,9,72,4,61,6.8,11,1.2,8.3,0.0,,0,0.0,90.4,504,2.58
285,Isaiah Davis,22,NYJ,RB,17,0,12,9,75,4,0,0.0,75,8.3,1.3,0.0,,1,8.3,118.4,589,2.04
286,Rakim Jarrett,23,TAM,WR,10,2,11,9,124,5,106,11.8,18,2.0,11.5,0.0,,0,0.0,113.6,563,1.95
287,Charlie Kolar,25,BAL,TE,13,3,11,9,131,4,55,6.1,76,8.4,6.0,0.0,,0,0.0,146.6,457,2.41
288,Jeremy McNichols,29,WAS,RB,17,1,12,9,27,1,-6,-0.7,33,3.7,1.6,0.0,,0,0.0,77.1,504,2.38
289,Bub Means,23,NOR,WR,7,1,15,9,118,7,98,10.9,20,2.2,11.3,0.0,,1,6.7,107.1,517,2.9
290,Andrew Ogletree,26,IND,TE,17,6,14,9,109,6,59,6.6,50,5.6,10.7,0.0,,1,7.1,82.1,492,2.85
291,Durham Smythe,29,MIA,TE,17,4,17,9,53,1,37,4.1,16,1.8,5.5,0.0,,1,5.9,59.2,568,2.99
292,Brevyn Spann-Ford,25,DAL,TE,17,0,14,9,88,6,35,3.9,53,5.9,5.9,0.0,,0,0.0,81.8,622,2.25
293,Sean Tucker,23,TAM,RB,17,0,12,9,109,6,4,0.4,105,11.7,0.6,1.0,9.0,0,0.0,130.2,563,2.13
294,Jamaal Williams,29,NOR,RB,14,1,11,9,57,3,4,0.4,53,5.9,-1.3,0.0,,0,0.0,88.3,517,2.13
295,John Bates,27,WAS,TE,17,6,13,8,84,3,35,4.4,49,6.1,4.8,1.0,8.0,1,7.7,80.3,504,2.58
296,Pharaoh Brown,30,SEA,TE,15,7,12,8,65,2,35,4.4,30,3.8,4.2,1.0,8.0,1,8.3,80.2,569,2.11
297,Gerald Everett,30,CHI,TE,17,4,13,8,36,1,-5,-0.6,41,5.1,2.8,2.0,4.0,1,7.7,65.9,527,2.47
298,Tyler Higbee,31,LAR,TE,3,3,12,8,66,5,18,2.3,48,6.0,2.2,0.0,,0,0.0,120.1,541,2.22
299,Hayden Hurst,31,LAC,TE,9,2,13,8,73,2,53,6.6,20,2.5,4.8,0.0,,2,15.4,76.8,491,2.65
300,Jalin Hyatt,23,NYG,WR,16,3,19,8,62,3,56,7.0,6,0.8,19.1,0.0,,2,10.5,11.2,554,3.43
301,Zay Jones,29,ARI,WR,11,2,11,8,84,5,65,8.1,19,2.4,8.6,0.0,,0,0.0,56.6,523,2.1
302,Bo Melton,25,GNB,WR,17,0,17,8,91,5,84,10.5,7,0.9,17.8,0.0,,0,0.0,39.1,464,3.66
303,Trent Sherfield,28,MIN,WR,17,1,9,8,83,4,43,5.4,40,5.0,6.0,0.0,,0,0.0,102.5,517,1.74
304,Tank Bigsby,23,JAX,RB,16,1,12,7,54,1,-10,-1.4,64,9.1,-1.1,1.0,7.0,2,16.7,34.7,522,2.3
305,Blake Corum,24,LAR,RB,17,1,8,7,58,5,-7,-1.0,65,9.3,-0.6,1.0,7.0,1,12.5,96.9,541,1.48
306,Britain Covey,27,PHI,WR,5,1,8,7,34,2,6,0.9,28,4.0,1.1,0.0,,1,12.5,84.4,418,1.91
307,River Cracraft,30,MIA,WR,8,0,9,7,66,4,55,7.9,11,1.6,7.9,0.0,,1,11.1,97.2,568,1.58
308,Tucker Fisk,25,LAC,TE,9,5,8,7,39,1,18,2.6,21,3.0,2.5,0.0,,0,0.0,87.0,491,1.63
309,KhaDarel Hodge,29,ATL,WR,17,2,12,7,131,6,42,6.0,89,12.7,10.8,0.0,,1,8.3,124.0,539,2.23
310,Hunter Long,26,LAR,TE,17,2,9,7,60,2,30,4.3,30,4.3,3.4,0.0,,1,11.1,94.4,541,1.66
311,Luke Musgrave,24,GNB,TE,7,3,10,7,45,2,27,3.9,18,2.6,6.6,0.0,,0,0.0,39.6,464,2.16
312,K.J. Osborn,27,NWE,WR,7,4,18,7,57,2,41,5.9,16,2.3,5.9,0.0,,1,5.6,66.2,500,3.6
313,Brandon Powell,29,MIN,WR,17,1,10,7,71,5,59,8.4,12,1.7,10.1,0.0,,0,0.0,90.0,517,1.93
314,Jalen Reagor,25,LAC,WR,8,2,12,7,100,3,74,10.6,26,3.7,10.3,0.0,,0,0.0,85.4,491,2.44
315,Ainias Smith,23,PHI,WR,7,1,9,7,41,1,18,2.6,23,3.3,1.3,0.0,,0,0.0,122.7,418,2.15
316,Carson Steele,22,KAN,RB,17,3,11,7,26,0,-17,-2.4,43,6.1,-1.5,3.0,2.3,0,0.0,67.6,572,1.92
317,Charlie Woerner,27,ATL,TE,16,5,12,7,46,3,25,3.6,21,3.0,2.9,0.0,,1,8.3,31.9,539,2.23
318,Michael Woods II,24,CLE,WR,5,2,17,7,65,4,30,4.3,35,5.0,11.0,1.0,7.0,2,11.8,27.8,634,2.68
319,Davis Allen,23,LAR,TE,15,5,13,6,39,2,18,3.0,21,3.5,3.8,0.0,,2,15.4,53.0,541,2.4
320,Trey Benson,21,ARI,RB,13,1,6,6,59,3,-19,-3.2,78,13.0,-3.2,2.0,3.0,0,0.0,107.6,523,1.15
321,Parris Campbell,27,PHI,WR,5,0,8,6,30,1,21,3.5,9,1.5,4.3,0.0,,0,0.0,119.8,418,1.91
322,Ty Chandler,26,MIN,RB,17,0,6,6,42,2,-11,-1.8,53,8.8,-1.8,0.0,,0,0.0,95.8,517,1.16
323,Chris Conley,32,SFO,WR,15,2,12,6,76,3,57,9.5,19,3.2,17.4,0.0,,0,0.0,35.4,513,2.34
324,Simi Fehoko,27,LAC,WR,8,2,16,6,106,6,90,15.0,16,2.7,14.8,0.0,,2,12.5,60.9,491,3.26
325,DOnta Foreman,28,CLE,RB,11,3,8,6,54,1,6,1.0,48,8.0,0.9,1.0,6.0,2,25.0,92.7,634,1.26
326,Xavier Gipson,23,NYJ,WR,17,0,10,6,39,3,17,2.8,22,3.7,11.2,0.0,,1,10.0,101.7,589,1.7
327,Connor Heyward,25,PIT,TE,17,5,8,6,40,3,33,5.5,7,1.2,8.4,0.0,,2,25.0,125.0,460,1.74
328,Sincere McCormick,24,LVR,RB,5,2,7,6,29,2,0,0.0,29,4.8,0.4,0.0,,0,0.0,83.9,592,1.18
329,Bryce Oliver,24,TEN,WR,10,1,9,6,95,4,69,11.5,26,4.3,10.6,0.0,,0,0.0,101.6,507,1.78
330,MyCole Pruitt,32,PIT,TE,12,5,10,6,40,2,24,4.0,16,2.7,2.7,0.0,,0,0.0,62.5,460,2.17
331,Tip Reiman,23,ARI,TE,17,9,7,6,37,1,8,1.3,29,4.8,1.7,1.0,6.0,0,0.0,88.7,523,1.34
332,Zamir White,25,LVR,RB,8,5,8,6,30,2,-20,-3.3,50,8.3,-3.1,2.0,3.0,1,12.5,80.2,592,1.35
333,Blake Whiteheart,24,CLE,TE,11,2,9,6,51,2,41,6.8,10,1.7,9.0,0.0,,0,0.0,78.7,634,1.42
334,Nick Chubb,29,CLE,RB,8,8,11,5,31,3,0,0.0,31,6.2,-0.5,0.0,,0,0.0,43.2,634,1.74
335,Devin Culp,24,TAM,TE,5,0,6,5,88,4,57,11.4,31,6.2,12.2,0.0,,0,0.0,118.7,563,1.07
336,Greg Dulcich,24,DEN,TE,4,3,12,5,28,0,13,2.6,15,3.0,5.9,0.0,,2,16.7,49.3,549,2.19
337,Audric Estime,21,DEN,RB,13,1,5,5,27,2,-10,-2.0,37,7.4,-2.0,0.0,,0,0.0,89.2,549,0.91
338,Cam Grandy,24,CIN,TE,8,6,5,5,28,1,12,2.4,16,3.2,2.4,0.0,,0,0.0,90.0,628,0.8
339,C.J. Ham,31,MIN,FB,17,3,6,5,35,1,6,1.2,29,5.8,0.2,0.0,,0,0.0,91.0,517,1.16
340,Peyton Hendershot,25,KAN,TE,7,1,5,5,51,2,19,3.8,32,6.4,3.8,0.0,,0,0.0,109.2,572,0.87
341,Kendre Miller,22,NOR,RB,6,2,8,5,33,2,0,0.0,33,6.6,0.4,0.0,,2,25.0,71.4,517,1.55
342,Scott Miller,27,PIT,WR,13,1,9,5,69,2,36,7.2,33,6.6,11.8,1.0,5.0,1,11.1,80.3,460,1.96
343,Quintin Morris,25,BUF,TE,16,3,8,5,36,3,14,2.8,22,4.4,9.3,0.0,,1,12.5,112.5,495,1.62
344,Ronnie Rivers,25,LAR,RB,17,0,6,5,34,1,-24,-4.8,58,11.6,-4.3,0.0,,0,0.0,90.3,541,1.11
345,Laviska Shenault Jr.,26,SEA,WR,11,1,5,5,36,2,-10,-2.0,46,9.2,-2.0,0.0,,0,0.0,96.7,569,0.88
346,Ben Sinnott,22,WAS,TE,17,2,5,5,28,2,9,1.8,19,3.8,1.8,0.0,,0,0.0,129.6,504,0.99
347,Ben Skowronek,27,PIT,WR,10,1,5,5,69,4,40,8.0,29,5.8,8.0,0.0,,0,0.0,118.7,460,1.09
348,Kimani Vidal,23,LAC,RB,10,0,9,5,62,2,25,5.0,37,7.4,5.3,0.0,,3,33.3,114.1,491,1.83
349,Johnny Wilson,23,PHI,WR,16,4,15,5,38,3,23,4.6,15,3.0,9.8,0.0,,1,6.7,64.6,418,3.59
350,Kenny Yeboah,26,NYJ,TE,9,1,8,5,47,3,13,2.6,34,6.8,4.6,0.0,,2,25.0,118.2,589,1.36
351,Treylon Burks,24,TEN,WR,5,2,8,4,34,3,29,7.3,5,1.3,16.9,1.0,4.0,2,25.0,21.9,507,1.58
352,Jermaine Burton,23,CIN,WR,14,1,14,4,107,4,85,21.3,22,5.5,21.1,0.0,,1,7.1,58.9,628,2.23
353,DJ Chark,28,LAC,WR,7,0,10,4,31,1,24,6.0,7,1.8,11.5,0.0,,0,0.0,81.7,491,2.04
354,Jacob Cowing,23,SFO,WR,15,0,6,4,80,3,54,13.5,26,6.5,12.7,0.0,,0,0.0,70.1,513,1.17
355,Will Mallory,25,IND,TE,10,0,8,4,29,1,25,6.3,4,1.0,8.6,1.0,4.0,0,0.0,19.3,492,1.63
356,Scott Matlock,24,LAC,FB/DL,17,11,5,4,28,1,5,1.3,23,5.8,1.4,0.0,,1,20.0,90.0,491,1.02
357,Will Shipley,22,PHI,RB,16,1,4,4,35,2,7,1.8,28,7.0,1.8,0.0,,0,0.0,103.1,418,0.96
358,Ben Sims,24,GNB,TE,17,5,5,4,42,1,26,6.5,16,4.0,8.0,0.0,,0,0.0,101.7,464,1.08
359,Deven Thompkins,25,CAR,WR,7,0,4,4,20,2,-8,-2.0,28,7.0,-2.0,0.0,,0,0.0,87.5,518,0.77
360,Tyquan Thornton,24,NWE,WR,6,1,8,4,47,2,23,5.8,24,6.0,15.8,1.0,4.0,0,0.0,28.6,500,1.6
361,Alex Bachman,28,LVR,WR,6,1,3,3,31,2,21,7.0,10,3.3,7.0,0.0,,0,0.0,109.7,592,0.51
362,Tyler Badie,24,DEN,RB,3,0,3,3,-2,0,-6,-2.0,4,1.3,-2.0,0.0,,0,0.0,79.2,549,0.55
363,David Bell,24,CLE,WR,1,0,3,3,27,1,19,6.3,8,2.7,6.3,0.0,,0,0.0,104.2,634,0.47
364,Jonathon Brooks,21,CAR,RB,3,1,3,3,23,2,-8,-2.7,31,10.3,-2.7,0.0,,0,0.0,98.6,518,0.58
365,Dan Chisena,27,CAR,WR,6,0,4,3,37,2,28,9.3,9,3.0,7.5,0.0,,0,0.0,103.1,518,0.77
366,Tanner Conner,26,MIA,TE,8,1,4,3,16,1,11,3.7,5,1.7,11.5,0.0,,0,0.0,81.2,568,0.7
367,Malachi Corley,22,NYJ,WR,9,1,6,3,16,1,11,3.7,5,1.7,8.3,0.0,,0,0.0,56.2,589,1.02
368,DeeJay Dallas,26,ARI,RB,17,0,3,3,11,1,-9,-3.0,20,6.7,-3.0,0.0,,0,0.0,121.5,523,0.57
369,Josiah Deguara,27,JAX,TE,15,0,3,3,14,0,2,0.7,12,4.0,0.7,0.0,,0,0.0,86.1,522,0.57
370,Gus Edwards,29,LAC,RB,11,6,5,3,6,0,-5,-1.7,11,3.7,-3.0,0.0,,0,0.0,64.6,491,1.02
371,Clyde Edwards-Helaire,25,NOR,RB,2,0,5,3,24,1,-11,-3.7,35,11.7,-0.8,1.0,3.0,1,20.0,72.1,517,0.97
372,DWayne Eskridge,27,MIA,WR,6,0,3,3,44,2,15,5.0,29,9.7,5.0,0.0,,0,0.0,118.7,568,0.53
373,Hassan Haskins,25,LAC,RB,17,0,3,3,49,2,7,2.3,42,14.0,2.3,0.0,,0,0.0,158.3,491,0.61
374,Dallin Holker,24,NOR,TE,12,2,4,3,21,1,8,2.7,13,4.3,9.0,0.0,,0,0.0,86.5,517,0.77
375,Travis Homer,26,CHI,RB,10,0,3,3,11,0,1,0.3,10,3.3,0.3,0.0,,0,0.0,81.9,527,0.57
376,Trenton Irwin,29,CIN,WR,7,2,10,3,15,1,11,3.7,4,1.3,6.2,0.0,,1,10.0,39.6,628,1.59
377,Tim Jones,26,JAX,WR,17,0,5,3,41,3,24,8.0,17,5.7,8.0,0.0,,0,0.0,86.2,522,0.96
378,Chris Manhertz,32,NYG,TE,17,11,4,3,30,2,11,3.7,19,6.3,3.8,0.0,,0,0.0,135.4,554,0.72
379,Terrace Marshall Jr.,24,LVR,WR,7,1,6,3,41,1,37,12.3,4,1.3,8.7,0.0,,0,0.0,72.2,592,1.01
380,Kenny McIntosh,24,SEA,RB,17,0,4,3,22,1,5,1.7,17,5.7,1.3,0.0,,0,0.0,87.5,569,0.7
381,James Proche,28,CLE,WR,9,0,3,3,21,1,17,5.7,4,1.3,5.7,1.0,3.0,0,0.0,95.8,634,0.47
382,Craig Reynolds,28,DET,RB,17,0,5,3,40,2,-2,-0.7,42,14.0,-2.0,0.0,,0,0.0,45.8,522,0.96
383,Patrick Ricard,30,BAL,FB,17,6,5,3,22,1,4,1.3,18,6.0,1.2,0.0,,1,20.0,110.0,457,1.09
384,Allen Robinson,31,DET,WR,12,0,7,3,30,3,26,8.7,4,1.3,7.3,0.0,,1,14.3,55.7,522,1.34
385,Patrick Taylor,26,SFO,RB,13,1,11,3,25,2,6,2.0,19,6.3,3.1,0.0,,2,18.2,39.6,513,2.14
386,Ian Thomas,28,CAR,TE,5,2,6,3,7,1,1,0.3,6,2.0,4.2,0.0,,1,16.7,16.7,518,1.16
387,Jamari Thrash,24,CLE,WR,9,0,7,3,22,2,8,2.7,14,4.7,7.3,0.0,,2,28.6,50.9,634,1.1
388,Sione Vaki,23,DET,RB,16,0,3,3,37,2,17,5.7,20,6.7,5.7,0.0,,0,0.0,118.1,522,0.57
389,Deuce Vaughn,23,DAL,RB,7,0,5,3,18,0,5,1.7,13,4.3,0.0,1.0,3.0,0,0.0,67.1,622,0.8
390,Jeff Wilson,29,MIA,RB,9,0,3,3,19,0,0,0.0,19,6.3,0.0,0.0,,0,0.0,93.1,568,0.53
391,Jaylen Wright,21,MIA,RB,15,1,6,3,8,1,0,0.0,8,2.7,-1.0,1.0,3.0,1,16.7,56.2,568,1.06
392,Jaheim Bell,23,NWE,TE,15,0,3,2,20,1,15,7.5,5,2.5,7.7,0.0,,0,0.0,85.4,500,0.6
393,Ronnie Bell,24,SFO,WR,9,0,6,2,22,2,20,10.0,2,1.0,10.8,0.0,,2,33.3,5.6,513,1.17
394,Julius Chestnut,24,TEN,RB,17,0,3,2,11,0,-3,-1.5,14,7.0,0.3,0.0,,0,0.0,33.3,507,0.59
395,Grant Dubose,23,MIA,WR,3,0,4,2,11,1,8,4.0,3,1.5,11.8,0.0,,0,0.0,16.7,568,0.7
396,Ashton Dulin,27,IND,WR,15,2,8,2,67,2,24,12.0,43,21.5,19.3,1.0,2.0,1,12.5,62.0,492,1.63
397,Isaiah Hodgins,26,NYG,WR,3,0,2,2,12,0,11,5.5,1,0.5,5.5,0.0,,0,0.0,91.7,554,0.36
398,Brevin Jordan,24,HOU,TE,2,1,3,2,7,1,4,2.0,3,1.5,0.3,0.0,,0,0.0,70.1,547,0.55
399,Mason Kinsey,26,TEN,WR,6,0,2,2,17,1,17,8.5,0,0.0,8.5,0.0,,0,0.0,102.1,507,0.39
400,Dameon Pierce,24,HOU,RB,11,0,4,2,2,0,-3,-1.5,5,2.5,-1.3,1.0,2.0,0,0.0,56.2,547,0.73
401,Nikko Remigio,25,KAN,WR,5,1,6,2,48,2,34,17.0,14,7.0,10.7,0.0,,1,16.7,63.2,572,1.05
402,Xavier Smith,27,LAR,WR,15,0,2,2,6,1,1,0.5,5,2.5,0.5,0.0,,0,0.0,79.2,541,0.37
403,Jack Stoll,26,PHI,TE,7,2,3,2,10,0,8,4.0,2,1.0,4.0,0.0,,0,0.0,71.5,418,0.72
404,J.J. Taylor,26,HOU,RB,5,0,3,2,0,0,-1,-0.5,1,0.5,-2.0,0.0,,1,33.3,70.1,547,0.55
405,Eric Tomlinson,32,LAC,TE,9,1,4,2,9,0,-3,-1.5,12,6.0,2.0,1.0,2.0,1,25.0,56.2,491,0.81
406,Austin Trammell,26,JAX,WR,1,0,3,2,40,2,31,15.5,9,4.5,14.7,0.0,,0,0.0,109.7,522,0.57
407,Cody White,26,SEA,WR,4,0,3,2,44,2,31,15.5,13,6.5,13.3,0.0,,0,0.0,109.7,569,0.53
408,Kristian Wilkerson,27,LVR,WR,3,0,3,2,18,2,7,3.5,11,5.5,5.3,0.0,,0,0.0,122.2,592,0.51
409,Isaiah Williams,23,DET,WR,2,0,3,2,6,0,-1,-0.5,7,3.5,5.0,2.0,1.0,0,0.0,70.1,522,0.57
410,Javon Baker,22,NWE,WR,11,1,4,1,12,1,12,12.0,0,0.0,12.5,0.0,,0,0.0,39.6,500,0.8
411,Chris Blair,27,ATL,WR,4,0,2,1,17,1,17,17.0,0,0.0,18.5,0.0,,0,0.0,39.6,539,0.37
412,Mike Boone,29,CAR,RB,6,0,3,1,-2,0,-4,-4.0,2,2.0,-4.7,0.0,,1,33.3,42.4,518,0.58
413,Mike Caliendo,27,KAN,OL,17,3,1,1,5,1,2,2.0,3,3.0,2.0,0.0,,0,0.0,87.5,572,0.17
414,Robbie Chosen,31,MIA,WR,2,0,4,1,5,0,4,4.0,1,1.0,11.8,0.0,,0,0.0,0.0,568,0.7
415,Chris Collier,24,LVR,RB,3,0,2,1,-4,0,-5,-5.0,1,1.0,-2.5,0.0,,0,0.0,56.2,592,0.34
416,Dalvin Cook,29,DAL,RB,2,0,1,1,10,1,3,3.0,7,7.0,3.0,0.0,,0,0.0,108.3,622,0.16
417,Jaelon Darden,25,CLE,WR,7,1,1,1,6,1,-3,-3.0,9,9.0,-3.0,0.0,,0,0.0,91.7,634,0.16
418,Zach Davidson,26,BUF,TE,2,0,2,1,5,0,3,3.0,2,2.0,1.5,0.0,,0,0.0,56.2,495,0.4
419,Divine Deablo,26,LVR,LLB,14,14,1,1,34,1,4,4.0,30,30.0,4.0,0.0,,0,0.0,118.7,592,0.17
420,Ross Dwelley,29,ATL,TE,17,0,1,1,5,0,1,1.0,4,4.0,1.0,0.0,,0,0.0,87.5,539,0.19
421,John FitzPatrick,24,GNB,TE,9,0,1,1,2,0,2,2.0,0,0.0,2.0,0.0,,0,0.0,79.2,464,0.22
422,Jody Fortson,29,KAN,TE,3,0,3,1,5,1,3,3.0,2,2.0,1.3,0.0,,0,0.0,2.8,572,0.52
423,Feleipe Franks,27,CAR,TE,16,0,3,1,12,1,12,12.0,0,0.0,16.3,0.0,,0,0.0,46.5,518,0.58
424,Myles Gaskin,27,MIN,RB,5,0,1,1,11,0,-2,-2.0,13,13.0,-2.0,0.0,,0,0.0,112.5,517,0.19
425,Jared Goff,30,DET,QB,17,17,1,1,7,1,5,5.0,2,2.0,5.0,0.0,,0,0.0,135.4,522,0.19
426,Anthony Gould,23,IND,WR,8,0,1,1,23,1,18,18.0,5,5.0,18.0,0.0,,0,0.0,118.7,492,0.2
427,George Holani,25,SEA,RB,5,0,1,1,-1,0,-1,-1.0,0,0.0,-1.0,0.0,,0,0.0,79.2,569,0.18
428,Sam Hubbard,29,CIN,LDE,14,14,1,1,2,1,2,2.0,0,0.0,2.0,0.0,,0,0.0,118.7,628,0.16
429,JhaQuan Jackson,24,TEN,WR,12,0,3,1,8,1,6,6.0,2,2.0,26.0,0.0,,0,0.0,42.4,507,0.59
430,Jermar Jefferson,24,DET,RB,2,0,1,1,10,1,0,0.0,10,10.0,0.0,0.0,,0,0.0,108.3,522,0.19
431,E.J. Jenkins,26,PHI,TE,8,0,2,1,7,1,4,4.0,3,3.0,4.5,0.0,,0,0.0,97.9,418,0.48
432,Brandon Johnson,26,PIT,WR,3,0,1,1,9,0,5,5.0,4,4.0,5.0,0.0,,0,0.0,104.2,460,0.22
433,Collin Johnson,27,CHI,WR,9,0,2,1,6,1,3,3.0,3,3.0,8.0,0.0,,0,0.0,56.2,527,0.38
434,Charlie Jones,26,CIN,WR,8,0,1,1,5,0,5,5.0,0,0.0,5.0,0.0,,0,0.0,87.5,628,0.16
435,Marcus Jones,26,NWE,CB,14,9,1,1,18,1,-7,-7.0,25,25.0,-7.0,0.0,,0,0.0,118.7,500,0.2
436,Velus Jones Jr.,27,CHI,WR,1,0,1,1,8,0,-5,-5.0,13,13.0,-5.0,0.0,,0,0.0,100.0,527,0.19
437,Ramel Keyton,24,LVR,WR,8,0,3,1,7,1,7,7.0,0,0.0,10.0,0.0,,0,0.0,42.4,592,0.51
438,Jacob Kibodi,26,CLE,RB,1,0,3,1,15,1,4,4.0,11,11.0,3.0,0.0,,1,33.3,11.1,634,0.47
439,JC Latham,21,TEN,LT,17,17,1,1,0,0,-4,-4.0,4,4.0,-4.0,0.0,,0,0.0,79.2,507,0.2
440,Marcedes Lewis,40,CHI,TE,17,4,2,1,2,1,1,1.0,1,1.0,7.0,0.0,,0,0.0,56.2,527,0.38
441,MarShawn Lloyd,23,GNB,RB,1,0,1,1,3,0,-5,-5.0,8,8.0,-5.0,0.0,,0,0.0,79.2,464,0.22
442,Vederian Lowe,25,NWE,LT,14,13,1,1,4,1,4,4.0,0,0.0,4.0,0.0,,0,0.0,122.9,500,0.2
443,Patrick Mahomes,29,KAN,QB,16,16,1,1,2,0,-1,-1.0,3,3.0,-1.0,0.0,,0,0.0,79.2,572,0.17
444,Tay Martin,27,TEN,WR,1,0,2,1,49,1,44,44.0,5,5.0,31.5,0.0,,0,0.0,135.4,507,0.39
445,David Martin-Robinson,25,TEN,TE,5,2,2,1,6,1,0,0.0,6,6.0,0.0,0.0,,0,0.0,56.2,507,0.39
446,Anthony Miller,30,BAL,WR,2,0,1,1,16,1,15,15.0,1,1.0,15.0,0.0,,0,0.0,118.7,457,0.22
447,Keaton Mitchell,22,BAL,RB,5,0,1,1,28,1,-5,-5.0,33,33.0,-5.0,0.0,,0,0.0,118.7,457,0.22
448,Wanya Morris,24,KAN,LT,17,11,1,1,1,1,1,1.0,0,0.0,1.0,0.0,,0,0.0,118.7,572,0.17
449,Bo Nix,24,DEN,QB,17,17,1,1,2,1,2,2.0,0,0.0,2.0,0.0,,0,0.0,118.7,549,0.18
450,Kendric Pryor,26,CIN,WR,1,0,1,1,9,0,9,9.0,0,0.0,9.0,0.0,,0,0.0,104.2,628,0.16
451,Anthony Richardson,22,IND,QB,11,11,1,1,-1,0,-8,-8.0,7,7.0,-8.0,0.0,,0,0.0,79.2,492,0.2
452,Chris Rodriguez,24,WAS,RB,9,0,1,1,12,1,1,1.0,11,11.0,1.0,0.0,,0,0.0,116.7,504,0.2
453,John Ross,29,PHI,WR,1,0,2,1,6,1,4,4.0,2,2.0,23.5,0.0,,0,0.0,56.2,418,0.48
454,Cody Schrader,25,LAR,RB,1,0,1,1,6,0,0,0.0,6,6.0,0.0,0.0,,0,0.0,91.7,541,0.18
455,Trenton Scott,30,WAS,T,17,1,1,1,1,1,1,1.0,0,0.0,1.0,0.0,,0,0.0,118.7,504,0.2
456,Tyler Scott,23,CHI,WR,11,0,1,1,5,0,-2,-2.0,7,7.0,-2.0,0.0,,0,0.0,87.5,527,0.19
457,Tyrell Shavers,25,BUF,WR,3,0,1,1,69,1,-2,-2.0,71,71.0,-2.0,1.0,1.0,0,0.0,158.3,495,0.2
458,John Samuel Shenker,26,LVR,TE,8,0,1,1,7,0,4,4.0,3,3.0,4.0,0.0,,0,0.0,95.8,592,0.17
459,Dan Skipper,30,DET,T,17,5,1,1,9,1,1,1.0,8,8.0,1.0,0.0,,0,0.0,143.7,522,0.19
460,Tyler Smith,23,DAL,LG,16,16,1,1,0,0,-6,-6.0,6,6.0,-6.0,0.0,,0,0.0,79.2,622,0.16
461,Geoff Swaim,31,CLE,TE,8,2,1,1,7,0,2,2.0,5,5.0,2.0,0.0,,0,0.0,95.8,634,0.16
462,Trent Taylor,30,SFO,WR,2,0,1,1,11,0,9,9.0,2,2.0,9.0,0.0,,0,0.0,112.5,513,0.19
463,Juanyeh Thomas,24,DAL,S,13,0,1,1,4,0,4,4.0,0,0.0,4.0,0.0,,0,0.0,83.3,622,0.16
464,Brycen Tremayne,25,WAS,WR,2,0,1,1,-2,0,-2,-2.0,0,0.0,-2.0,0.0,,0,0.0,79.2,504,0.2
465,Ben VanSumeren,24,PHI,LB,11,1,1,1,0,0,0,0.0,0,0.0,0.0,79.2,,VanSBe00,,,418,0.24
466,Devontez Walker,23,BAL,WR,9,0,3,1,21,1,21,21.0,0,0.0,28.0,0.0,,0,0.0,98.6,457,0.66
467,Casey Washington,23,ATL,WR,8,0,2,1,14,1,3,3.0,11,11.0,18.0,0.0,,0,0.0,72.9,539,0.37
468,Blake Watson,25,DEN,RB,2,0,2,1,13,0,-5,-5.0,18,18.0,-2.0,0.0,,1,50.0,70.8,549,0.36
469,Jared Wiley,24,KAN,TE,7,2,1,1,7,0,4,4.0,3,3.0,4.0,0.0,,0,0.0,95.8,572,0.17
470,Shane Zylstra,28,DET,TE,12,1,1,1,22,1,9,9.0,13,13.0,9.0,0.0,,0,0.0,118.7,522,0.19
471,Rasheen Ali,23,BAL,RB,6,0,2,0,0,0,0,,0,,-2.5,0.0,,1,50.0,39.6,457,0.44
472,Josh Allen,28,BUF,QB,17,17,0,0,7,0,0,,7,,,0.0,,0,,,495,0.0
473,Brenden Bates,25,CLE,TE,2,0,1,0,0,0,0,,0,,-2.0,0.0,,0,0.0,39.6,634,0.16
474,Andrew Beck,28,2TM,FB,4,0,2,0,0,0,0,,0,,10.5,0.0,,0,0.0,39.6,481,0.42
474,Andrew Beck,28,GNB,FB,3,0,1,0,0,0,0,,0,,-6.0,0.0,,0,0.0,39.6,464,0.22
474,Andrew Beck,28,HOU,FB,1,0,1,0,0,0,0,,0,,27.0,0.0,,0,0.0,39.6,547,0.18
475,Braxton Berrios,29,MIA,WR,6,0,4,0,0,0,0,,0,,6.5,0.0,,0,0.0,39.6,568,0.7
476,Jake Brendel,32,SFO,C,17,17,0,0,2,0,0,,2,,,0.0,,0,,,513,0.0
477,Irvin Charles,27,NYJ,WR,13,0,1,0,0,0,0,,0,,3.0,0.0,,0,0.0,39.6,589,0.17
478,Baylor Cupp,24,KAN,TE,1,0,1,0,0,0,0,,0,,0.0,0.0,,1,100.0,39.6,572,0.17
479,Taylor Decker,31,DET,LT,14,14,1,0,0,0,0,,0,,2.0,0.0,,0,0.0,39.6,522,0.19
480,Erik Ezukanma,24,MIA,WR,2,0,2,0,0,0,0,,0,,29.5,0.0,,0,0.0,39.6,568,0.35
481,Sam Franklin,28,CAR,S,10,0,1,0,0,0,0,,0,,11.0,0.0,,0,0.0,39.6,518,0.19
482,Zach Frazier,23,PIT,C,15,15,0,0,-2,0,0,,-2,,,0.0,,0,,,460,0.0
483,C.J. Goodwin,34,DAL,CB,17,0,1,0,0,0,0,,0,,7.0,0.0,,0,0.0,39.6,622,0.16
484,Terrell Jennings,23,NWE,RB,3,0,1,0,0,0,0,,0,,29.0,0.0,,0,0.0,39.6,500,0.2
485,Kameron Johnson,22,TAM,WR,5,0,1,0,0,0,0,,0,,3.0,0.0,,1,100.0,39.6,563,0.18
486,Tom Kennedy,28,DET,WR,4,0,1,0,0,0,0,,0,,11.0,0.0,,0,0.0,39.6,522,0.19
487,Trevor Lawrence,25,JAX,QB,10,10,0,0,-5,0,0,,-5,,,0.0,,0,,,522,0.0
488,Jordan Matthews,32,CAR,TE,4,1,1,0,0,0,0,,0,,16.0,0.0,,0,0.0,39.6,518,0.19
489,Skyy Moore,24,KAN,WR,6,0,3,0,0,0,0,,0,,6.0,0.0,,2,66.7,39.6,572,0.52
490,James Pierre,28,PIT,CB,15,2,1,0,0,0,0,,0,,14.0,0.0,,1,100.0,39.6,460,0.22
491,Adam Prentice,27,NOR,FB,17,7,4,0,0,0,0,,0,,1.0,0.0,,1,25.0,39.6,517,0.77
492,Dominick Puni,24,SFO,RG,17,17,0,0,-3,0,0,,-3,,,0.0,,0,,,513,0.0
493,Justyn Ross,25,KAN,WR,2,0,1,0,0,0,0,,0,,10.0,0.0,,0,0.0,39.6,572,0.17
494,C.J. Stroud,23,HOU,QB,17,17,1,0,0,0,0,,0,,10.0,0.0,,0,0.0,39.6,547,0.18
495,Stephen Sullivan,28,CAR,TE,1,0,1,0,0,0,0,,0,,16.0,0.0,,0,0.0,39.6,518,0.19
496,Kadarius Toney,25,CLE,WR,3,0,1,0,0,0,0,,0,,-5.0,0.0,,0,0.0,39.6,634,0.16
497,Xavier Weaver,24,ARI,WR,2,0,2,0,0,0,0,,0,,19.5,0.0,,0,0.0,39.6,523,0.38
498,Brayden Willis,25,SFO,TE,10,0,2,0,0,0,0,,0,,5.5,0.0,,1,50.0,39.6,513,0.39
499,Tristan Wirfs,25,TAM,LT,16,16,0,0,9,0,0,,9,,,0.0,,0,,,563,0.0
500,Dareke Young,25,SEA,WR,14,0,1,0,0,0,0,,0,,9.0,0.0,,0,0.0,39.6,569,0.18
