Player,Age,Team,G,Tgt,Rec,Yds,Target_Share,CATCHABLE,AIR,team_air,air_pct,RZ TGT,RZ_REC,RZ_REC_PCT,RZ_P_TD,RZ_TGT_PCT,Routes Run,FPTS,FPTS/G,XFP,fpts_diff,RTD,TD/G,XTD,td_diff,WOPR,VOR,YPRR
jamarr chase,24,CIN,17,175,127,1708,27.87,136.0,1523.0,3630,41.96,35.0,20.0,60.6%,7.0,44.0%,681.0,403.0,23.7,19.3,4.4,17.0,1.0,0.76,0.24,0.71,10.7,2.51
amon-ra st brown,25,DET,17,141,115,1263,27.01,119.0,1109.0,2797,39.65,31.0,23.0,74.2%,9.0,59.6%,515.0,316.2,18.6,14.5,4.1,12.0,0.7,0.47,0.23,0.68,5.6,2.45
malik nabers,21,NYG,15,170,109,1204,30.69,118.0,1550.0,3532,43.88,13.0,5.0,38.5%,3.0,37.1%,522.0,273.6,18.2,20.3,-2.1,7.0,0.5,0.54,-0.04,0.77,5.2,2.31
justin jefferson,25,MIN,17,154,103,1533,29.79,108.0,1673.0,3612,46.32,25.0,15.0,68.2%,6.0,45.8%,570.0,317.5,18.7,18.5,0.2,10.0,0.6,0.69,-0.09,0.77,5.7,2.69
ceedee lamb,25,DAL,15,152,101,1194,24.44,108.0,1148.0,4089,28.08,16.0,11.0,61.1%,4.0,39.1%,504.0,263.4,17.6,16.9,0.7,6.0,0.4,0.43,-0.03,0.56,4.6,2.37
garrett wilson,24,NYJ,17,154,101,1104,26.15,107.0,1400.0,3922,35.7,23.0,11.0,47.8%,4.0,37.7%,627.0,251.9,14.8,17.1,-2.3,7.0,0.4,0.57,-0.17,0.64,1.8,1.76
drake london,23,ATL,17,158,100,1271,29.31,105.0,1746.0,3790,46.07,24.0,14.0,60.9%,6.0,65.7%,508.0,280.8,16.5,16.5,0.0,9.0,0.5,0.55,-0.05,0.76,3.5,2.5
jaxon smith-njigba,22,SEA,17,137,100,1130,24.08,105.0,1188.0,3520,33.75,13.0,8.0,53.3%,5.0,44.1%,598.0,253.0,14.9,14.6,0.3,6.0,0.4,0.4,0.0,0.6,1.9,1.89
dj moore,27,CHI,17,140,98,966,26.57,101.0,1049.0,3708,28.29,21.0,12.0,60.0%,2.0,36.4%,589.0,238.1,14.0,15.4,-1.4,6.0,0.4,0.36,0.04,0.6,1.0,1.64
wandale robinson,23,NYG,17,140,93,699,25.27,99.0,686.0,3532,19.42,17.0,10.0,58.8%,3.0,48.6%,536.0,182.7,10.7,13.2,-2.5,3.0,0.2,0.3,-0.1,0.51,-2.3,1.3
jerry jeudy,25,CLE,17,145,90,1229,22.87,103.0,1611.0,4491,35.87,13.0,4.0,33.3%,1.0,41.4%,670.0,240.9,14.2,14.9,-0.7,4.0,0.2,0.33,-0.13,0.59,1.2,1.83
jakobi meyers,28,LVR,15,129,87,1027,21.79,88.0,1235.0,3751,32.92,14.0,8.0,53.3%,3.0,53.6%,547.0,218.0,14.5,14.9,-0.4,4.0,0.3,0.38,-0.08,0.56,1.5,1.88
brian thomas,22,JAX,17,133,87,1282,25.48,94.0,1518.0,3784,40.12,16.0,9.0,64.3%,8.0,35.0%,479.0,284.0,16.7,14.3,2.4,10.0,0.6,0.42,0.18,0.66,3.7,2.68
davante adams,32,2TM,14,141,85,1063,29.31,91.0,1163.0,5041,23.07,24.0,11.0,47.8%,5.0,37.7%,496.0,241.3,17.2,18.1,-0.9,8.0,0.6,0.68,-0.08,0.6,4.2,2.14
davante adams,32,LVR,3,27,18,209,4.56,91.0,1163.0,3751,31.01,24.0,11.0,47.8%,5.0,37.7%,496.0,241.3,17.2,18.1,-0.9,8.0,0.6,0.68,-0.08,0.29,4.2,0.42
davante adams,32,NYJ,11,114,67,854,19.35,91.0,1163.0,3922,29.65,24.0,11.0,47.8%,5.0,37.7%,496.0,241.3,17.2,18.1,-0.9,8.0,0.6,0.68,-0.08,0.5,4.2,1.72
ladd mcconkey,23,LAC,16,112,82,1149,22.81,87.0,1108.0,3626,30.56,9.0,7.0,87.5%,5.0,28.6%,424.0,240.9,15.1,12.2,2.9,7.0,0.4,0.29,0.11,0.56,2.1,2.71
terry mclaurin,29,WAS,17,117,82,1096,23.21,86.0,1565.0,3189,49.07,14.0,12.0,85.7%,9.0,38.9%,458.0,267.8,15.8,13.6,2.2,13.0,0.8,0.52,0.28,0.69,2.8,2.39
tyreek hill,30,MIA,17,123,81,959,21.65,83.0,1397.0,2790,50.07,18.0,9.0,50.0%,5.0,50.0%,484.0,218.2,12.8,13.6,-0.8,6.0,0.4,0.42,-0.02,0.68,-0.2,1.98
courtland sutton,29,DEN,17,135,81,1081,24.59,90.0,1803.0,3912,46.09,21.0,12.0,57.1%,6.0,47.7%,517.0,240.3,14.1,15.6,-1.5,8.0,0.5,0.57,-0.07,0.69,1.1,2.09
puka nacua,23,LAR,11,106,79,990,19.59,80.0,834.0,3552,23.48,12.0,10.0,76.9%,3.0,29.5%,274.0,206.6,18.8,17.7,1.1,3.0,0.4,0.47,-0.07,0.46,5.8,3.61
jauan jennings,27,SFO,15,113,77,975,22.03,82.0,1118.0,3098,36.09,15.0,8.0,53.3%,5.0,33.3%,372.0,210.5,14.0,12.6,1.4,6.0,0.4,0.34,0.06,0.58,1.0,2.62
khalil shakir,24,BUF,15,100,76,821,20.2,77.0,548.0,3994,13.72,8.0,9.0,90.0%,2.0,26.3%,334.0,182.5,12.2,11.4,0.8,4.0,0.3,0.25,0.05,0.4,-0.8,2.46
mike evans,31,TAM,14,110,74,1004,19.54,78.0,1274.0,3428,37.16,15.0,8.0,61.5%,7.0,31.0%,382.0,240.4,17.2,14.9,2.3,11.0,0.8,0.65,0.15,0.55,4.2,2.63
zay flowers,24,BAL,17,116,74,1059,25.38,80.0,1162.0,3332,34.87,7.0,3.0,42.9%,3.0,38.9%,417.0,209.5,12.3,13.4,-1.1,4.0,0.2,0.37,-0.17,0.62,-0.7,2.54
tee higgins,25,CIN,12,109,73,911,17.36,76.0,1067.0,3630,29.39,24.0,14.0,60.9%,7.0,30.7%,428.0,222.1,18.5,17.7,0.8,10.0,0.8,0.87,-0.07,0.47,5.5,2.13
josh downs,23,IND,14,107,72,803,21.75,77.0,763.0,4444,17.17,12.0,7.0,53.8%,2.0,33.3%,345.0,183.5,13.1,13.0,0.1,5.0,0.4,0.31,0.09,0.45,0.1,2.33
keenan allen,32,CHI,15,121,70,744,22.96,75.0,1104.0,3708,29.77,15.0,6.0,40.0%,5.0,27.3%,452.0,185.4,12.4,13.6,-1.2,7.0,0.5,0.42,0.08,0.55,-0.6,1.65
michael pittman,27,IND,16,111,69,808,22.56,70.0,1270.0,4444,28.58,10.0,7.0,58.3%,3.0,30.8%,453.0,165.8,10.4,11.7,-1.3,3.0,0.2,0.23,-0.03,0.54,-2.6,1.78
nico collins,25,HOU,12,99,68,1006,18.1,71.0,1062.0,4229,25.11,13.0,6.0,50.0%,4.0,32.4%,328.0,210.6,17.6,16.2,1.4,7.0,0.6,0.57,0.03,0.45,4.6,3.07
devonta smith,26,PHI,13,89,68,833,21.29,70.0,813.0,2519,32.27,11.0,8.0,66.7%,3.0,40.0%,339.0,199.4,15.3,11.5,3.8,8.0,0.6,0.38,0.22,0.55,2.3,2.46
aj brown,27,PHI,13,97,67,1079,23.21,67.0,1177.0,2519,46.72,9.0,7.0,63.6%,4.0,36.7%,313.0,216.9,16.7,13.9,2.8,7.0,0.5,0.49,0.01,0.68,3.7,3.45
cooper kupp,31,LAR,12,100,67,710,18.48,69.0,776.0,3552,21.85,10.0,6.0,60.0%,4.0,22.7%,343.0,175.0,14.6,15.0,-0.4,6.0,0.5,0.46,0.04,0.43,1.6,2.07
demario douglas,24,NWE,17,87,66,621,17.4,74.0,507.0,2508,20.22,5.0,4.0,66.7%,1.0,30.0%,407.0,147.7,8.7,9.1,-0.4,3.0,0.2,0.19,0.01,0.4,-4.3,1.53
dk metcalf,27,SEA,15,108,66,992,18.98,70.0,1414.0,3520,40.17,7.0,2.0,25.0%,0.0,23.5%,527.0,191.2,12.7,14.4,-1.7,5.0,0.3,0.45,-0.15,0.57,-0.3,1.88
darnell mooney,27,ATL,16,106,64,992,19.67,71.0,1325.0,3790,34.96,6.0,2.0,33.3%,1.0,17.1%,497.0,193.2,12.1,12.4,-0.3,5.0,0.3,0.28,0.02,0.54,-0.9,2.0
calvin ridley,30,TEN,17,120,64,1017,23.67,70.0,1840.0,4023,45.74,7.0,4.0,50.0%,1.0,30.8%,510.0,199.2,11.7,13.4,-1.7,4.0,0.3,0.3,0.0,0.68,-1.3,1.99
jordan addison,22,MIN,15,99,63,875,19.15,65.0,1284.0,3612,35.55,17.0,16.0,94.1%,6.0,35.4%,470.0,212.5,14.2,12.6,1.6,9.0,0.7,0.53,0.17,0.54,1.2,1.86
marvin harrison,22,ARI,17,116,62,885,22.18,67.0,1555.0,2668,58.28,13.0,4.0,36.4%,4.0,44.0%,495.0,196.5,11.6,13.6,-2.0,8.0,0.5,0.5,0.0,0.74,-1.4,1.79
ray-ray mccloud,28,ATL,17,87,62,686,16.14,65.0,589.0,3790,15.54,5.0,3.0,60.0%,1.0,14.3%,515.0,140.5,8.3,8.3,0.0,1.0,0.1,0.1,0.0,0.35,-4.7,1.33
elijah moore,24,CLE,17,102,61,538,16.09,65.0,998.0,4491,22.22,6.0,4.0,57.1%,0.0,24.1%,554.0,120.9,7.1,9.7,-2.6,1.0,0.1,0.18,-0.08,0.4,-5.9,0.97
george pickens,23,PIT,14,103,59,900,22.39,66.0,1370.0,3111,44.04,16.0,7.0,43.8%,3.0,50.0%,395.0,164.4,11.7,14.2,-2.5,3.0,0.2,0.55,-0.35,0.64,-1.3,2.28
xavier worthy,21,KAN,17,98,59,638,17.13,66.0,904.0,2706,33.41,17.0,11.0,61.1%,4.0,36.7%,458.0,187.2,11.0,10.8,0.2,6.0,0.5,0.34,0.16,0.49,-2.0,1.39
jaylen waddle,26,MIA,15,83,58,744,14.61,66.0,828.0,2790,29.68,10.0,6.0,66.7%,1.0,25.0%,429.0,149.6,9.4,9.7,-0.3,2.0,0.1,0.2,-0.1,0.43,-3.6,1.73
jameson williams,23,DET,15,91,58,1001,17.43,61.0,1022.0,2797,36.54,10.0,6.0,54.5%,1.0,21.2%,449.0,212.2,14.1,11.7,2.4,7.0,0.5,0.35,0.15,0.52,1.1,2.23
deandre hopkins,32,2TM,16,80,56,610,16.63,58.0,846.0,5041,16.78,11.0,5.0,45.5%,5.0,22.4%,328.0,147.0,9.2,10.4,-1.2,5.0,0.3,0.41,-0.11,0.37,-3.8,1.86
deandre hopkins,32,TEN,6,21,15,173,4.14,58.0,846.0,4023,21.03,11.0,5.0,45.5%,5.0,22.4%,328.0,147.0,9.2,10.4,-1.2,5.0,0.3,0.41,-0.11,0.21,-3.8,0.53
deandre hopkins,32,KAN,10,59,41,437,10.31,58.0,846.0,2706,31.26,11.0,5.0,45.5%,5.0,22.4%,328.0,147.0,9.2,10.4,-1.2,5.0,0.3,0.41,-0.11,0.37,-3.8,1.33
quentin johnston,23,LAC,15,91,55,711,18.53,62.0,986.0,3626,27.19,11.0,5.0,55.6%,4.0,32.1%,348.0,174.7,11.6,10.7,0.9,8.0,0.5,0.33,0.17,0.47,-1.4,2.04
jayden reed,24,GNB,17,75,55,857,16.16,64.0,680.0,3707,18.34,10.0,9.0,81.8%,5.0,23.9%,353.0,197.0,11.6,9.0,2.6,6.0,0.4,0.26,0.14,0.37,-1.4,2.43
rome odunze,22,CHI,17,101,54,734,19.17,60.0,1400.0,3708,37.76,17.0,6.0,35.3%,3.0,30.9%,511.0,144.9,8.5,11.7,-3.2,3.0,0.2,0.48,-0.28,0.55,-4.5,1.44
tank dell,25,HOU,14,81,51,667,14.81,57.0,1011.0,4229,23.91,8.0,5.0,55.6%,2.0,24.3%,391.0,140.0,10.0,11.6,-1.6,3.0,0.2,0.4,-0.2,0.39,-3.0,1.71
deebo samuel,28,SFO,15,81,51,670,15.79,58.0,533.0,3098,17.2,13.0,10.0,71.4%,2.0,31.1%,374.0,153.6,10.2,10.7,-0.5,3.0,0.3,0.25,0.05,0.36,-2.8,1.79
chris godwin,28,TAM,7,62,50,576,11.01,52.0,355.0,3428,10.36,6.0,7.0,100.0%,3.0,16.7%,229.0,137.8,19.7,15.6,4.1,5.0,0.7,0.43,0.27,0.24,6.7,2.52
xavier legette,23,CAR,16,84,49,497,16.22,57.0,1046.0,4054,25.8,12.0,5.0,50.0%,4.0,22.2%,383.0,125.1,7.8,9.6,-1.8,4.0,0.3,0.32,-0.02,0.42,-5.2,1.3
tyler lockett,32,SEA,17,74,49,600,13.01,53.0,790.0,3520,22.44,9.0,2.0,20.0%,1.0,29.4%,524.0,121.0,7.1,8.1,-1.0,2.0,0.1,0.29,-0.19,0.35,-5.9,1.15
jalen tolbert,25,DAL,17,79,49,610,12.7,53.0,905.0,4089,22.13,13.0,8.0,61.5%,7.0,28.3%,501.0,152.0,8.9,8.6,0.3,7.0,0.4,0.35,0.05,0.35,-4.1,1.22
adam thielen,34,CAR,10,62,48,615,11.97,50.0,684.0,4054,16.87,7.0,4.0,66.7%,2.0,13.3%,272.0,139.5,14.0,11.0,3.0,5.0,0.5,0.4,0.1,0.3,1.0,2.26
stefon diggs,31,HOU,8,64,47,496,11.7,50.0,556.0,4229,13.15,5.0,5.0,100.0%,3.0,13.5%,249.0,121.9,15.2,13.8,1.4,3.0,0.5,0.3,0.2,0.27,2.2,1.99
tre tucker,23,LVR,17,81,47,539,13.68,49.0,1025.0,3751,27.33,5.0,5.0,100.0%,2.0,17.9%,601.0,129.3,7.6,9.2,-1.6,3.0,0.2,0.21,-0.01,0.4,-5.4,0.9
michael wilson,24,ARI,16,71,47,548,13.58,50.0,811.0,2668,30.4,7.0,6.0,75.0%,3.0,32.0%,460.0,124.5,7.8,8.4,-0.6,4.0,0.3,0.25,0.05,0.42,-5.2,1.19
romeo doubs,24,GNB,13,72,46,601,15.52,53.0,886.0,3707,23.9,9.0,8.0,72.7%,3.0,23.9%,315.0,132.1,10.2,10.0,0.2,4.0,0.3,0.34,-0.04,0.4,-2.8,1.91
rashod bateman,25,BAL,17,72,45,756,15.75,49.0,979.0,3332,29.38,8.0,6.0,75.0%,5.0,44.4%,387.0,174.6,10.3,7.2,3.1,9.0,0.5,0.24,0.26,0.44,-2.7,1.95
olamide zaccheaus,27,WAS,17,64,45,506,12.7,50.0,406.0,3189,12.73,8.0,7.0,87.5%,2.0,22.2%,253.0,112.4,6.6,6.9,-0.3,3.0,0.2,0.18,0.02,0.28,-6.4,2.0
amari cooper,30,2TM,14,85,44,547,17.67,56.0,1045.0,5041,20.73,5.0,4.0,80.0%,2.0,13.2%,337.0,122.7,9.4,11.3,-1.9,4.0,0.3,0.28,0.02,0.41,-3.6,1.62
amari cooper,30,CLE,6,53,24,250,8.36,56.0,1045.0,4491,23.27,5.0,4.0,80.0%,2.0,13.2%,337.0,122.7,9.4,11.3,-1.9,4.0,0.3,0.28,0.02,0.29,-3.6,0.74
amari cooper,30,BUF,8,32,20,297,6.46,56.0,1045.0,3994,26.16,5.0,4.0,80.0%,2.0,13.2%,337.0,122.7,9.4,11.3,-1.9,4.0,0.3,0.28,0.02,0.28,-3.6,0.88
kayshon boutte,22,NWE,15,68,43,589,13.6,47.0,987.0,2508,39.35,3.0,2.0,50.0%,0.0,20.0%,410.0,121.9,8.1,8.8,-0.7,3.0,0.2,0.24,-0.04,0.48,-4.9,1.44
tutu atwell,25,LAR,17,62,42,562,11.46,45.0,695.0,3552,19.57,3.0,1.0,50.0%,0.0,4.5%,254.0,98.9,5.8,6.3,-0.5,0.0,0.0,0.09,-0.09,0.31,-7.2,2.21
devaughn vele,27,DEN,13,55,41,475,10.02,44.0,461.0,3912,11.78,7.0,5.0,83.3%,2.0,13.6%,268.0,106.5,8.2,7.3,0.9,3.0,0.2,0.19,0.01,0.23,-4.8,1.77
tyler boyd,30,TEN,16,57,39,390,11.24,42.0,418.0,4023,10.39,7.0,2.0,28.6%,0.0,26.9%,404.0,78.3,5.2,6.5,-1.3,0.0,0.0,0.2,-0.2,0.24,-7.8,0.97
marvin mims,22,DEN,17,52,39,503,9.47,42.0,400.0,3912,10.22,5.0,4.0,100.0%,1.0,9.1%,169.0,129.5,7.6,5.7,1.9,6.0,0.4,0.15,0.25,0.21,-5.4,2.98
josh palmer,25,LAC,15,65,39,584,13.24,43.0,993.0,3626,27.39,7.0,3.0,42.9%,0.0,25.0%,341.0,107.4,7.2,8.6,-1.4,1.0,0.1,0.27,-0.17,0.39,-5.8,1.71
darius slayton,27,NYG,16,71,39,573,12.82,43.0,933.0,3532,26.42,5.0,0.0,0.0%,0.0,14.3%,494.0,110.0,6.9,8.8,-1.9,2.0,0.1,0.26,-0.16,0.38,-6.1,1.16
dontayvion wicks,23,GNB,17,76,39,415,16.38,48.0,811.0,3707,21.88,14.0,10.0,76.9%,4.0,28.3%,254.0,110.5,6.5,8.3,-1.8,5.0,0.3,0.3,0.0,0.4,-6.5,1.63
greg dortch,26,ARI,17,50,37,342,9.56,40.0,207.0,2668,7.76,7.0,6.0,100.0%,1.0,24.0%,259.0,90.3,5.3,4.9,0.4,3.0,0.2,0.12,0.08,0.2,-7.7,1.32
allen lazard,29,NYJ,12,60,37,530,10.19,43.0,679.0,3922,17.31,12.0,5.0,45.5%,3.0,18.0%,404.0,126.0,10.5,9.3,1.2,6.0,0.5,0.28,0.22,0.27,-2.5,1.31
jalen mcmillan,23,TAM,13,58,37,461,10.3,41.0,706.0,3428,20.6,8.0,7.0,87.5%,4.0,19.0%,360.0,135.4,10.4,8.5,1.9,8.0,0.6,0.36,0.24,0.3,-2.6,1.28
alec pierce,24,IND,16,69,37,824,14.02,40.0,1484.0,4444,33.39,6.0,4.0,66.7%,4.0,15.4%,422.0,161.4,10.1,9.2,0.9,7.0,0.4,0.34,0.06,0.44,-2.9,1.95
calvin austin,25,PIT,17,58,36,548,12.61,39.0,718.0,3111,23.08,4.0,2.0,40.0%,0.0,15.6%,354.0,118.8,7.0,6.1,0.9,4.0,0.2,0.16,0.04,0.35,-6.0,1.55
andrei iosivas,25,CIN,17,61,36,479,9.71,41.0,682.0,3630,18.79,10.0,6.0,66.7%,6.0,12.0%,547.0,119.9,7.1,7.4,-0.3,6.0,0.4,0.32,0.08,0.28,-5.9,0.88
noah brown,28,WAS,11,56,35,453,11.11,39.0,658.0,3189,20.63,3.0,3.0,75.0%,0.0,11.1%,239.0,86.3,7.8,9.3,-1.5,1.0,0.1,0.15,-0.05,0.31,-5.2,1.9
tim patrick,31,DET,16,44,33,394,8.43,34.0,439.0,2797,15.7,8.0,6.0,75.0%,3.0,15.4%,319.0,92.4,5.8,5.7,0.1,3.0,0.2,0.23,-0.03,0.24,-7.2,1.24
diontae johnson,28,3TM,12,67,33,375,100.0,36.0,729.0,729,100.0,11.0,3.0,27.3%,2.0,24.4%,230.0,89.1,8.1,10.9,-2.8,3.0,0.3,0.51,-0.21,2.2,-4.9,1.63
diontae johnson,28,CAR,7,58,30,357,11.2,36.0,729.0,4054,17.98,11.0,3.0,27.3%,2.0,24.4%,230.0,89.1,8.1,10.9,-2.8,3.0,0.3,0.51,-0.21,0.29,-4.9,1.55
diontae johnson,28,BAL,4,5,1,6,1.09,36.0,729.0,3332,21.88,11.0,3.0,27.3%,2.0,24.4%,230.0,89.1,8.1,10.9,-2.8,3.0,0.3,0.51,-0.21,0.17,-4.9,0.03
diontae johnson,28,HOU,1,4,2,12,0.73,36.0,729.0,4229,17.24,11.0,3.0,27.3%,2.0,24.4%,230.0,89.1,8.1,10.9,-2.8,3.0,0.3,0.51,-0.21,0.13,-4.9,0.05
jalen coker,23,CAR,11,46,32,478,8.88,32.0,519.0,4054,12.8,7.0,2.0,33.3%,1.0,13.3%,248.0,92.6,8.4,8.3,0.1,2.0,0.2,0.25,-0.05,0.22,-4.6,1.93
david moore,29,CAR,17,57,32,351,11.0,36.0,615.0,4054,15.17,11.0,5.0,50.0%,2.0,22.2%,305.0,85.1,5.0,6.4,-1.4,3.0,0.2,0.26,-0.06,0.27,-8.0,1.15
chris olave,24,NOR,8,44,32,400,8.51,34.0,455.0,3170,14.35,5.0,4.0,66.7%,1.0,37.5%,173.0,76.7,9.6,10.3,-0.7,1.0,0.1,0.28,-0.18,0.23,-3.4,2.31
sterling shepard,31,TAM,14,51,32,334,9.06,36.0,473.0,3428,13.8,5.0,3.0,50.0%,1.0,14.3%,319.0,80.3,5.7,6.3,-0.6,1.0,0.1,0.16,-0.06,0.23,-7.3,1.05
parker washington,22,JAX,17,51,32,390,9.77,33.0,572.0,3784,15.12,6.0,2.0,33.3%,1.0,15.0%,336.0,97.0,5.7,5.6,0.1,3.0,0.2,0.17,0.03,0.25,-7.3,1.16
nick westbrook-ikhine,27,TEN,17,60,32,497,11.83,36.0,689.0,4023,17.13,9.0,7.0,70.0%,6.0,38.5%,408.0,135.7,9.7,6.4,3.3,9.0,0.5,0.26,0.24,0.3,-3.3,1.22
mack hollins,31,BUF,17,50,31,378,10.1,34.0,555.0,3994,13.9,7.0,4.0,66.7%,4.0,15.8%,317.0,98.8,5.8,5.8,0.0,5.0,0.3,0.22,0.08,0.25,-7.2,1.19
liljordan humphrey,26,DEN,17,45,31,293,8.2,34.0,293.0,3912,7.49,5.0,2.0,33.3%,0.0,13.6%,252.0,64.3,4.6,4.5,0.1,1.0,0.1,0.1,0.0,0.18,-8.4,1.16
ricky pearsall,24,SFO,11,46,31,400,8.97,31.0,525.0,3098,16.95,7.0,5.0,83.3%,1.0,13.3%,259.0,93.5,8.5,7.7,0.8,3.0,0.3,0.18,0.12,0.25,-4.5,1.54
demarcus robinson,30,LAR,17,64,31,505,11.83,32.0,911.0,3552,25.65,11.0,5.0,50.0%,5.0,22.7%,496.0,123.5,7.3,8.3,-1.0,7.0,0.4,0.46,-0.06,0.36,-5.7,1.02
curtis samuel,28,BUF,14,46,31,253,9.29,32.0,212.0,3994,5.31,6.0,3.0,50.0%,1.0,15.8%,198.0,63.7,4.6,5.8,-1.2,1.0,0.1,0.15,-0.05,0.18,-8.4,1.28
kavontae turpin,28,DAL,17,52,31,420,8.36,33.0,444.0,4089,10.86,7.0,3.0,42.9%,1.0,15.2%,193.0,104.2,6.1,5.5,0.6,2.0,0.1,0.15,-0.05,0.2,-6.9,2.18
dyami brown,25,WAS,16,40,30,308,7.94,32.0,282.0,3189,8.84,4.0,1.0,25.0%,0.0,11.1%,222.0,67.4,4.5,4.9,-0.4,1.0,0.1,0.15,-0.05,0.18,-8.5,1.39
keon coleman,21,BUF,13,57,29,556,11.52,33.0,869.0,3994,21.76,8.0,4.0,36.4%,2.0,28.9%,287.0,111.5,8.6,9.6,-1.0,4.0,0.3,0.46,-0.16,0.33,-4.4,1.94
cedric tillman,24,CLE,11,49,29,339,7.73,32.0,546.0,4491,12.16,5.0,2.0,40.0%,1.0,17.2%,260.0,80.4,7.3,7.5,-0.2,3.0,0.3,0.25,0.05,0.2,-5.7,1.3
christian watson,25,GNB,15,53,29,620,11.42,31.0,943.0,3707,25.44,8.0,2.0,25.0%,1.0,17.4%,232.0,105.3,7.0,7.4,-0.4,2.0,0.1,0.3,-0.2,0.35,-6.0,2.67
kendrick bourne,29,NWE,12,38,28,305,7.6,32.0,353.0,2508,14.07,2.0,1.0,50.0%,1.0,10.0%,255.0,65.1,5.4,6.3,-0.9,1.0,0.1,0.18,-0.08,0.21,-7.6,1.2
troy franklin,21,DEN,16,53,28,263,9.65,31.0,690.0,3912,17.64,5.0,4.0,57.1%,2.0,15.9%,236.0,67.1,4.2,5.9,-1.7,2.0,0.1,0.2,-0.1,0.27,-8.8,1.11
jalen nailor,25,MIN,17,42,28,414,8.12,32.0,483.0,3612,13.37,7.0,4.0,57.1%,4.0,14.6%,357.0,103.0,6.1,5.1,1.0,6.0,0.4,0.25,0.15,0.22,-6.9,1.16
christian kirk,28,JAX,8,47,27,379,9.0,28.0,644.0,3784,17.02,5.0,2.0,40.0%,1.0,12.5%,203.0,70.9,8.9,11.8,-2.9,1.0,0.1,0.39,-0.29,0.25,-4.1,1.87
brandin cooks,31,DAL,10,54,26,259,8.68,27.0,634.0,4089,15.51,8.0,2.0,50.0%,2.0,8.7%,267.0,69.6,7.0,10.4,-3.4,3.0,0.3,0.43,-0.13,0.24,-6.0,0.97
tyler johnson,26,LAR,15,41,26,291,7.58,27.0,229.0,3552,6.45,10.0,2.0,25.0%,0.0,18.2%,196.0,61.1,5.6,4.7,0.9,1.0,0.1,0.17,-0.07,0.16,-7.4,1.48
malik washington,23,MIA,14,36,26,223,6.34,28.0,210.0,2790,7.53,2.0,2.0,100.0%,0.0,5.6%,214.0,54.8,3.9,4.4,-0.5,0.0,0.1,0.07,0.03,0.15,-9.1,1.04
brandon aiyuk,26,SFO,7,47,25,374,9.16,30.0,572.0,3098,18.46,6.0,3.0,50.0%,0.0,13.3%,187.0,62.4,8.9,12.1,-3.2,0.0,0.0,0.29,-0.29,0.27,-4.1,2.0
van jefferson,28,PIT,17,40,24,276,8.7,24.0,465.0,3111,14.95,8.0,5.0,62.5%,2.0,25.0%,342.0,63.6,4.2,4.5,-0.3,2.0,0.1,0.17,-0.07,0.24,-8.8,0.81
john metchie,24,HOU,13,37,24,254,6.76,24.0,333.0,4229,7.87,7.0,5.0,62.5%,1.0,21.6%,224.0,55.4,4.3,5.0,-0.7,1.0,0.1,0.18,-0.08,0.16,-8.7,1.13
rashee rice,24,KAN,4,29,24,288,5.07,25.0,156.0,2706,5.76,2.0,2.0,100.0%,1.0,4.1%,,64.9,16.2,9.8,6.4,2.0,0.4,0.09,0.31,0.12,3.2,
adonai mitchell,22,IND,17,55,23,312,11.18,27.0,773.0,4444,17.39,5.0,0.0,0.0%,0.0,17.9%,193.0,53.8,3.2,6.8,-3.6,0.0,0.0,0.27,-0.27,0.29,-9.8,1.62
justin watson,28,KAN,17,32,22,289,5.59,24.0,482.0,2706,17.81,3.0,4.0,100.0%,2.0,8.2%,333.0,62.9,3.9,3.4,0.5,2.0,0.1,0.11,-0.01,0.21,-9.1,0.87
jordan whittington,24,LAR,15,28,22,293,5.18,22.0,107.0,3552,3.01,2.0,0.0,0.0%,0.0,2.3%,119.0,52.5,3.5,3.5,0.0,0.0,0.0,0.09,-0.09,0.1,-9.5,2.46
mike williams,30,2TM,18,34,21,298,7.07,23.0,518.0,5041,10.28,2.0,0.0,0.0%,0.0,6.3%,322.0,56.8,4.1,4.2,-0.1,1.0,0.1,0.14,-0.04,0.18,-8.9,0.93
mike williams,30,NYJ,9,21,12,166,3.57,23.0,518.0,3922,13.21,2.0,0.0,0.0%,0.0,6.3%,322.0,56.8,4.1,4.2,-0.1,1.0,0.1,0.14,-0.04,0.15,-8.9,0.52
mike williams,30,PIT,9,13,9,132,2.83,23.0,518.0,3111,16.65,2.0,0.0,0.0%,0.0,6.3%,322.0,56.8,4.1,4.2,-0.1,1.0,0.1,0.14,-0.04,0.16,-8.9,0.41
gabriel davis,25,JAX,10,42,20,239,8.05,20.0,562.0,3784,14.85,9.0,5.0,45.5%,2.0,27.5%,222.0,53.9,5.4,8.4,-3.0,2.0,0.2,0.4,-0.2,0.22,-7.6,1.08
rashid shaheed,26,NOR,6,41,20,349,7.93,21.0,722.0,3170,22.78,2.0,2.0,50.0%,0.0,25.0%,155.0,79.8,13.3,13.2,0.1,3.0,0.5,0.43,0.07,0.28,0.3,2.25
cedrick wilson,29,NOR,15,27,20,211,5.22,23.0,197.0,3170,6.21,1.0,1.0,100.0%,1.0,6.3%,184.0,49.9,3.3,3.3,0.0,1.0,0.1,0.0,0.1,0.12,-9.7,1.15
robert woods,32,HOU,15,30,20,203,5.48,21.0,287.0,4229,6.79,3.0,1.0,50.0%,0.0,5.4%,173.0,38.3,2.7,3.6,-0.9,0.0,0.0,0.11,-0.11,0.13,-10.3,1.17
jahan dotson,24,PHI,17,33,19,216,7.89,19.0,327.0,2519,12.98,1.0,0.0,0.0%,0.0,3.3%,353.0,41.9,2.5,3.0,-0.5,0.0,0.0,0.04,-0.04,0.21,-10.5,0.61
marquez valdes-scantling,30,2TM,14,44,19,411,9.15,21.0,765.0,5041,15.18,2.0,1.0,50.0%,1.0,12.5%,263.0,84.5,6.5,6.2,0.3,4.0,0.3,0.2,0.1,0.24,-6.5,1.56
marquez valdes-scantling,30,BUF,6,9,2,26,1.82,21.0,765.0,3994,19.15,2.0,1.0,50.0%,1.0,12.5%,263.0,84.5,6.5,6.2,0.3,4.0,0.3,0.2,0.1,0.16,-6.5,0.1
marquez valdes-scantling,30,NOR,8,35,17,385,6.77,21.0,765.0,3170,24.13,2.0,1.0,50.0%,1.0,12.5%,263.0,84.5,6.5,6.2,0.3,4.0,0.3,0.2,0.1,0.27,-6.5,1.46
luke mccaffrey,23,WAS,17,24,18,168,4.76,19.0,170.0,3189,5.33,3.0,2.0,66.7%,0.0,8.3%,205.0,34.8,2.0,2.5,-0.5,0.0,0.0,0.1,-0.1,0.11,-11.0,0.82
juju smith-schuster,28,KAN,14,26,18,231,4.55,20.0,145.0,2706,5.36,6.0,4.0,66.7%,2.0,12.2%,209.0,53.1,3.8,3.7,0.1,2.0,0.1,0.1,0.0,0.11,-9.2,1.11
kalif raymond,30,DET,12,22,17,215,4.21,17.0,176.0,2797,6.29,1.0,2.0,100.0%,1.0,3.8%,122.0,56.5,4.7,3.2,1.5,2.0,0.2,0.04,0.16,0.11,-8.3,1.76
jonathan mingo,23,2TM,17,42,17,167,8.73,19.0,439.0,5041,8.71,1.0,0.0,0.0%,0.0,2.2%,245.0,32.2,2.0,4.4,-2.4,0.0,0.0,0.09,-0.09,0.19,-11.0,0.68
jonathan mingo,23,CAR,9,26,12,121,5.02,19.0,439.0,4054,10.83,1.0,0.0,0.0%,0.0,2.2%,245.0,32.2,2.0,4.4,-2.4,0.0,0.0,0.09,-0.09,0.15,-11.0,0.49
jonathan mingo,23,DAL,8,16,5,46,2.57,19.0,439.0,4089,10.74,1.0,0.0,0.0%,0.0,2.2%,245.0,32.2,2.0,4.4,-2.4,0.0,0.0,0.09,-0.09,0.11,-11.0,0.19
dj turner,27,LVR,12,29,16,158,4.9,17.0,255.0,3751,6.8,2.0,1.0,25.0%,1.0,14.3%,223.0,47.1,3.6,4.1,-0.5,1.0,0.2,0.09,0.11,0.12,-9.4,0.71
nelson agholor,31,BAL,14,29,14,231,6.35,18.0,389.0,3332,11.67,2.0,2.0,100.0%,2.0,11.1%,189.0,49.1,3.8,3.6,0.2,2.0,0.1,0.1,0.0,0.18,-9.2,1.22
mason tipton,24,NOR,11,26,14,99,5.03,15.0,323.0,3170,10.19,1.0,1.0,100.0%,0.0,6.3%,219.0,23.9,2.2,4.1,-1.9,0.0,0.0,0.05,-0.05,0.15,-10.8,0.45
jake bobo,26,SEA,17,17,13,107,2.99,14.0,138.0,3520,3.92,2.0,1.0,100.0%,0.0,2.9%,141.0,29.7,1.7,1.7,0.0,1.0,0.1,0.05,0.05,0.07,-11.3,0.76
derius davis,24,LAC,15,17,13,112,3.46,13.0,65.0,3626,1.79,2.0,2.0,100.0%,1.0,7.1%,,40.1,2.7,2.6,0.1,2.0,0.2,0.09,0.11,0.06,-10.3,
josh reynolds,29,2TM,9,24,13,194,4.99,13.0,265.0,5041,5.26,3.0,2.0,100.0%,1.0,5.0%,192.0,38.4,4.8,4.6,0.2,1.0,0.1,0.13,-0.03,0.11,-8.2,1.01
josh reynolds,29,DEN,5,19,12,183,3.46,13.0,265.0,3912,6.77,3.0,2.0,100.0%,1.0,5.0%,192.0,38.4,4.8,4.6,0.2,1.0,0.1,0.13,-0.03,0.1,-8.2,0.95
josh reynolds,29,JAX,4,5,1,11,0.96,13.0,265.0,3784,7.0,3.0,2.0,100.0%,1.0,5.0%,192.0,38.4,4.8,4.6,0.2,1.0,0.1,0.13,-0.03,0.06,-8.2,0.06
jalen brooks,24,DAL,14,30,12,177,4.82,13.0,404.0,4089,9.88,4.0,1.0,25.0%,1.0,8.7%,205.0,35.7,2.6,4.0,-1.4,1.0,0.1,0.14,-0.04,0.14,-10.4,0.86
mecole hardman,26,KAN,12,14,12,90,2.45,12.0,-14.0,2706,-0.52,5.0,4.0,80.0%,0.0,10.2%,,33.2,2.8,2.4,0.4,0.0,0.1,0.11,-0.01,0.03,-10.2,
xavier hutchinson,24,HOU,16,26,12,117,4.75,14.0,251.0,4229,5.94,2.0,0.0,0.0%,0.0,2.7%,243.0,23.7,1.5,3.2,-1.7,0.0,0.0,0.11,-0.11,0.11,-11.5,0.48
ryan miller,24,TAM,11,20,12,128,3.55,14.0,175.0,3428,5.11,3.0,2.0,66.7%,2.0,7.1%,130.0,36.8,3.3,3.4,-0.1,2.0,0.2,0.14,0.06,0.09,-9.7,0.98
trey palmer,23,TAM,15,22,12,172,3.91,13.0,318.0,3428,9.28,1.0,2.0,100.0%,1.0,4.8%,162.0,35.2,2.3,2.8,-0.5,1.0,0.1,0.08,0.02,0.12,-10.7,1.06
dante pettis,29,NOR,8,28,12,120,5.42,13.0,282.0,3170,8.9,3.0,0.0,0.0%,0.0,6.3%,,32.0,4.0,5.0,-1.0,1.0,0.1,0.17,-0.07,0.14,-9.0,
jalynn polk,22,NWE,15,33,12,87,6.6,16.0,378.0,2508,15.07,4.0,2.0,50.0%,2.0,20.0%,227.0,32.7,2.2,4.0,-1.8,2.0,0.1,0.13,-0.03,0.2,-10.8,0.38
kevin austin,24,NOR,8,22,11,151,4.26,13.0,256.0,3170,8.08,0.0,,,,,181.0,27.0,3.4,5.7,-2.3,0.0,0.0,0.11,-0.11,0.12,-9.6,0.83
devin duvernay,27,JAX,13,16,11,79,3.07,12.0,183.0,3784,4.84,2.0,2.0,100.0%,0.0,5.0%,115.0,19.2,1.5,2.4,-0.9,0.0,0.0,0.06,-0.06,0.08,-11.5,0.69
tylan wallace,25,BAL,17,12,11,193,2.63,12.0,73.0,3332,2.19,0.0,1.0,100.0%,0.0,5.6%,,36.3,2.1,,,1.0,,,,0.05,-10.9,
ryan flournoy,25,DAL,11,14,10,102,2.25,11.0,115.0,4089,2.81,0.0,,,,,,18.2,1.7,2.3,-0.6,0.0,0.0,0.02,-0.02,0.05,-11.3,
malik heath,24,GNB,13,13,10,97,2.8,10.0,84.0,3707,2.27,2.0,2.0,100.0%,2.0,4.3%,,31.7,2.6,2.1,0.5,2.0,0.2,0.09,0.11,0.06,-10.4,
odell beckham,32,MIA,9,18,9,55,3.17,10.0,164.0,2790,5.88,4.0,1.0,25.0%,0.0,11.1%,101.0,14.5,1.8,3.8,-2.0,0.0,0.0,0.15,-0.15,0.09,-11.2,0.54
marquise brown,27,KAN,2,15,9,91,2.62,9.0,123.0,2706,4.55,2.0,1.0,50.0%,0.0,4.1%,,18.1,9.1,,,0.0,,,,0.07,-3.9,
deandre carter,31,CHI,13,14,9,72,2.66,9.0,155.0,3708,4.18,3.0,2.0,66.7%,0.0,5.5%,,14.2,1.1,3.5,-2.4,0.0,0.0,0.14,-0.14,0.07,-11.9,
jamison crowder,31,WAS,6,13,9,72,2.58,9.0,108.0,3189,3.39,3.0,3.0,100.0%,2.0,8.3%,,26.2,5.2,3.9,1.3,2.0,0.3,0.16,0.14,0.06,-7.8,
rakim jarrett,23,TAM,10,11,9,124,1.95,9.0,127.0,3428,3.7,2.0,1.0,50.0%,0.0,4.8%,,21.4,2.1,1.6,0.5,0.0,0.0,0.05,-0.05,0.06,-10.9,
bub means,23,NOR,7,15,9,118,2.9,10.0,170.0,3170,5.36,1.0,1.0,100.0%,1.0,6.3%,,26.8,3.8,4.2,-0.4,1.0,0.2,0.09,0.11,0.08,-9.2,
jalin hyatt,23,NYG,16,19,8,62,3.43,10.0,363.0,3532,10.28,0.0,,,,,198.0,14.2,0.9,2.3,-1.4,0.0,0.0,0.03,-0.03,0.12,-12.1,0.31
zay jones,29,ARI,11,11,8,84,2.1,8.0,95.0,2668,3.56,0.0,0.0,0%,0.0,0.0%,151.0,16.4,1.5,2.6,-1.1,0.0,0.0,0.09,-0.09,0.06,-11.5,0.56
bo melton,25,GNB,17,17,8,91,3.66,8.0,303.0,3707,8.17,1.0,1.0,100.0%,0.0,2.2%,,22.5,1.3,2.1,-0.8,0.0,0.0,0.07,-0.07,0.11,-11.7,
trent sherfield,28,MIN,17,9,8,83,1.74,8.0,71.0,3612,1.97,1.0,1.0,100.0%,1.0,2.1%,,22.3,1.5,,,1.0,,,,0.04,-11.5,
britain covey,27,PHI,5,8,7,34,1.91,8.0,9.0,2519,0.36,2.0,2.0,100.0%,0.0,6.7%,,10.4,2.1,2.9,-0.8,0.0,0.0,0.03,-0.03,0.03,-10.9,
river cracraft,30,MIA,8,9,7,66,1.58,8.0,71.0,2790,2.54,1.0,,,,,,13.6,2.7,1.8,0.9,0.0,0.0,0.05,-0.05,0.04,-10.3,
khadarel hodge,29,ATL,17,12,7,131,2.23,8.0,130.0,3790,3.43,2.0,0.0,0.0%,0.0,2.9%,105.0,32.1,2.0,,,1.0,,,,0.06,-11.0,1.25
kj osborn,27,NWE,7,18,7,57,3.6,8.0,107.0,2508,4.27,3.0,2.0,66.7%,0.0,15.0%,120.0,18.7,2.7,3.5,-0.8,1.0,0.1,0.1,0.0,0.08,-10.3,0.48
brandon powell,29,MIN,17,10,7,71,1.93,7.0,101.0,3612,2.8,0.0,1.0,100.0%,0.0,2.1%,112.0,14.1,0.8,,,0.0,,,,0.05,-12.2,0.63
jalen reagor,25,LAC,8,12,7,100,2.44,7.0,123.0,3626,3.39,0.0,0.0,0%,0.0,0.0%,,14.7,1.8,2.7,-0.9,0.0,0.0,0.05,-0.05,0.06,-11.2,
ainias smith,23,PHI,7,9,7,41,2.15,7.0,12.0,2519,0.48,1.0,,,,,,17.7,2.5,2.5,0.0,1.0,0.1,0.06,0.04,0.04,-10.5,
michael woods,24,CLE,5,17,7,65,2.68,9.0,204.0,4491,4.54,3.0,1.0,25.0%,0.0,13.8%,,13.5,2.7,,,0.0,,,,0.07,-10.3,
parris campbell,27,PHI,5,8,6,30,1.91,6.0,34.0,2519,1.35,1.0,1.0,100.0%,1.0,3.3%,,15.0,3.8,2.8,1.0,1.0,0.2,0.12,0.08,0.04,-9.2,
chris conley,32,SFO,15,12,6,76,2.34,6.0,209.0,3098,6.75,1.0,0.0,0.0%,0.0,2.2%,,13.6,1.5,1.6,-0.1,0.0,0.0,0.05,-0.05,0.08,-11.5,
simi fehoko,27,LAC,8,16,6,106,3.26,8.0,236.0,3626,6.51,1.0,0.0,0.0%,0.0,7.1%,110.0,16.6,2.8,4.7,-1.9,0.0,0.0,0.23,-0.23,0.09,-10.2,0.96
xavier gipson,23,NYJ,17,10,6,39,1.7,7.0,112.0,3922,2.86,1.0,1.0,100.0%,1.0,1.6%,125.0,14.4,0.8,,,1.0,,,,0.05,-12.2,0.31
bryce oliver,24,TEN,10,9,6,95,1.78,6.0,95.0,4023,2.36,1.0,0.0,0.0%,0.0,3.8%,,15.5,1.6,1.5,0.1,0.0,0.0,0.02,-0.02,0.04,-11.4,
scott miller,27,PIT,13,9,5,69,1.96,,,3111,,,,,,,,,,,,,,,,,,
laviska shenault,26,SEA,11,5,5,36,0.88,5.0,-10.0,3520,-0.28,0.0,,,,,,10.7,1.1,,,0.0,,,,0.01,-11.9,
ben skowronek,27,PIT,10,5,5,69,1.09,5.0,40.0,3111,1.29,0.0,,,,,,11.9,1.2,,,0.0,,,,0.03,-11.8,
johnny wilson,23,PHI,16,15,5,38,3.59,6.0,147.0,2519,5.84,3.0,1.0,33.3%,1.0,10.0%,137.0,14.8,0.9,2.1,-1.2,1.0,0.1,0.12,-0.02,0.09,-12.1,0.28
treylon burks,24,TEN,5,8,4,34,1.58,6.0,135.0,4023,3.36,0.0,,,,,,7.5,1.5,3.0,-1.5,0.0,0.0,0.04,-0.04,0.05,-11.5,
jermaine burton,23,CIN,14,14,4,107,2.23,5.0,296.0,3630,8.15,4.0,1.0,25.0%,0.0,5.3%,,14.7,1.1,2.2,-1.1,0.0,0.0,0.14,-0.14,0.09,-11.9,
dj chark,28,LAC,7,10,4,31,2.04,4.0,115.0,3626,3.17,2.0,,,,,,13.1,3.3,,,1.0,,,,0.05,-9.7,
jacob cowing,23,SFO,15,6,4,80,1.17,4.0,76.0,3098,2.45,2.0,1.0,50.0%,0.0,4.4%,,10.7,0.7,,,0.0,,,,0.03,-12.3,
deven thompkins,25,CAR,7,4,4,20,0.77,4.0,-8.0,4054,-0.2,1.0,1.0,100.0%,0.0,2.2%,,6.7,1.3,,,0.0,,,,0.01,-11.7,
tyquan thornton,24,NWE,6,8,4,47,1.6,4.0,126.0,2508,5.02,1.0,1.0,100.0%,0.0,5.0%,,8.7,2.2,3.4,-1.2,0.0,0.0,0.07,-0.07,0.06,-10.8,
alex bachman,28,LVR,6,3,3,31,0.51,3.0,21.0,3751,0.56,0.0,0.0,0%,0.0,0.0%,,6.1,1.2,,,0.0,,,,0.01,-11.8,
david bell,24,CLE,1,3,3,27,0.47,3.0,19.0,4491,0.42,1.0,1.0,100.0%,0.0,3.4%,,5.7,5.7,3.1,2.6,0.0,0.0,0.13,-0.13,0.01,-7.3,
dan chisena,27,CAR,6,4,3,37,0.77,3.0,30.0,4054,0.74,0.0,,,,,,6.7,1.1,,,0.0,,,,0.02,-11.9,
malachi corley,22,NYJ,9,6,3,16,1.02,3.0,50.0,3922,1.27,2.0,0.0,0.0%,0.0,3.3%,,5.2,0.7,2.1,-1.4,0.0,0.0,0.15,-0.15,0.02,-12.3,
dwayne eskridge,27,MIA,6,3,3,44,0.53,,,2790,,,,,,,,,,,,,,,,,,
trenton irwin,29,CIN,7,10,3,15,1.59,4.0,62.0,3630,1.71,6.0,2.0,33.3%,0.0,8.0%,,4.5,0.8,3.6,-2.8,0.0,0.0,0.33,-0.33,0.04,-12.2,
tim jones,26,JAX,17,5,3,41,0.96,3.0,40.0,3784,1.06,0.0,,,,,,7.1,0.9,,,0.0,,,,0.02,-12.1,
terrace marshall,24,LVR,7,6,3,41,1.01,3.0,52.0,3751,1.39,0.0,,,,,,7.1,1.4,,,0.0,,,,0.02,-11.6,
james proche,28,CLE,9,3,3,21,0.47,3.0,17.0,4491,0.38,0.0,,,,,,3.1,0.3,,,0.0,,,,0.01,-12.7,
allen robinson,31,DET,12,7,3,30,1.34,4.0,51.0,2797,1.82,0.0,,,,,,6.0,1.0,,,0.0,,,,0.03,-12.0,
jamari thrash,24,CLE,9,7,3,22,1.1,5.0,51.0,4491,1.14,0.0,,,,,,5.2,0.6,,,0.0,,,,0.02,-12.4,
ronnie bell,24,SFO,9,6,2,22,1.17,4.0,65.0,3098,2.1,1.0,1.0,100.0%,0.0,2.2%,,4.2,1.1,,,0.0,,,,0.03,-11.9,
grant dubose,23,MIA,3,4,2,11,0.7,2.0,47.0,2790,1.68,0.0,,,,,,3.1,1.6,2.3,-0.7,0.0,0.0,0.04,-0.04,0.02,-11.4,
ashton dulin,27,IND,15,8,2,67,1.63,3.0,154.0,4444,3.47,1.0,0.0,0.0%,0.0,2.6%,,19.2,1.3,,,1.0,,,,0.05,-11.7,
isaiah hodgins,26,NYG,3,2,2,12,0.36,,,3532,,,,,,,,3.2,1.6,,,0.0,,,,,-11.4,
mason kinsey,26,TEN,6,2,2,17,0.39,,,4023,,,,,,,,3.7,0.6,,,0.0,,,,,-12.4,
nikko remigio,25,KAN,5,6,2,48,1.05,3.0,64.0,2706,2.37,0.0,,,,,,6.8,1.4,,,0.0,,,,0.03,-11.6,
xavier smith,27,LAR,15,2,2,6,0.37,,,3552,,,,,,,,6.2,0.4,,,0.0,,,,,-12.6,
austin trammell,26,JAX,1,3,2,40,0.57,,,3784,,,,,,,,4.0,4.0,2.0,2.0,0.0,0.0,0.0,0.0,,-9.0,
cody white,26,SEA,4,3,2,44,0.53,,,3520,,,,,,,,6.4,1.6,1.6,0.0,0.0,0.0,0.04,-0.04,,-11.4,
kristian wilkerson,27,LVR,3,3,2,18,0.51,,,3751,,,2.0,66.7%,1.0,10.7%,,9.8,9.8,3.1,6.7,1.0,0.5,0.24,0.26,,-3.2,
isaiah williams,23,DET,2,3,2,6,0.57,,,2797,,,,,,,,2.6,0.3,,,0.0,,,,,-12.7,
javon baker,22,NWE,11,4,1,12,0.8,1.0,50.0,2508,1.99,0.0,,,,,,2.2,0.2,,,0.0,,,,0.03,-12.8,
chris blair,27,ATL,4,2,1,17,0.37,,,3790,,,,,,,,2.7,0.9,,,0.0,,,,,-12.1,
robbie chosen,31,MIA,2,4,1,5,0.7,1.0,47.0,2790,1.68,2.0,0.0,0.0%,0.0,5.6%,,1.5,1.5,3.8,-2.3,0.0,0.0,0.29,-0.29,0.02,-11.5,
jaelon darden,25,CLE,7,1,1,6,0.16,,,4491,,,,,,,,1.6,0.1,,,0.0,,,,,-12.9,
anthony gould,23,IND,8,1,1,23,0.2,,,4444,,,,,,,,3.3,0.4,,,0.0,,,,,-12.6,
jhaquan jackson,24,TEN,12,3,1,8,0.59,,,4023,,,,,,,,-2.7,-0.2,,,0.0,,,,,-13.2,
brandon johnson,26,PIT,3,1,1,9,0.22,,,3111,,,,,,,,1.9,0.6,,,0.0,,,,,-12.4,
collin johnson,27,CHI,9,2,1,6,0.38,,,3708,,,,,,,,1.6,0.3,,,0.0,,,,,-12.7,
charlie jones,26,CIN,8,1,1,5,0.16,,,3630,,,,,,,,5.5,0.7,,,0.0,,,,,-12.3,
velus jones,27,CHI,1,1,1,8,0.19,,,3708,,,,,,,,0.9,0.5,,,0.0,,,,,-12.5,
ramel keyton,24,LVR,8,3,1,7,0.51,,,3751,,,0.0,0.0%,0.0,3.6%,,1.7,0.6,,,0.0,,,,,-12.4,
tay martin,27,TEN,1,2,1,49,0.39,,,4023,,,,,,,,11.9,11.9,,,1.0,,,,,-1.1,
anthony miller,30,BAL,2,1,1,16,0.22,,,3332,,,,,,,,2.6,1.3,,,0.0,,,,,-11.7,
kendric pryor,26,CIN,1,1,1,9,0.16,,,3630,,,,,,,,1.9,1.0,,,0.0,,,,,-12.0,
john ross,29,PHI,1,2,1,6,0.48,,,2519,,,,,,,,1.6,1.6,5.5,-3.9,0.0,0.0,0.36,-0.36,,-11.4,
tyler scott,23,CHI,11,1,1,5,0.19,,,3708,,,,,,,,1.5,0.1,,,0.0,,,,,-12.9,
tyrell shavers,25,BUF,3,1,1,69,0.2,,,3994,,,,,,,,13.9,4.6,,,1.0,,,,,-8.4,
trent taylor,30,SFO,2,1,1,11,0.19,,,3098,,,,,,,,2.1,1.1,,,0.0,,,,,-11.9,
brycen tremayne,25,WAS,2,1,1,-2,0.2,,,3189,,,,,,,,0.8,0.4,,,0.0,,,,,-12.6,
devontez walker,23,BAL,9,3,1,21,0.66,,,3332,,,,,,,,9.1,1.3,,,1.0,,,,,-11.7,
casey washington,23,ATL,8,2,1,14,0.37,,,3790,,,,,,,,2.4,1.2,1.7,-0.5,0.0,0.0,0.03,-0.03,,-11.8,
braxton berrios,29,MIA,6,4,0,0,0.7,0.0,26.0,2790,0.93,1.0,0.0,0.0%,0.0,2.8%,,0.0,0.0,,,0.0,,,,0.02,-13.0,
irvin charles,27,NYJ,13,1,0,0,0.17,,,3922,,,0.0,0.0%,0.0,1.6%,,0.0,0.0,,,0.0,,,,,-13.0,
erik ezukanma,24,MIA,2,2,0,0,0.35,,,2790,,,,,,,,0.0,0.0,2.0,-2.0,0.0,0.0,0.13,-0.13,,-13.0,
kameron johnson,22,TAM,5,1,0,0,0.18,,,3428,,,0.0,0.0%,0.0,2.4%,,1.1,0.2,,,0.0,,,,,-12.8,
tom kennedy,28,DET,4,1,0,0,0.19,,,2797,,,,,,,,0.0,0.0,,,0.0,,,,,-13.0,
skyy moore,24,KAN,6,3,0,0,0.52,,,2706,,,,,,,,0.0,0.0,,,0.0,,,,,-13.0,
justyn ross,25,KAN,2,1,0,0,0.17,,,2706,,,0.0,0.0%,0.0,2.0%,,0.0,0.0,1.7,-1.7,0.0,0.0,0.22,-0.22,,-13.0,
kadarius toney,25,CLE,3,1,0,0,0.16,,,4491,,,,,,,,-2.4,-0.8,,,0.0,,,,,-13.8,
xavier weaver,24,ARI,2,2,0,0,0.38,,,2668,,,,,,,,0.0,0.0,3.7,-3.7,0.0,0.0,0.28,-0.28,,-13.0,
dareke young,25,SEA,14,1,0,0,0.18,,,3520,,,,,,,,0.0,0.0,,,0.0,,,,,-13.0,
