Rk,Player,Age,Team,Pos,G,GS,Tgt,Rec,Yds,1D,YBC,YBC/R,YAC,YAC/R,ADOT,BrkTkl,Rec/Br,Drop,Drop%,Rat,Team_Total_Targets,Target_Share,AIR,AIR/R,CATCHABLE,YACON,YACON/R,RZ TGT,RZ_REC,RZ_TGT,RZ_REC_PCT,RZ_YDS,RZ_P_TD,RZ_TGT_PCT,REC_I10,TGT_I10,REC_PCT_I10,YDS_I10,TD_I10,TGT_PCT_I10,Routes Run,FPTS,FPTS/G,RTD
1,jamarr chase,24,CIN,WR,17,16,175,127,1708,75,921,7.3,787,6.2,8.7,11.0,11.5,9,5.1,118.9,628,27.87,"1,523",12.0,136.0,295.0,2.3,35.0,20.0,33.0,60.6%,162.0,7.0,44.0%,7.0,16.0,43.8%,33.0,5.0,35.6%,681.0,403.0,23.7,17.0
2,amon-ra st brown,25,DET,WR,17,17,141,115,1263,73,851,7.4,412,3.6,7.7,3.0,38.3,4,2.8,129.4,522,27.01,"1,109",9.6,119.0,131.0,1.1,31.0,23.0,31.0,74.2%,162.0,9.0,59.6%,12.0,15.0,80.0%,64.0,9.0,62.5%,515.0,316.2,18.6,12.0
3,brock bowers,22,LVR,TE,17,16,153,112,1194,61,598,5.3,596,5.3,6.1,6.0,18.7,6,3.9,92.9,592,25.84,,,,,,,,,,,,,,,,,,,,,,
4,trey mcbride,25,ARI,TE,16,16,147,111,1146,63,633,5.7,513,4.6,6.1,5.0,22.2,3,2.0,99.2,523,28.11,,,,,,,,,,,,,,,,,,,,,,
5,malik nabers,21,NYG,WR,15,13,170,109,1204,55,742,6.8,462,4.2,9.1,8.0,13.6,9,5.3,93.8,554,30.69,"1,550",14.2,118.0,207.0,1.9,13.0,5.0,13.0,38.5%,30.0,3.0,37.1%,3.0,8.0,37.5%,12.0,3.0,47.1%,522.0,273.6,18.2,7.0
6,justin jefferson,25,MIN,WR,17,17,154,103,1533,62,1046,10.2,487,4.7,10.9,5.0,20.6,5,3.2,107.4,517,29.79,"1,673",16.2,108.0,119.0,1.2,25.0,15.0,22.0,68.2%,118.0,6.0,45.8%,5.0,9.0,55.6%,27.0,3.0,39.1%,570.0,317.5,18.7,10.0
7,ceedee lamb,25,DAL,WR,15,15,152,101,1194,54,657,6.5,537,5.3,7.6,11.0,9.2,7,4.6,86.9,622,24.44,"1,148",11.4,108.0,251.0,2.5,16.0,11.0,18.0,61.1%,92.0,4.0,39.1%,1.0,3.0,33.3%,7.0,1.0,16.7%,504.0,263.4,17.6,6.0
8,garrett wilson,24,NYJ,WR,17,17,154,101,1104,60,662,6.6,442,4.4,9.1,7.0,14.4,7,4.5,88.2,589,26.15,"1,400",13.9,107.0,159.0,1.6,23.0,11.0,23.0,47.8%,64.0,4.0,37.7%,6.0,11.0,54.5%,30.0,4.0,36.7%,627.0,251.9,14.8,7.0
9,drake london,23,ATL,WR,17,17,158,100,1271,67,944,9.4,327,3.3,10.9,6.0,16.7,5,3.2,86.2,539,29.31,"1,746",17.5,105.0,147.0,1.5,24.0,14.0,23.0,60.9%,114.0,6.0,65.7%,4.0,10.0,40.0%,24.0,4.0,71.4%,508.0,280.8,16.5,9.0
10,jaxon smith-njigba,22,SEA,WR,17,16,137,100,1130,57,653,6.5,477,4.8,8.7,4.0,25.0,5,3.6,99.7,569,24.08,"1,188",11.9,105.0,128.0,1.3,13.0,8.0,15.0,53.3%,78.0,5.0,44.1%,2.0,7.0,28.6%,8.0,2.0,38.9%,598.0,253.0,14.9,6.0
11,dj moore,27,CHI,WR,17,17,140,98,966,43,378,3.9,588,6.0,7.5,5.0,19.6,3,2.1,94.5,527,26.57,"1,049",10.7,101.0,137.0,1.4,21.0,12.0,20.0,60.0%,80.0,2.0,36.4%,5.0,6.0,83.3%,32.0,2.0,31.6%,589.0,238.1,14.0,6.0
12,travis kelce,35,KAN,TE,16,16,133,97,823,47,482,5.0,341,3.5,6.4,3.0,32.3,6,4.5,83.6,572,23.25,,,,,,,,,,,,,,,,,,,,,,
13,wandale robinson,23,NYG,WR,17,7,140,93,699,36,338,3.6,361,3.9,4.8,9.0,10.3,6,4.3,79.4,554,25.27,686,7.4,99.0,138.0,1.5,17.0,10.0,17.0,58.8%,57.0,3.0,48.6%,5.0,9.0,55.6%,24.0,3.0,52.9%,536.0,182.7,10.7,3.0
14,jerry jeudy,25,CLE,WR,17,16,145,90,1229,57,842,9.4,387,4.3,11.1,0.0,,13,9.0,89.7,634,22.87,"1,611",17.9,103.0,49.0,0.5,13.0,4.0,12.0,33.3%,21.0,1.0,41.4%,1.0,4.0,25.0%,6.0,1.0,44.4%,670.0,240.9,14.2,4.0
15,jonnu smith,29,MIA,TE,17,6,111,88,884,55,374,4.3,510,5.8,4.9,8.0,11.0,6,5.4,123.9,568,19.54,,,,,,,,,,,,,,,,,,,,,,
16,jakobi meyers,28,LVR,WR,15,15,129,87,1027,52,734,8.4,293,3.4,9.6,4.0,21.8,1,0.8,92.1,592,21.79,"1,235",14.2,88.0,85.0,1.0,14.0,8.0,15.0,53.3%,71.0,3.0,53.6%,2.0,6.0,33.3%,10.0,2.0,60.0%,547.0,218.0,14.5,4.0
17,brian thomas,22,JAX,WR,17,16,133,87,1282,53,720,8.3,562,6.5,11.4,0.0,,7,5.3,106.2,522,25.48,"1,518",17.4,94.0,179.0,2.1,16.0,9.0,14.0,64.3%,80.0,8.0,35.0%,5.0,9.0,55.6%,22.0,4.0,45.0%,479.0,284.0,16.7,10.0
18,davante adams,32,2TM,WR,14,14,141,85,1063,49,590,6.9,473,5.6,8.2,7.0,12.1,6,4.3,93.8,481,29.31,"1,163",13.7,91.0,180.0,2.1,24.0,11.0,23.0,47.8%,60.0,5.0,37.7%,6.0,13.0,46.2%,15.0,4.0,43.3%,496.0,241.3,17.2,8.0
18,davante adams,32,LVR,WR,3,3,27,18,209,10,164,9.1,45,2.5,9.6,0.0,,1,3.7,86.8,592,4.56,"1,163",13.7,91.0,180.0,2.1,24.0,11.0,23.0,47.8%,60.0,5.0,37.7%,6.0,13.0,46.2%,15.0,4.0,43.3%,496.0,241.3,17.2,8.0
18,davante adams,32,NYJ,WR,11,11,114,67,854,39,426,6.4,428,6.4,7.9,7.0,9.6,5,4.4,95.4,589,19.35,"1,163",13.7,91.0,180.0,2.1,24.0,11.0,23.0,47.8%,60.0,5.0,37.7%,6.0,13.0,46.2%,15.0,4.0,43.3%,496.0,241.3,17.2,8.0
19,ladd mcconkey,23,LAC,WR,16,14,112,82,1149,52,759,9.3,390,4.8,9.9,10.0,8.2,5,4.5,123.0,491,22.81,"1,108",13.5,87.0,105.0,1.3,9.0,7.0,8.0,87.5%,54.0,5.0,28.6%,7.0,8.0,87.5%,54.0,5.0,61.5%,424.0,240.9,15.1,7.0
20,terry mclaurin,29,WAS,WR,17,17,117,82,1096,56,804,9.8,292,3.6,13.4,2.0,41.0,4,3.4,133.0,504,23.21,"1,565",19.1,86.0,107.0,1.3,14.0,12.0,14.0,85.7%,107.0,9.0,38.9%,7.0,7.0,100.0%,33.0,6.0,38.9%,458.0,267.8,15.8,13.0
21,tyreek hill,30,MIA,WR,17,17,123,81,959,54,667,8.2,292,3.6,11.4,1.0,81.0,2,1.6,95.5,568,21.65,"1,397",17.2,83.0,60.0,0.7,18.0,9.0,18.0,50.0%,57.0,5.0,50.0%,5.0,9.0,55.6%,22.0,4.0,60.0%,484.0,218.2,12.8,6.0
22,courtland sutton,29,DEN,WR,17,13,135,81,1081,57,902,11.1,179,2.2,13.2,1.0,81.0,9,6.7,86.7,549,24.59,"1,803",22.3,90.0,38.0,0.5,21.0,12.0,21.0,57.1%,115.0,6.0,47.7%,5.0,7.0,71.4%,32.0,3.0,41.2%,517.0,240.3,14.1,8.0
23,puka nacua,23,LAR,WR,11,11,106,79,990,47,472,6.0,518,6.6,7.9,10.0,7.9,1,0.9,108.6,541,19.59,834,10.6,80.0,178.0,2.3,12.0,10.0,13.0,76.9%,85.0,3.0,29.5%,1.0,3.0,33.3%,7.0,1.0,12.0%,274.0,206.6,18.8,3.0
24,devon achane,23,MIA,RB,17,16,87,78,592,30,-73,-0.9,665,8.5,-0.4,5.0,15.6,2,2.3,118.0,568,15.32,,,,,,,,,,,,,,,,,,,,,,
25,george kittle,31,SFO,TE,15,15,94,78,1106,50,584,7.5,522,6.7,8.1,4.0,19.5,2,2.1,135.2,513,18.32,,,,,,,,,,,,,,,,,,,,,,
26,jauan jennings,27,SFO,WR,15,10,113,77,975,47,737,9.6,238,3.1,9.9,5.0,15.4,5,4.4,101.5,513,22.03,"1,118",14.5,82.0,112.0,1.5,15.0,8.0,15.0,53.3%,63.0,5.0,33.3%,3.0,8.0,37.5%,14.0,3.0,42.1%,372.0,210.5,14.0,6.0
27,khalil shakir,24,BUF,WR,15,9,100,76,821,35,224,2.9,597,7.9,5.5,6.0,12.7,1,1.0,108.8,495,20.2,548,7.2,77.0,195.0,2.6,8.0,9.0,10.0,90.0%,53.0,2.0,26.3%,2.0,2.0,100.0%,8.0,1.0,12.5%,334.0,182.5,12.2,4.0
28,mike evans,31,TAM,WR,14,14,110,74,1004,53,778,10.5,226,3.1,11.6,2.0,37.0,4,3.6,110.6,563,19.54,"1,274",17.2,78.0,106.0,1.4,15.0,8.0,13.0,61.5%,32.0,7.0,31.0%,6.0,9.0,66.7%,10.0,6.0,34.6%,382.0,240.4,17.2,11.0
29,zay flowers,24,BAL,WR,17,15,116,74,1059,48,596,8.1,463,6.3,10.0,7.0,10.6,6,5.2,104.8,457,25.38,"1,162",15.7,80.0,130.0,1.8,7.0,3.0,7.0,42.9%,31.0,3.0,38.9%,2.0,6.0,33.3%,15.0,2.0,66.7%,417.0,209.5,12.3,4.0
30,tee higgins,25,CIN,WR,12,9,109,73,911,48,683,9.4,228,3.1,9.8,7.0,10.4,3,2.8,119.5,628,17.36,"1,067",14.6,76.0,119.0,1.6,24.0,14.0,23.0,60.9%,95.0,7.0,30.7%,6.0,13.0,46.2%,22.0,5.0,28.9%,428.0,222.1,18.5,10.0
31,josh downs,23,IND,WR,14,8,107,72,803,40,407,5.7,396,5.5,6.9,3.0,24.0,5,4.7,93.3,492,21.75,763,10.6,77.0,103.0,1.4,12.0,7.0,13.0,53.8%,44.0,2.0,33.3%,2.0,6.0,33.3%,14.0,2.0,35.3%,345.0,183.5,13.1,5.0
32,keenan allen,32,CHI,WR,15,15,121,70,744,43,504,7.2,240,3.4,9.0,1.0,70.0,6,5.0,95.2,527,22.96,"1,104",15.8,75.0,52.0,0.7,15.0,6.0,15.0,40.0%,44.0,5.0,27.3%,4.0,8.0,50.0%,22.0,4.0,42.1%,452.0,185.4,12.4,7.0
33,michael pittman,27,IND,WR,16,14,111,69,808,35,549,8.0,259,3.8,11.0,3.0,23.0,1,0.9,78.2,492,22.56,"1,270",18.4,70.0,109.0,1.6,10.0,7.0,12.0,58.3%,43.0,3.0,30.8%,4.0,4.0,100.0%,22.0,3.0,23.5%,453.0,165.8,10.4,3.0
34,nico collins,25,HOU,WR,12,12,99,68,1006,48,641,9.4,365,5.4,10.7,2.0,34.0,3,3.0,104.2,547,18.1,"1,062",15.6,71.0,120.0,1.8,13.0,6.0,12.0,50.0%,19.0,4.0,32.4%,4.0,8.0,50.0%,20.0,4.0,42.1%,328.0,210.6,17.6,7.0
35,alvin kamara,29,NOR,RB,14,14,89,68,543,18,1,0.0,542,8.0,0.9,2.0,34.0,8,9.0,94.0,517,17.21,,,,,,,,,,,,,,,,,,,,,,
36,devonta smith,26,PHI,WR,13,13,89,68,833,42,534,7.9,299,4.4,9.1,0.0,,2,2.2,120.7,418,21.29,813,12.0,70.0,58.0,0.9,11.0,8.0,12.0,66.7%,38.0,3.0,40.0%,4.0,5.0,80.0%,16.0,3.0,33.3%,339.0,199.4,15.3,8.0
37,aj brown,27,PHI,WR,13,13,97,67,1079,51,726,10.8,353,5.3,12.1,9.0,7.4,0,0.0,121.5,418,23.21,"1,177",17.6,67.0,147.0,2.2,9.0,7.0,11.0,63.6%,51.0,4.0,36.7%,4.0,4.0,100.0%,21.0,3.0,26.7%,313.0,216.9,16.7,7.0
38,cooper kupp,31,LAR,WR,12,11,100,67,710,28,441,6.6,269,4.0,7.5,2.0,33.5,2,2.0,107.5,541,18.48,776,11.6,69.0,65.0,1.0,10.0,6.0,10.0,60.0%,41.0,4.0,22.7%,4.0,8.0,50.0%,20.0,3.0,32.0%,343.0,175.0,14.6,6.0
39,demario douglas,24,NWE,WR,17,7,87,66,621,31,262,4.0,359,5.4,5.9,2.0,33.0,7,8.0,97.0,500,17.4,507,7.6,74.0,87.0,1.3,5.0,4.0,6.0,66.7%,14.0,1.0,30.0%,1.0,2.0,50.0%,3.0,1.0,22.2%,407.0,147.7,8.7,3.0
40,zach ertz,34,WAS,TE,17,17,91,66,654,38,467,7.1,187,2.8,7.4,0.0,,4,4.4,109.0,504,18.06,,,,,,,,,,,,,,,,,,,,,,
41,hunter henry,30,NWE,TE,16,16,97,66,674,40,406,6.2,268,4.1,7.0,2.0,33.0,2,2.1,90.3,500,19.4,,,,,,,,,,,,,,,,,,,,,,
42,dk metcalf,27,SEA,WR,15,12,108,66,992,35,729,11.0,263,4.0,13.1,3.0,22.0,4,3.7,99.0,569,18.98,"1,414",21.4,70.0,85.0,1.3,7.0,2.0,8.0,25.0%,11.0,0.0,23.5%,0.0,5.0,0.0%,0.0,0.0,27.8%,527.0,191.2,12.7,5.0
43,pat freiermuth,26,PIT,TE,17,11,78,65,653,32,374,5.8,279,4.3,6.1,4.0,16.3,4,5.1,126.1,460,16.96,,,,,,,,,,,,,,,,,,,,,,
44,mike gesicki,29,CIN,TE,17,3,83,65,665,38,420,6.5,245,3.8,7.4,0.0,,5,6.0,108.1,628,13.22,,,,,,,,,,,,,,,,,,,,,,
45,darnell mooney,27,ATL,WR,16,16,106,64,992,48,717,11.2,275,4.3,12.2,6.0,10.7,6,5.7,99.3,539,19.67,"1,325",20.4,71.0,83.0,1.3,6.0,2.0,6.0,33.3%,16.0,1.0,17.1%,0.0,2.0,0.0%,0.0,0.0,14.3%,497.0,193.2,12.1,5.0
46,david njoku,28,CLE,TE,11,11,97,64,505,23,254,4.0,251,3.9,5.2,4.0,16.0,7,7.2,83.1,634,15.3,,,,,,,,,,,,,,,,,,,,,,
47,calvin ridley,30,TEN,WR,17,14,120,64,1017,40,786,12.3,231,3.6,15.3,4.0,16.0,6,5.0,79.1,507,23.67,"1,840",28.8,70.0,87.0,1.4,7.0,4.0,8.0,50.0%,23.0,1.0,30.8%,1.0,3.0,33.3%,0.0,0.0,23.1%,510.0,199.2,11.7,4.0
48,jordan addison,22,MIN,WR,15,15,99,63,875,39,662,10.5,213,3.4,13.0,3.0,21.0,2,2.0,113.8,517,19.15,"1,284",20.4,65.0,81.0,1.3,17.0,16.0,17.0,94.1%,96.0,6.0,35.4%,8.0,8.0,100.0%,42.0,4.0,34.8%,470.0,212.5,14.2,9.0
49,marvin harrison,22,ARI,WR,17,16,116,62,885,43,737,11.9,148,2.4,13.4,0.0,,5,4.3,87.0,523,22.18,"1,555",25.1,67.0,52.0,0.8,13.0,4.0,11.0,36.4%,36.0,4.0,44.0%,3.0,6.0,50.0%,21.0,3.0,50.0%,495.0,196.5,11.6,8.0
50,ray-ray mccloud,28,ATL,WR,17,13,87,62,686,29,351,5.7,335,5.4,6.8,1.0,62.0,3,3.4,83.8,539,16.14,589,9.5,65.0,125.0,2.0,5.0,3.0,5.0,60.0%,18.0,1.0,14.3%,0.0,1.0,0.0%,0.0,0.0,7.1%,515.0,140.5,8.3,1.0
51,elijah moore,24,CLE,WR,17,13,102,61,538,25,405,6.6,133,2.2,9.3,1.0,61.0,5,4.9,44.5,634,16.09,998,16.4,65.0,36.0,0.6,6.0,4.0,7.0,57.1%,22.0,0.0,24.1%,1.0,2.0,50.0%,3.0,0.0,22.2%,554.0,120.9,7.1,1.0
52,bijan robinson,22,ATL,RB,17,17,72,61,431,20,-100,-1.6,531,8.7,-0.5,5.0,12.2,3,4.2,96.2,539,13.36,,,,,,,,,,,,,,,,,,,,,,
53,sam laporta,23,DET,TE,16,16,83,60,726,39,383,6.4,343,5.7,7.0,3.0,20.0,1,1.2,116.8,522,15.9,,,,,,,,,,,,,,,,,,,,,,
54,jake ferguson,25,DAL,TE,14,14,86,59,494,18,185,3.1,309,5.2,4.1,6.0,9.8,3,3.5,83.2,622,13.83,,,,,,,,,,,,,,,,,,,,,,
55,cade otton,25,TAM,TE,14,14,87,59,600,31,289,4.9,311,5.3,5.5,6.0,9.8,8,9.2,88.3,563,15.45,,,,,,,,,,,,,,,,,,,,,,
56,george pickens,23,PIT,WR,14,12,103,59,900,37,685,11.6,215,3.6,13.3,4.0,14.8,6,5.8,87.8,460,22.39,"1,370",23.2,66.0,98.0,1.7,16.0,7.0,16.0,43.8%,72.0,3.0,50.0%,0.0,7.0,0.0%,0.0,0.0,41.2%,395.0,164.4,11.7,3.0
57,xavier worthy,21,KAN,WR,17,13,98,59,638,36,231,3.9,407,6.9,9.2,0.0,,7,7.1,91.3,572,17.13,904,15.3,66.0,92.0,1.6,17.0,11.0,18.0,61.1%,77.0,4.0,36.7%,4.0,7.0,57.1%,34.0,4.0,31.8%,458.0,187.2,11.0,6.0
58,jaylen waddle,26,MIA,WR,15,15,83,58,744,38,508,8.8,236,4.1,10.0,0.0,,8,9.6,90.6,568,14.61,828,14.3,66.0,47.0,0.8,10.0,6.0,9.0,66.7%,50.0,1.0,25.0%,1.0,2.0,50.0%,7.0,1.0,13.3%,429.0,149.6,9.4,2.0
59,jameson williams,23,DET,WR,15,11,91,58,1001,41,504,8.7,497,8.6,11.2,2.0,29.0,3,3.3,112.9,522,17.43,"1,022",17.6,61.0,40.0,0.7,10.0,6.0,11.0,54.5%,39.0,1.0,21.2%,1.0,3.0,33.3%,3.0,1.0,12.5%,449.0,212.2,14.1,7.0
60,breece hall,23,NYJ,RB,16,16,76,57,483,15,-13,-0.2,496,8.7,0.2,6.0,9.5,9,11.8,104.2,589,12.9,,,,,,,,,,,,,,,,,,,,,,
61,deandre hopkins,32,2TM,WR,16,8,80,56,610,35,501,8.9,109,1.9,10.4,3.0,18.7,2,2.5,102.6,481,16.63,846,15.1,58.0,39.0,0.7,11.0,5.0,11.0,45.5%,29.0,5.0,22.4%,4.0,8.0,50.0%,18.0,4.0,36.4%,328.0,147.0,9.2,5.0
61,deandre hopkins,32,TEN,WR,6,3,21,15,173,10,172,11.5,1,0.1,10.2,2.0,7.5,1,4.8,72.2,507,4.14,846,15.1,58.0,39.0,0.7,11.0,5.0,11.0,45.5%,29.0,5.0,22.4%,4.0,8.0,50.0%,18.0,4.0,36.4%,328.0,147.0,9.2,5.0
61,deandre hopkins,32,KAN,WR,10,5,59,41,437,25,329,8.0,108,2.6,10.4,1.0,41.0,1,1.7,113.5,572,10.31,846,15.1,58.0,39.0,0.7,11.0,5.0,11.0,45.5%,29.0,5.0,22.4%,4.0,8.0,50.0%,18.0,4.0,36.4%,328.0,147.0,9.2,5.0
62,mark andrews,29,BAL,TE,17,13,69,55,673,39,485,8.8,188,3.4,10.5,1.0,55.0,4,5.8,140.9,457,15.1,,,,,,,,,,,,,,,,,,,,,,
63,quentin johnston,23,LAC,WR,15,11,91,55,711,32,405,7.4,306,5.6,10.8,8.0,6.9,7,7.7,109.7,491,18.53,986,17.9,62.0,90.0,1.6,11.0,5.0,9.0,55.6%,46.0,4.0,32.1%,2.0,2.0,100.0%,9.0,2.0,15.4%,348.0,174.7,11.6,8.0
64,jayden reed,24,GNB,WR,17,10,75,55,857,29,477,8.7,380,6.9,9.1,3.0,18.3,9,12.0,137.5,464,16.16,680,12.4,64.0,84.0,1.5,10.0,9.0,11.0,81.8%,68.0,5.0,23.9%,3.0,4.0,75.0%,13.0,2.0,23.5%,353.0,197.0,11.6,6.0
65,chase brown,24,CIN,RB,16,10,65,54,360,23,34,0.6,326,6.0,0.8,2.0,27.0,2,3.1,110.3,628,10.35,,,,,,,,,,,,,,,,,,,,,,
66,rome odunze,22,CHI,WR,17,12,101,54,734,37,481,8.9,253,4.7,13.9,4.0,13.5,6,5.9,82.7,527,19.17,"1,400",25.9,60.0,63.0,1.2,17.0,6.0,17.0,35.3%,36.0,3.0,30.9%,2.0,4.0,50.0%,5.0,2.0,21.1%,511.0,144.9,8.5,3.0
67,dalton schultz,28,HOU,TE,17,13,85,53,532,26,318,6.0,214,4.0,8.1,0.0,,4,4.7,83.1,547,15.54,,,,,,,,,,,,,,,,,,,,,,
68,jahmyr gibbs,22,DET,RB,17,4,63,52,517,25,-76,-1.5,593,11.4,-0.2,4.0,13.0,2,3.2,115.4,522,12.07,,,,,,,,,,,,,,,,,,,,,,
69,chigoziem okonkwo,25,TEN,TE,17,11,70,52,479,19,230,4.4,249,4.8,5.9,5.0,10.4,3,4.3,78.2,507,13.81,,,,,,,,,,,,,,,,,,,,,,
70,javonte williams,24,DEN,RB,17,11,70,52,346,14,-49,-0.9,395,7.6,-0.3,4.0,13.0,7,10.0,84.6,549,12.75,,,,,,,,,,,,,,,,,,,,,,
71,tyler conklin,29,NYJ,TE,16,15,72,51,449,24,187,3.7,262,5.1,4.9,0.0,,1,1.4,105.6,589,12.22,,,,,,,,,,,,,,,,,,,,,,
72,tank dell,25,HOU,WR,14,10,81,51,667,35,503,9.9,164,3.2,12.5,3.0,17.0,6,7.4,85.8,547,14.81,"1,011",19.8,57.0,44.0,0.9,8.0,5.0,9.0,55.6%,45.0,2.0,24.3%,2.0,4.0,50.0%,9.0,2.0,21.1%,391.0,140.0,10.0,3.0
73,aaron jones,30,MIN,RB,17,17,62,51,408,20,-3,-0.1,411,8.1,0.9,1.0,51.0,2,3.2,98.1,517,11.99,,,,,,,,,,,,,,,,,,,,,,
74,deebo samuel,28,SFO,WR,15,15,81,51,670,28,249,4.9,421,8.3,6.6,8.0,6.4,6,7.4,96.2,513,15.79,533,10.3,58.0,210.0,4.0,13.0,10.0,14.0,71.4%,50.0,2.0,31.1%,3.0,5.0,60.0%,12.0,1.0,26.3%,374.0,153.6,10.2,3.0
75,rachaad white,25,TAM,RB,16,15,57,51,393,18,-123,-2.4,516,10.1,-1.9,3.0,17.0,0,0.0,130.5,563,10.12,,,,,,,,,,,,,,,,,,,,,,
76,will dissly,28,LAC,TE,15,8,64,50,481,24,178,3.6,303,6.1,4.6,4.0,12.5,4,6.3,108.4,491,13.03,,,,,,,,,,,,,,,,,,,,,,
77,chris godwin,28,TAM,WR,7,7,62,50,576,33,226,4.5,350,7.0,5.7,4.0,12.5,2,3.2,125.5,563,11.01,355,7.1,52.0,128.0,2.6,6.0,7.0,7.0,100.0%,47.0,3.0,16.7%,5.0,5.0,100.0%,22.0,3.0,19.2%,229.0,137.8,19.7,5.0
78,juwan johnson,28,NOR,TE,17,5,66,50,548,27,336,6.7,212,4.2,8.2,3.0,16.7,3,4.5,108.6,517,12.77,,,,,,,,,,,,,,,,,,,,,,
79,tucker kraft,24,GNB,TE,17,17,70,50,707,30,251,5.0,456,9.1,5.3,9.0,5.6,5,7.1,131.1,464,15.09,,,,,,,,,,,,,,,,,,,,,,
80,xavier legette,23,CAR,WR,16,13,84,49,497,27,385,7.9,112,2.3,12.3,2.0,24.5,7,8.3,86.3,518,16.22,"1,046",21.3,57.0,43.0,0.9,12.0,5.0,10.0,50.0%,21.0,4.0,22.2%,5.0,6.0,83.3%,21.0,4.0,25.0%,383.0,125.1,7.8,4.0
81,tyler lockett,32,SEA,WR,17,14,74,49,600,36,466,9.5,134,2.7,10.7,1.0,49.0,4,5.4,77.5,569,13.01,790,16.1,53.0,34.0,0.7,9.0,2.0,10.0,20.0%,15.0,1.0,29.4%,1.0,6.0,16.7%,9.0,1.0,33.3%,524.0,121.0,7.1,2.0
82,jalen tolbert,25,DAL,WR,17,15,79,49,610,29,444,9.1,166,3.4,11.5,0.0,,3,3.8,104.9,622,12.7,905,18.5,53.0,37.0,0.8,13.0,8.0,13.0,61.5%,58.0,7.0,28.3%,5.0,7.0,71.4%,28.0,5.0,38.9%,501.0,152.0,8.9,7.0
83,noah fant,27,SEA,TE,14,9,64,48,500,25,223,4.6,277,5.8,5.4,2.0,24.0,1,1.6,82.8,569,11.25,,,,,,,,,,,,,,,,,,,,,,
84,adam thielen,34,CAR,WR,10,10,62,48,615,28,463,9.6,152,3.2,11.0,1.0,48.0,2,3.2,107.9,518,11.97,684,14.3,50.0,35.0,0.7,7.0,4.0,6.0,66.7%,40.0,2.0,13.3%,1.0,2.0,50.0%,8.0,1.0,8.3%,272.0,139.5,14.0,5.0
85,james conner,29,ARI,RB,16,16,55,47,414,17,-69,-1.5,483,10.3,-1.6,12.0,3.9,2,3.6,88.9,523,10.52,,,,,,,,,,,,,,,,,,,,,,
86,stefon diggs,31,HOU,WR,8,8,64,47,496,31,311,6.6,185,3.9,8.7,3.0,15.7,3,4.7,104.7,547,11.7,556,11.8,50.0,54.0,1.1,5.0,5.0,5.0,100.0%,34.0,3.0,13.5%,4.0,4.0,100.0%,21.0,3.0,21.1%,249.0,121.9,15.2,3.0
87,evan engram,30,JAX,TE,9,9,64,47,365,17,215,4.6,150,3.2,5.4,0.0,,4,6.3,92.3,522,12.26,,,,,,,,,,,,,,,,,,,,,,
88,bucky irving,22,TAM,RB,17,3,52,47,392,16,-136,-2.9,528,11.2,-2.7,6.0,7.8,1,1.9,98.1,563,9.24,,,,,,,,,,,,,,,,,,,,,,
89,cole kmet,25,CHI,TE,17,16,55,47,474,25,293,6.2,181,3.9,7.1,1.0,47.0,1,1.8,119.2,527,10.44,,,,,,,,,,,,,,,,,,,,,,
90,kyle pitts,24,ATL,TE,17,15,74,47,602,21,330,7.0,272,5.8,8.6,4.0,11.8,4,5.4,84.4,539,13.73,,,,,,,,,,,,,,,,,,,,,,
91,tre tucker,23,LVR,WR,17,14,81,47,539,24,331,7.0,208,4.4,12.7,3.0,15.7,2,2.5,85.4,592,13.68,"1,025",21.8,49.0,57.0,1.2,5.0,5.0,5.0,100.0%,54.0,2.0,17.9%,1.0,1.0,100.0%,8.0,1.0,10.0%,601.0,129.3,7.6,3.0
92,michael wilson,24,ARI,WR,16,13,71,47,548,27,418,8.9,130,2.8,11.4,1.0,47.0,3,4.2,90.6,523,13.58,811,17.3,50.0,49.0,1.0,7.0,6.0,8.0,75.0%,45.0,3.0,32.0%,4.0,5.0,80.0%,24.0,2.0,41.7%,460.0,124.5,7.8,4.0
93,romeo doubs,24,GNB,WR,13,12,72,46,601,33,466,10.1,135,2.9,12.3,4.0,11.5,7,9.7,97.0,464,15.52,886,19.3,53.0,46.0,1.0,9.0,8.0,11.0,72.7%,82.0,3.0,23.9%,2.0,3.0,66.7%,12.0,1.0,17.6%,315.0,132.1,10.2,4.0
94,kenneth walker,24,SEA,RB,11,11,53,46,299,19,-64,-1.4,363,7.9,-1.2,5.0,9.2,2,3.8,88.6,569,9.31,,,,,,,,,,,,,,,,,,,,,,
95,rashod bateman,25,BAL,WR,17,14,72,45,756,35,572,12.7,184,4.1,13.6,0.0,,4,5.6,125.9,457,15.75,979,21.8,49.0,35.0,0.8,8.0,6.0,8.0,75.0%,71.0,5.0,44.4%,1.0,2.0,50.0%,5.0,1.0,22.2%,387.0,174.6,10.3,9.0
96,austin hooper,30,NWE,TE,17,8,59,45,476,25,251,5.6,225,5.0,5.8,3.0,15.0,1,1.7,102.1,500,11.8,,,,,,,,,,,,,,,,,,,,,,
97,olamide zaccheaus,27,WAS,WR,17,6,64,45,506,26,222,4.9,284,6.3,6.3,7.0,6.4,5,7.8,109.2,504,12.7,406,9.0,50.0,87.0,1.9,8.0,7.0,8.0,87.5%,43.0,2.0,22.2%,2.0,3.0,66.7%,11.0,2.0,16.7%,253.0,112.4,6.6,3.0
98,dalton kincaid,25,BUF,TE,13,9,75,44,448,23,174,4.0,274,6.2,7.5,4.0,11.0,6,8.0,84.7,495,15.15,,,,,,,,,,,,,,,,,,,,,,
99,amari cooper,30,2TM,WR,14,10,85,44,547,25,436,9.9,111,2.5,12.3,1.0,44.0,12,14.1,77.9,481,17.67,"1,045",23.8,56.0,35.0,0.8,5.0,4.0,5.0,80.0%,28.0,2.0,13.2%,2.0,2.0,100.0%,6.0,1.0,12.5%,337.0,122.7,9.4,4.0
99,amari cooper,30,CLE,WR,6,6,53,24,250,11,193,8.0,57,2.4,12.1,1.0,24.0,10,18.9,64.2,634,8.36,"1,045",23.8,56.0,35.0,0.8,5.0,4.0,5.0,80.0%,28.0,2.0,13.2%,2.0,2.0,100.0%,6.0,1.0,12.5%,337.0,122.7,9.4,4.0
99,amari cooper,30,BUF,WR,8,4,32,20,297,14,243,12.2,54,2.7,12.6,0.0,,2,6.3,100.7,495,6.46,"1,045",23.8,56.0,35.0,0.8,5.0,4.0,5.0,80.0%,28.0,2.0,13.2%,2.0,2.0,100.0%,6.0,1.0,12.5%,337.0,122.7,9.4,4.0
100,kayshon boutte,22,NWE,WR,15,13,68,43,589,25,439,10.2,150,3.5,14.5,1.0,43.0,4,5.9,93.3,500,13.6,987,23.0,47.0,43.0,1.0,3.0,2.0,4.0,50.0%,12.0,0.0,20.0%,1.0,2.0,50.0%,4.0,0.0,22.2%,410.0,121.9,8.1,3.0
101,chuba hubbard,25,CAR,RB,15,15,54,43,171,10,-74,-1.7,245,5.7,-1.2,7.0,6.1,2,3.7,86.0,518,10.42,,,,,,,,,,,,,,,,,,,,,,
102,tutu atwell,25,LAR,WR,17,5,62,42,562,29,436,10.4,126,3.0,11.2,0.0,,3,4.8,82.9,541,11.46,695,16.5,45.0,20.0,0.5,3.0,1.0,2.0,50.0%,8.0,0.0,4.5%,0.0,1.0,0.0%,0.0,0.0,4.0%,254.0,98.9,5.8,0.0
103,zach charbonnet,23,SEA,RB,17,6,52,42,340,6,-37,-0.9,377,9.0,-0.9,0.0,,0,0.0,92.3,569,9.14,,,,,,,,,,,,,,,,,,,,,,
104,dallas goedert,29,PHI,TE,10,10,52,42,496,20,239,5.7,257,6.1,6.8,2.0,21.0,1,1.9,111.2,418,12.44,,,,,,,,,,,,,,,,,,,,,,
105,justice hill,27,BAL,RB,15,0,51,42,383,17,-55,-1.3,438,10.4,-0.5,5.0,8.4,2,3.9,109.4,457,11.16,,,,,,,,,,,,,,,,,,,,,,
106,isaiah likely,24,BAL,TE,16,9,58,42,477,26,221,5.3,256,6.1,8.0,3.0,14.0,2,3.4,131.2,457,12.69,,,,,,,,,,,,,,,,,,,,,,
107,dandre swift,25,CHI,RB,17,17,52,42,386,12,-19,-0.5,405,9.6,0.0,2.0,21.0,3,5.8,89.6,527,9.87,,,,,,,,,,,,,,,,,,,,,,
108,tj hockenson,27,MIN,TE,10,9,62,41,455,30,310,7.6,145,3.5,8.4,1.0,41.0,2,3.2,74.3,517,11.99,,,,,,,,,,,,,,,,,,,,,,
109,tony pollard,27,TEN,RB,16,16,57,41,238,9,17,0.4,221,5.4,0.1,2.0,20.5,8,14.0,72.1,507,11.24,,,,,,,,,,,,,,,,,,,,,,
110,devaughn vele,27,DEN,WR,13,7,55,41,475,26,348,8.5,127,3.1,8.4,0.0,,3,5.5,118.4,549,10.02,461,11.2,44.0,45.0,1.1,7.0,5.0,6.0,83.3%,42.0,2.0,13.6%,2.0,2.0,100.0%,12.0,2.0,11.8%,268.0,106.5,8.2,3.0
111,ameer abdullah,31,LVR,RB,16,3,47,40,261,16,9,0.2,252,6.3,0.7,2.0,20.0,0,0.0,111.1,592,7.94,,,,,,,,,,,,,,,,,,,,,,
112,jordan akins,32,CLE,TE,17,6,58,40,390,20,213,5.3,177,4.4,6.0,1.0,40.0,1,1.7,91.9,634,9.15,,,,,,,,,,,,,,,,,,,,,,
113,noah gray,25,KAN,TE,17,10,49,40,437,25,227,5.7,210,5.3,6.2,0.0,,2,4.1,120.8,572,8.57,,,,,,,,,,,,,,,,,,,,,,
114,brenton strange,24,JAX,TE,17,10,53,40,411,21,228,5.7,183,4.6,6.4,3.0,13.3,3,5.7,109.9,522,10.15,,,,,,,,,,,,,,,,,,,,,,
115,tyler boyd,30,TEN,WR,16,8,57,39,390,20,201,5.2,189,4.8,7.4,2.0,19.5,3,5.3,65.7,507,11.24,418,10.7,42.0,87.0,2.2,7.0,2.0,7.0,28.6%,13.0,0.0,26.9%,0.0,3.0,0.0%,0.0,0.0,23.1%,404.0,78.3,5.2,0.0
116,rico dowdle,26,DAL,RB,16,15,49,39,249,13,-23,-0.6,272,7.0,-0.1,3.0,13.0,2,4.1,108.2,622,7.88,,,,,,,,,,,,,,,,,,,,,,
117,travis etienne,25,JAX,RB,15,15,52,39,254,13,-42,-1.1,296,7.6,0.2,4.0,9.8,2,3.8,76.9,522,9.96,,,,,,,,,,,,,,,,,,,,,,
118,marvin mims,22,DEN,WR,17,2,52,39,503,14,26,0.7,477,12.2,7.4,0.0,,3,5.8,127.3,549,9.47,400,10.3,42.0,91.0,2.3,5.0,4.0,4.0,100.0%,22.0,1.0,9.1%,2.0,2.0,100.0%,5.0,0.0,11.8%,169.0,129.5,7.6,6.0
119,josh palmer,25,LAC,WR,15,7,65,39,584,28,483,12.4,101,2.6,15.2,0.0,,4,6.2,88.2,491,13.24,993,25.5,43.0,26.0,0.7,7.0,3.0,7.0,42.9%,11.0,0.0,25.0%,1.0,2.0,50.0%,4.0,0.0,15.4%,341.0,107.4,7.2,1.0
120,darius slayton,27,NYG,WR,16,13,71,39,573,30,449,11.5,124,3.2,13.1,4.0,9.8,4,5.6,79.1,554,12.82,933,23.9,43.0,77.0,2.0,5.0,0.0,5.0,0.0%,0.0,0.0,14.3%,0.0,0.0,0%,0.0,0.0,0.0%,494.0,110.0,6.9,2.0
121,dontayvion wicks,23,GNB,WR,17,5,76,39,415,25,276,7.1,139,3.6,10.7,3.0,13.0,9,11.8,78.6,464,16.38,811,20.8,48.0,50.0,1.3,14.0,10.0,13.0,76.9%,84.0,4.0,28.3%,4.0,6.0,66.7%,10.0,2.0,35.3%,254.0,110.5,6.5,5.0
122,tyrone tracy,25,NYG,RB,17,12,53,38,284,13,3,0.1,281,7.4,0.3,6.0,6.3,5,9.4,82.6,554,9.57,,,,,,,,,,,,,,,,,,,,,,
123,jaylen warren,26,PIT,RB,15,0,47,38,310,16,-5,-0.1,315,8.3,-0.1,5.0,7.6,1,2.1,94.1,460,10.22,,,,,,,,,,,,,,,,,,,,,,
124,greg dortch,26,ARI,WR,17,4,50,37,342,16,48,1.3,294,7.9,4.1,5.0,7.4,3,6.0,112.2,523,9.56,207,5.6,40.0,103.0,2.8,7.0,6.0,6.0,100.0%,37.0,1.0,24.0%,1.0,1.0,100.0%,5.0,1.0,8.3%,259.0,90.3,5.3,3.0
125,jerome ford,25,CLE,RB,14,6,43,37,225,10,-69,-1.9,294,7.9,-0.3,7.0,5.3,1,2.3,88.5,634,6.78,,,,,,,,,,,,,,,,,,,,,,
126,allen lazard,29,NYJ,WR,12,10,60,37,530,29,375,10.1,155,4.2,11.0,0.0,,6,10.0,109.7,589,10.19,679,18.4,43.0,70.0,1.9,12.0,5.0,11.0,45.5%,38.0,3.0,18.0%,2.0,3.0,66.7%,13.0,2.0,10.0%,404.0,126.0,10.5,6.0
127,jalen mcmillan,23,TAM,WR,13,12,58,37,461,23,328,8.9,133,3.6,12.2,1.0,37.0,4,6.9,88.4,563,10.3,706,19.1,41.0,25.0,0.7,8.0,7.0,8.0,87.5%,65.0,4.0,19.0%,4.0,5.0,80.0%,23.0,1.0,19.2%,360.0,135.4,10.4,8.0
128,alec pierce,24,IND,WR,16,13,69,37,824,32,706,19.1,118,3.2,21.5,0.0,,3,4.3,106.2,492,14.02,"1,484",40.1,40.0,28.0,0.8,6.0,4.0,6.0,66.7%,30.0,4.0,15.4%,3.0,4.0,75.0%,17.0,3.0,23.5%,422.0,161.4,10.1,7.0
129,calvin austin,25,PIT,WR,17,8,58,36,548,18,396,11.0,152,4.2,12.4,1.0,36.0,3,5.2,116.2,460,12.61,718,19.9,39.0,27.0,0.8,4.0,2.0,5.0,40.0%,12.0,0.0,15.6%,0.0,2.0,0.0%,0.0,0.0,11.8%,354.0,118.8,7.0,4.0
130,najee harris,26,PIT,RB,17,17,48,36,283,13,-46,-1.3,329,9.1,-1.5,7.0,5.1,4,8.3,89.1,460,10.43,,,,,,,,,,,,,,,,,,,,,,
131,andrei iosivas,25,CIN,WR,17,8,61,36,479,26,412,11.4,67,1.9,11.2,0.0,,5,8.2,109.9,628,9.71,682,18.9,41.0,18.0,0.5,10.0,6.0,9.0,66.7%,28.0,6.0,12.0%,6.0,9.0,66.7%,28.0,6.0,20.0%,547.0,119.9,7.1,6.0
132,josh jacobs,26,GNB,RB,17,17,43,36,342,15,-61,-1.7,403,11.2,-1.0,13.0,2.8,0,0.0,97.9,464,9.27,,,,,,,,,,,,,,,,,,,,,,
133,alexander mattison,26,LVR,RB,14,7,48,36,294,13,-20,-0.6,314,8.7,-0.1,6.0,6.0,2,4.2,79.7,592,8.11,,,,,,,,,,,,,,,,,,,,,,
134,joe mixon,28,HOU,RB,14,14,52,36,309,12,-51,-1.4,360,10.0,-0.5,6.0,6.0,4,7.7,90.9,547,9.51,,,,,,,,,,,,,,,,,,,,,,
135,david montgomery,27,DET,RB,14,14,38,36,341,16,-24,-0.7,365,10.1,-0.5,11.0,3.3,0,0.0,104.1,522,7.28,,,,,,,,,,,,,,,,,,,,,,
136,noah brown,28,WAS,WR,11,9,56,35,453,21,370,10.6,83,2.4,11.4,0.0,,4,7.1,86.4,504,11.11,658,18.8,39.0,36.0,1.0,3.0,3.0,4.0,75.0%,14.0,0.0,11.1%,1.0,2.0,50.0%,8.0,0.0,11.1%,239.0,86.3,7.8,1.0
137,austin ekeler,29,WAS,RB,12,6,41,35,366,14,-58,-1.7,424,12.1,-1.4,4.0,8.8,2,4.9,103.9,504,8.13,,,,,,,,,,,,,,,,,,,,,,
138,kyren williams,24,LAR,RB,16,16,40,34,182,6,-13,-0.4,195,5.7,-0.7,2.0,17.0,1,2.5,102.3,541,7.39,,,,,,,,,,,,,,,,,,,,,,
139,saquon barkley,27,PHI,RB,16,16,43,33,278,12,33,1.0,245,7.4,1.9,6.0,5.5,2,4.7,108.5,418,10.29,,,,,,,,,,,,,,,,,,,,,,
140,tim patrick,31,DET,WR,16,9,44,33,394,20,253,7.7,141,4.3,10.0,2.0,16.5,1,2.3,105.7,522,8.43,439,13.3,34.0,55.0,1.7,8.0,6.0,8.0,75.0%,37.0,3.0,15.4%,4.0,5.0,80.0%,16.0,2.0,20.8%,319.0,92.4,5.8,3.0
141,jatavion sanders,21,CAR,TE,16,8,43,33,342,13,152,4.6,190,5.8,6.2,1.0,33.0,2,4.7,106.9,518,8.3,,,,,,,,,,,,,,,,,,,,,,
142,rhamondre stevenson,26,NWE,RB,15,14,41,33,168,8,-69,-2.1,237,7.2,-1.0,3.0,11.0,1,2.4,91.9,500,8.2,,,,,,,,,,,,,,,,,,,,,,
143,diontae johnson,28,3TM,WR,12,8,67,33,375,21,284,8.6,91,2.8,10.9,1.0,33.0,3,4.5,50.3,67,100.0,729,22.1,36.0,25.0,0.8,11.0,3.0,11.0,27.3%,18.0,2.0,24.4%,2.0,8.0,25.0%,15.0,2.0,33.3%,230.0,89.1,8.1,3.0
143,diontae johnson,28,CAR,WR,7,7,58,30,357,20,271,9.0,86,2.9,9.8,1.0,30.0,2,3.4,52.2,518,11.2,729,22.1,36.0,25.0,0.8,11.0,3.0,11.0,27.3%,18.0,2.0,24.4%,2.0,8.0,25.0%,15.0,2.0,33.3%,230.0,89.1,8.1,3.0
143,diontae johnson,28,BAL,WR,4,1,5,1,6,0,5,5.0,1,1.0,24.2,0.0,,1,20.0,39.6,457,1.09,729,22.1,36.0,25.0,0.8,11.0,3.0,11.0,27.3%,18.0,2.0,24.4%,2.0,8.0,25.0%,15.0,2.0,33.3%,230.0,89.1,8.1,3.0
143,diontae johnson,28,HOU,WR,1,0,4,2,12,1,8,4.0,4,2.0,9.5,0.0,,0,0.0,56.2,547,0.73,729,22.1,36.0,25.0,0.8,11.0,3.0,11.0,27.3%,18.0,2.0,24.4%,2.0,8.0,25.0%,15.0,2.0,33.3%,230.0,89.1,8.1,3.0
144,jalen coker,23,CAR,WR,11,4,46,32,478,23,307,9.6,171,5.3,11.3,2.0,16.0,0,0.0,108.8,518,8.88,519,16.2,32.0,35.0,1.1,7.0,2.0,6.0,33.3%,23.0,1.0,13.3%,0.0,3.0,0.0%,0.0,0.0,12.5%,248.0,92.6,8.4,2.0
145,james cook,25,BUF,RB,16,16,38,32,258,14,-2,-0.1,260,8.1,0.9,0.0,,2,5.3,112.5,495,7.68,,,,,,,,,,,,,,,,,,,,,,
146,jk dobbins,26,LAC,RB,13,11,38,32,153,6,-51,-1.6,204,6.4,-1.2,1.0,32.0,2,5.3,83.4,491,7.74,,,,,,,,,,,,,,,,,,,,,,
147,david moore,29,CAR,WR,17,5,57,32,351,18,291,9.1,60,1.9,10.8,1.0,32.0,4,7.0,92.1,518,11.0,615,19.2,36.0,31.0,1.0,11.0,5.0,10.0,50.0%,47.0,2.0,22.2%,1.0,3.0,33.3%,1.0,1.0,12.5%,305.0,85.1,5.0,3.0
148,foster moreau,27,NOR,TE,17,17,43,32,413,21,255,8.0,158,4.9,9.2,2.0,16.0,0,0.0,133.2,517,8.32,,,,,,,,,,,,,,,,,,,,,,
149,chris olave,24,NOR,WR,8,8,44,32,400,22,279,8.7,121,3.8,10.3,1.0,32.0,2,4.5,89.2,517,8.51,455,14.2,34.0,31.0,1.0,5.0,4.0,6.0,66.7%,55.0,1.0,37.5%,0.0,1.0,0.0%,0.0,0.0,14.3%,173.0,76.7,9.6,1.0
150,sterling shepard,31,TAM,WR,14,5,51,32,334,16,235,7.3,99,3.1,9.3,1.0,32.0,4,7.8,88.2,563,9.06,473,14.8,36.0,23.0,0.7,5.0,3.0,6.0,50.0%,29.0,1.0,14.3%,1.0,4.0,25.0%,4.0,1.0,15.4%,319.0,80.3,5.7,1.0
151,parker washington,22,JAX,WR,17,7,51,32,390,19,282,8.8,108,3.4,11.2,2.0,16.0,1,2.0,97.7,522,9.77,572,17.9,33.0,62.0,1.9,6.0,2.0,6.0,33.3%,7.0,1.0,15.0%,1.0,2.0,50.0%,2.0,1.0,10.0%,336.0,97.0,5.7,3.0
152,nick westbrook-ikhine,27,TEN,WR,17,9,60,32,497,25,373,11.7,124,3.9,11.5,2.0,16.0,4,6.7,99.8,507,11.83,689,21.5,36.0,29.0,0.9,9.0,7.0,10.0,70.0%,51.0,6.0,38.5%,5.0,7.0,71.4%,30.0,5.0,53.8%,408.0,135.7,9.7,9.0
153,mack hollins,31,BUF,WR,17,13,50,31,378,25,288,9.3,90,2.9,11.1,0.0,,3,6.0,118.6,495,10.1,555,17.9,34.0,15.0,0.5,7.0,4.0,6.0,66.7%,27.0,4.0,15.8%,3.0,5.0,60.0%,16.0,3.0,31.3%,317.0,98.8,5.8,5.0
154,liljordan humphrey,26,DEN,WR,17,7,45,31,293,12,101,3.3,192,6.2,6.5,3.0,10.3,3,6.7,75.5,549,8.2,293,9.5,34.0,60.0,1.9,5.0,2.0,6.0,33.3%,15.0,0.0,13.6%,1.0,4.0,25.0%,6.0,0.0,23.5%,252.0,64.3,4.6,1.0
155,ricky pearsall,24,SFO,WR,11,4,46,31,400,19,286,9.2,114,3.7,11.4,1.0,31.0,0,0.0,89.0,513,8.97,525,16.9,31.0,27.0,0.9,7.0,5.0,6.0,83.3%,25.0,1.0,13.3%,1.0,2.0,50.0%,3.0,1.0,10.5%,259.0,93.5,8.5,3.0
156,demarcus robinson,30,LAR,WR,17,17,64,31,505,27,434,14.0,71,2.3,14.2,1.0,31.0,1,1.6,85.7,541,11.83,911,29.4,32.0,20.0,0.6,11.0,5.0,10.0,50.0%,17.0,5.0,22.7%,5.0,8.0,62.5%,17.0,5.0,32.0%,496.0,123.5,7.3,7.0
157,curtis samuel,28,BUF,WR,14,2,46,31,253,9,93,3.0,160,5.2,4.6,1.0,31.0,1,2.2,79.3,495,9.29,212,6.8,32.0,33.0,1.1,6.0,3.0,6.0,50.0%,28.0,1.0,15.8%,1.0,2.0,50.0%,1.0,0.0,12.5%,198.0,63.7,4.6,1.0
158,kavontae turpin,28,DAL,WR,17,2,52,31,420,18,160,5.2,260,8.4,8.5,2.0,15.5,2,3.8,82.2,622,8.36,444,14.3,33.0,64.0,2.1,7.0,3.0,7.0,42.9%,31.0,1.0,15.2%,0.0,2.0,0.0%,0.0,0.0,11.1%,193.0,104.2,6.1,2.0
159,aj barner,22,SEA,TE,17,6,38,30,245,18,81,2.7,164,5.5,3.6,1.0,30.0,3,7.9,117.7,569,6.68,,,,,,,,,,,,,,,,,,,,,,
160,dyami brown,25,WAS,WR,16,3,40,30,308,13,90,3.0,218,7.3,7.1,4.0,7.5,2,5.0,105.0,504,7.94,282,9.4,32.0,81.0,2.7,4.0,1.0,4.0,25.0%,11.0,0.0,11.1%,0.0,2.0,0.0%,0.0,0.0,11.1%,222.0,67.4,4.5,1.0
161,colby parkinson,25,LAR,TE,17,9,49,30,294,15,134,4.5,160,5.3,5.3,1.0,30.0,2,4.1,84.9,541,9.06,,,,,,,,,,,,,,,,,,,,,,
162,tyjae spears,23,TEN,RB,12,1,35,30,224,9,-31,-1.0,255,8.5,-1.2,4.0,7.5,1,2.9,102.9,507,6.9,,,,,,,,,,,,,,,,,,,,,,
163,keon coleman,21,BUF,WR,13,12,57,29,556,22,341,11.8,215,7.4,15.2,4.0,7.3,4,7.0,93.9,495,11.52,869,30.0,33.0,129.0,4.4,8.0,4.0,11.0,36.4%,29.0,2.0,28.9%,1.0,5.0,20.0%,2.0,1.0,31.3%,287.0,111.5,8.6,4.0
164,theo johnson,23,NYG,TE,12,11,43,29,331,16,182,6.3,149,5.1,6.7,1.0,29.0,5,11.6,88.4,554,7.76,,,,,,,,,,,,,,,,,,,,,,
165,cedric tillman,24,CLE,WR,11,6,49,29,339,15,235,8.1,104,3.6,11.1,4.0,7.3,3,6.1,83.6,634,7.73,546,18.8,32.0,39.0,1.3,5.0,2.0,5.0,40.0%,17.0,1.0,17.2%,1.0,2.0,50.0%,0.0,0.0,22.2%,260.0,80.4,7.3,3.0
166,christian watson,25,GNB,WR,15,15,53,29,620,21,471,16.2,149,5.1,17.8,0.0,,2,3.8,93.3,464,11.42,943,32.5,31.0,19.0,0.7,8.0,2.0,8.0,25.0%,11.0,1.0,17.4%,1.0,2.0,50.0%,2.0,1.0,11.8%,232.0,105.3,7.0,2.0
167,kendrick bourne,29,NWE,WR,12,9,38,28,305,13,211,7.5,94,3.4,9.3,0.0,,4,10.5,105.7,500,7.6,353,12.6,32.0,41.0,1.5,2.0,1.0,2.0,50.0%,9.0,1.0,10.0%,1.0,2.0,50.0%,9.0,1.0,22.2%,255.0,65.1,5.4,1.0
168,troy franklin,21,DEN,WR,16,6,53,28,263,11,100,3.6,163,5.8,13.0,1.0,28.0,3,5.7,71.5,549,9.65,690,24.6,31.0,33.0,1.2,5.0,4.0,7.0,57.1%,23.0,2.0,15.9%,2.0,2.0,100.0%,9.0,2.0,11.8%,236.0,67.1,4.2,2.0
169,jalen nailor,25,MIN,WR,17,7,42,28,414,22,308,11.0,106,3.8,11.5,0.0,,4,9.5,138.3,517,8.12,483,17.3,32.0,32.0,1.1,7.0,4.0,7.0,57.1%,26.0,4.0,14.6%,4.0,5.0,80.0%,26.0,4.0,21.7%,357.0,103.0,6.1,6.0
170,samaje perine,29,KAN,RB,17,0,35,28,322,15,9,0.3,313,11.2,0.3,3.0,9.3,1,2.9,114.5,572,6.12,,,,,,,,,,,,,,,,,,,,,,
171,josh whyle,25,TEN,TE,17,4,37,28,248,14,105,3.8,143,5.1,5.6,1.0,28.0,1,2.7,102.1,507,7.3,,,,,,,,,,,,,,,,,,,,,,
172,christian kirk,28,JAX,WR,8,7,47,27,379,18,266,9.9,113,4.2,13.7,1.0,27.0,1,2.1,72.9,522,9.0,644,23.9,28.0,37.0,1.4,5.0,2.0,5.0,40.0%,18.0,1.0,12.5%,1.0,3.0,33.3%,8.0,1.0,15.0%,203.0,70.9,8.9,1.0
173,luke schoonmaker,26,DAL,TE,17,6,36,27,241,11,144,5.3,97,3.6,5.5,0.0,,0,0.0,101.7,622,5.79,,,,,,,,,,,,,,,,,,,,,,
174,brandin cooks,31,DAL,WR,10,9,54,26,259,19,204,7.8,55,2.1,11.7,0.0,,1,1.9,65.3,622,8.68,634,24.4,27.0,11.0,0.4,8.0,2.0,4.0,50.0%,5.0,2.0,8.7%,2.0,3.0,66.7%,5.0,2.0,16.7%,267.0,69.6,7.0,3.0
175,tyler johnson,26,LAR,WR,15,2,41,26,291,10,108,4.2,183,7.0,5.6,0.0,,1,2.4,72.3,541,7.58,229,8.8,27.0,139.0,5.3,10.0,2.0,8.0,25.0%,19.0,0.0,18.2%,1.0,4.0,25.0%,6.0,0.0,16.0%,196.0,61.1,5.6,1.0
176,malik washington,23,MIA,WR,14,3,36,26,223,13,100,3.8,123,4.7,5.4,1.0,26.0,2,5.6,88.1,568,6.34,210,8.1,28.0,33.0,1.3,2.0,2.0,2.0,100.0%,4.0,0.0,5.6%,1.0,1.0,100.0%,4.0,0.0,6.7%,214.0,54.8,3.9,0.0
177,brandon aiyuk,26,SFO,WR,7,7,47,25,374,19,267,10.7,107,4.3,11.9,2.0,12.5,4,8.5,61.8,513,9.16,572,22.0,30.0,57.0,2.2,6.0,3.0,6.0,50.0%,34.0,0.0,13.3%,1.0,2.0,50.0%,9.0,0.0,10.5%,187.0,62.4,8.9,0.0
178,grant calcaterra,26,PHI,TE,17,13,30,24,298,15,172,7.2,126,5.3,7.3,0.0,,0,0.0,119.2,418,7.18,,,,,,,,,,,,,,,,,,,,,,
179,van jefferson,28,PIT,WR,17,12,40,24,276,12,198,8.3,78,3.3,11.6,0.0,,0,0.0,97.5,460,8.7,465,19.4,24.0,22.0,0.9,8.0,5.0,8.0,62.5%,27.0,2.0,25.0%,4.0,7.0,57.1%,15.0,2.0,41.2%,342.0,63.6,4.2,2.0
180,jaleel mclaughlin,24,DEN,RB,16,5,27,24,76,3,-91,-3.8,167,7.0,-3.8,1.0,24.0,0,0.0,103.9,549,4.92,,,,,,,,,,,,,,,,,,,,,,
181,john metchie,24,HOU,WR,13,3,37,24,254,11,185,7.7,69,2.9,9.0,0.0,,0,0.0,82.5,547,6.76,333,13.9,24.0,11.0,0.5,7.0,5.0,8.0,62.5%,29.0,1.0,21.6%,0.0,3.0,0.0%,0.0,0.0,15.8%,224.0,55.4,4.3,1.0
182,rashee rice,24,KAN,WR,4,4,29,24,288,15,102,4.3,186,7.8,5.2,4.0,6.0,1,3.4,116.7,572,5.07,156,6.5,25.0,63.0,2.6,2.0,2.0,2.0,100.0%,10.0,1.0,4.1%,1.0,1.0,100.0%,-3.0,0.0,4.5%,,64.9,16.2,2.0
183,miles sanders,27,CAR,RB,11,2,30,24,148,5,-2,-0.1,150,6.3,1.4,1.0,24.0,0,0.0,84.4,518,5.79,,,,,,,,,,,,,,,,,,,,,,
184,antonio gibson,26,NWE,RB,17,3,29,23,206,11,-7,-0.3,213,9.3,1.8,3.0,7.7,1,3.4,67.5,500,5.8,,,,,,,,,,,,,,,,,,,,,,
185,taysom hill,34,NOR,TE,8,8,31,23,187,8,50,2.2,137,6.0,3.5,2.0,11.5,2,6.5,89.0,517,6.0,,,,,,,,,,,,,,,,,,,,,,
186,kareem hunt,29,KAN,RB,13,8,32,23,176,10,-40,-1.7,216,9.4,-1.9,4.0,5.8,0,0.0,84.9,572,5.59,,,,,,,,,,,,,,,,,,,,,,
187,adonai mitchell,22,IND,WR,17,7,55,23,312,16,211,9.2,101,4.4,14.1,0.0,,4,7.3,60.6,492,11.18,773,33.6,27.0,39.0,1.7,5.0,0.0,7.0,0.0%,0.0,0.0,17.9%,0.0,2.0,0.0%,0.0,0.0,11.8%,193.0,53.8,3.2,0.0
188,zack moss,27,CIN,RB,8,6,27,23,187,11,-7,-0.3,194,8.4,0.1,3.0,7.7,1,3.7,107.9,628,4.3,,,,,,,,,,,,,,,,,,,,,,
189,tommy tremble,24,CAR,TE,12,11,32,23,234,12,109,4.7,125,5.4,5.7,1.0,23.0,1,3.1,100.3,518,6.18,,,,,,,,,,,,,,,,,,,,,,
190,dawson knox,28,BUF,TE,16,13,33,22,311,12,217,9.9,94,4.3,8.8,0.0,,1,3.0,94.4,495,6.67,,,,,,,,,,,,,,,,,,,,,,
191,josh oliver,27,MIN,TE,15,12,28,22,258,14,129,5.9,129,5.9,7.8,0.0,,2,7.1,140.8,517,5.42,,,,,,,,,,,,,,,,,,,,,,
192,justin watson,28,KAN,WR,17,7,32,22,289,13,221,10.0,68,3.1,15.1,0.0,,2,6.3,117.8,572,5.59,482,21.9,24.0,7.0,0.3,3.0,4.0,4.0,100.0%,29.0,2.0,8.2%,1.0,1.0,100.0%,6.0,1.0,4.5%,333.0,62.9,3.9,2.0
193,jordan whittington,24,LAR,WR,15,3,28,22,293,14,90,4.1,203,9.2,3.8,1.0,22.0,0,0.0,110.3,541,5.18,107,4.9,22.0,27.0,1.2,2.0,0.0,1.0,0.0%,0.0,0.0,2.3%,0.0,1.0,0.0%,0.0,0.0,4.0%,119.0,52.5,3.5,0.0
194,michael mayer,23,LVR,TE,11,8,32,21,156,8,95,4.5,61,2.9,6.2,2.0,10.5,2,6.3,77.1,592,5.41,,,,,,,,,,,,,,,,,,,,,,
195,devin singletary,27,NYG,RB,15,5,24,21,119,4,-59,-2.8,178,8.5,-2.8,1.0,21.0,1,4.2,52.6,554,4.33,,,,,,,,,,,,,,,,,,,,,,
196,mike williams,30,2TM,WR,18,5,34,21,298,14,263,12.5,35,1.7,15.2,0.0,,2,5.9,75.4,481,7.07,518,24.7,23.0,15.0,0.7,2.0,0.0,2.0,0.0%,0.0,0.0,6.3%,0.0,1.0,0.0%,0.0,0.0,5.9%,322.0,56.8,4.1,1.0
196,mike williams,30,NYJ,WR,9,3,21,12,166,9,142,11.8,24,2.0,14.5,0.0,,2,9.5,43.1,589,3.57,518,24.7,23.0,15.0,0.7,2.0,0.0,2.0,0.0%,0.0,0.0,6.3%,0.0,1.0,0.0%,0.0,0.0,5.9%,322.0,56.8,4.1,1.0
196,mike williams,30,PIT,WR,9,2,13,9,132,5,121,13.4,11,1.2,16.5,0.0,,0,0.0,127.7,460,2.83,518,24.7,23.0,15.0,0.7,2.0,0.0,2.0,0.0%,0.0,0.0,6.3%,0.0,1.0,0.0%,0.0,0.0,5.9%,322.0,56.8,4.1,1.0
197,erick all,24,CIN,TE,9,6,22,20,158,8,71,3.6,87,4.4,3.4,1.0,20.0,1,4.5,96.6,628,3.5,,,,,,,,,,,,,,,,,,,,,,
198,gabriel davis,25,JAX,WR,10,9,42,20,239,13,200,10.0,39,2.0,13.2,0.0,,0,0.0,61.5,522,8.05,562,28.1,20.0,15.0,0.8,9.0,5.0,11.0,45.5%,66.0,2.0,27.5%,1.0,5.0,20.0%,5.0,1.0,25.0%,222.0,53.9,5.4,2.0
199,elijah higgins,24,ARI,TE,17,6,24,20,172,10,82,4.1,90,4.5,4.5,3.0,6.7,1,4.2,124.3,523,4.59,,,,,,,,,,,,,,,,,,,,,,
200,brian robinson,25,WAS,RB,14,13,25,20,159,4,-20,-1.0,179,9.0,-0.9,1.0,20.0,0,0.0,76.5,504,4.96,,,,,,,,,,,,,,,,,,,,,,
201,drew sample,28,CIN,TE,17,15,22,20,109,8,28,1.4,81,4.1,1.5,1.0,20.0,0,0.0,102.5,628,3.5,,,,,,,,,,,,,,,,,,,,,,
202,rashid shaheed,26,NOR,WR,6,5,41,20,349,12,243,12.2,106,5.3,17.6,0.0,,0,0.0,63.0,517,7.93,722,34.4,21.0,7.0,0.3,2.0,2.0,4.0,50.0%,5.0,0.0,25.0%,0.0,2.0,0.0%,0.0,0.0,28.6%,155.0,79.8,13.3,3.0
203,cedrick wilson,29,NOR,WR,15,4,27,20,211,8,122,6.1,89,4.5,7.3,1.0,20.0,3,11.1,93.3,517,5.22,197,9.9,23.0,28.0,1.4,1.0,1.0,1.0,100.0%,12.0,1.0,6.3%,,,,,,,184.0,49.9,3.3,1.0
204,robert woods,32,HOU,WR,15,4,30,20,203,12,130,6.5,73,3.7,9.6,0.0,,1,3.3,85.8,547,5.48,287,14.4,21.0,8.0,0.4,3.0,1.0,2.0,50.0%,4.0,0.0,5.4%,,,,,,,173.0,38.3,2.7,0.0
205,braelon allen,20,NYJ,RB,17,2,27,19,148,8,-15,-0.8,163,8.6,-0.2,2.0,9.5,4,14.8,95.9,589,4.58,,,,,,,,,,,,,,,,,,,,,,
206,jahan dotson,24,PHI,WR,17,6,33,19,216,12,144,7.6,72,3.8,9.9,0.0,,0,0.0,77.3,418,7.89,327,17.2,19.0,14.0,0.7,1.0,0.0,1.0,0.0%,0.0,0.0,3.3%,,,,,,,353.0,41.9,2.5,0.0
207,derrick henry,30,BAL,RB,17,17,22,19,193,11,-23,-1.2,216,11.4,-1.1,8.0,2.4,1,4.5,133.5,457,4.81,,,,,,,,,,,,,,,,,,,,,,
208,tanner hudson,30,CIN,TE,11,0,23,19,154,9,57,3.0,97,5.1,4.3,0.0,,1,4.3,109.1,628,3.66,,,,,,,,,,,,,,,,,,,,,,
209,kyle juszczyk,33,SFO,FB,17,15,31,19,200,8,107,5.6,93,4.9,6.0,0.0,,1,3.2,88.1,513,6.04,,,,,,,,,,,,,,,,,,,,,,
210,lucas krull,26,DEN,TE,13,2,23,19,152,7,85,4.5,67,3.5,5.1,2.0,9.5,0,0.0,94.2,549,4.19,,,,,,,,,,,,,,,,,,,,,,
211,raheem mostert,32,MIA,RB,13,1,23,19,161,10,15,0.8,146,7.7,0.6,2.0,9.5,0,0.0,95.8,568,4.05,,,,,,,,,,,,,,,,,,,,,,
212,johnny mundt,30,MIN,TE,17,3,27,19,142,8,59,3.1,83,4.4,4.1,2.0,9.5,2,7.4,107.3,517,5.22,,,,,,,,,,,,,,,,,,,,,,
213,dare ogunbowale,30,HOU,RB,17,1,28,19,198,8,30,1.6,168,8.8,1.7,0.0,,2,7.1,100.0,547,5.12,,,,,,,,,,,,,,,,,,,,,,
214,darnell washington,23,PIT,TE,17,9,25,19,200,9,74,3.9,126,6.6,4.3,2.0,9.5,0,0.0,95.4,460,5.43,,,,,,,,,,,,,,,,,,,,,,
215,marquez valdes-scantling,30,2TM,WR,14,8,44,19,411,14,268,14.1,143,7.5,17.4,1.0,19.0,2,4.5,97.8,481,9.15,765,40.3,21.0,26.0,1.4,2.0,1.0,2.0,50.0%,2.0,1.0,12.5%,1.0,2.0,50.0%,2.0,1.0,28.6%,263.0,84.5,6.5,4.0
215,marquez valdes-scantling,30,BUF,WR,6,0,9,2,26,1,20,10.0,6,3.0,15.7,0.0,,0,0.0,39.6,495,1.82,765,40.3,21.0,26.0,1.4,2.0,1.0,2.0,50.0%,2.0,1.0,12.5%,1.0,2.0,50.0%,2.0,1.0,28.6%,263.0,84.5,6.5,4.0
215,marquez valdes-scantling,30,NOR,WR,8,8,35,17,385,13,248,14.6,137,8.1,17.8,1.0,17.0,2,5.7,114.6,517,6.77,765,40.3,21.0,26.0,1.4,2.0,1.0,2.0,50.0%,2.0,1.0,12.5%,1.0,2.0,50.0%,2.0,1.0,28.6%,263.0,84.5,6.5,4.0
216,ty johnson,27,BUF,RB,17,1,25,18,284,14,114,6.3,170,9.4,8.2,1.0,18.0,0,0.0,149.0,495,5.05,,,,,,,,,,,,,,,,,,,,,,
217,luke mccaffrey,23,WAS,WR,17,4,24,18,168,8,71,3.9,97,5.4,7.1,1.0,18.0,1,4.2,59.0,504,4.76,170,9.4,19.0,24.0,1.3,3.0,2.0,3.0,66.7%,15.0,0.0,8.3%,1.0,2.0,50.0%,5.0,0.0,11.1%,205.0,34.8,2.0,0.0
218,jeremy ruckert,24,NYJ,TE,17,9,28,18,105,6,21,1.2,84,4.7,3.4,0.0,,2,7.1,71.3,589,4.75,,,,,,,,,,,,,,,,,,,,,,
219,juju smith-schuster,28,KAN,WR,14,8,26,18,231,11,76,4.2,155,8.6,5.6,4.0,4.5,2,7.7,106.4,572,4.55,145,8.1,20.0,26.0,1.4,6.0,4.0,6.0,66.7%,34.0,2.0,12.2%,1.0,2.0,50.0%,7.0,1.0,9.1%,209.0,53.1,3.8,2.0
220,jonathan taylor,25,IND,RB,14,13,31,18,136,7,-14,-0.8,150,8.3,-0.3,2.0,9.0,3,9.7,66.1,492,6.3,,,,,,,,,,,,,,,,,,,,,,
221,ray davis,25,BUF,RB,17,0,19,17,189,8,25,1.5,164,9.6,0.8,0.0,,0,0.0,147.7,495,3.84,,,,,,,,,,,,,,,,,,,,,,
222,kalif raymond,30,DET,WR,12,2,22,17,215,10,78,4.6,137,8.1,8.0,0.0,,0,0.0,137.5,522,4.21,176,10.4,17.0,10.0,0.6,1.0,2.0,2.0,100.0%,8.0,1.0,3.8%,1.0,1.0,100.0%,7.0,1.0,4.2%,122.0,56.5,4.7,2.0
223,nick vannett,31,TEN,TE,17,10,20,17,135,7,25,1.5,110,6.5,1.1,0.0,,0,0.0,113.5,507,3.94,,,,,,,,,,,,,,,,,,,,,,
224,jonathan mingo,23,2TM,WR,17,6,42,17,167,6,100,5.9,67,3.9,10.5,1.0,17.0,2,4.8,42.5,481,8.73,439,25.8,19.0,14.0,0.8,1.0,0.0,1.0,0.0%,0.0,0.0,2.2%,0.0,1.0,0.0%,0.0,0.0,4.2%,245.0,32.2,2.0,0.0
224,jonathan mingo,23,CAR,WR,9,5,26,12,121,4,57,4.8,64,5.3,8.7,1.0,12.0,2,7.7,43.9,518,5.02,439,25.8,19.0,14.0,0.8,1.0,0.0,1.0,0.0%,0.0,0.0,2.2%,0.0,1.0,0.0%,0.0,0.0,4.2%,245.0,32.2,2.0,0.0
224,jonathan mingo,23,DAL,WR,8,1,16,5,46,2,43,8.6,3,0.6,13.3,0.0,,0,0.0,40.6,622,2.57,439,25.8,19.0,14.0,0.8,1.0,0.0,1.0,0.0%,0.0,0.0,2.2%,0.0,1.0,0.0%,0.0,0.0,4.2%,245.0,32.2,2.0,0.0
225,emari demercado,25,ARI,RB,13,0,20,16,104,3,9,0.6,95,5.9,1.3,1.0,16.0,0,0.0,88.3,523,3.82,,,,,,,,,,,,,,,,,,,,,,
226,kenneth gainwell,25,PHI,RB,17,1,22,16,116,5,8,0.5,108,6.8,1.0,4.0,4.0,0,0.0,84.7,418,5.26,,,,,,,,,,,,,,,,,,,,,,
227,roschon johnson,23,CHI,RB,14,0,20,16,104,6,8,0.5,96,6.0,0.6,4.0,4.0,0,0.0,88.3,527,3.8,,,,,,,,,,,,,,,,,,,,,,
228,trey sermon,25,IND,RB,17,3,19,16,99,3,0,0.0,99,6.2,0.3,1.0,16.0,1,5.3,88.4,492,3.86,,,,,,,,,,,,,,,,,,,,,,
229,stone smartt,26,LAC,TE,15,2,19,16,208,11,142,8.9,66,4.1,10.1,0.0,,2,10.5,112.3,491,3.87,,,,,,,,,,,,,,,,,,,,,,
230,dj turner,27,LVR,WR,12,6,29,16,158,9,75,4.7,83,5.2,8.8,2.0,8.0,1,3.4,53.5,592,4.9,255,15.9,17.0,23.0,1.4,2.0,1.0,4.0,25.0%,11.0,1.0,14.3%,,,,,,,223.0,47.1,3.6,1.0
231,isaac guerendo,24,SFO,RB,16,3,16,15,152,7,45,3.0,107,7.1,3.1,1.0,15.0,0,0.0,106.2,513,3.12,,,,,,,,,,,,,,,,,,,,,,
232,christian mccaffrey,28,SFO,RB,4,4,19,15,146,6,48,3.2,98,6.5,3.2,1.0,15.0,0,0.0,76.8,513,3.7,,,,,,,,,,,,,,,,,,,,,,
233,cade stover,24,HOU,TE,15,9,22,15,133,5,39,2.6,94,6.3,5.4,2.0,7.5,1,4.5,99.2,547,4.02,,,,,,,,,,,,,,,,,,,,,,
234,nate adkins,25,DEN,TE,17,10,15,14,115,6,39,2.8,76,5.4,4.1,1.0,14.0,0,0.0,138.2,549,2.73,,,,,,,,,,,,,,,,,,,,,,
235,nelson agholor,31,BAL,WR,14,7,29,14,231,10,146,10.4,85,6.1,13.4,1.0,14.0,4,13.8,98.5,457,6.35,389,27.8,18.0,61.0,4.4,2.0,2.0,2.0,100.0%,17.0,2.0,11.1%,1.0,1.0,100.0%,6.0,1.0,11.1%,189.0,49.1,3.8,2.0
236,daniel bellinger,24,NYG,TE,17,8,17,14,125,8,72,5.1,53,3.8,5.1,0.0,,0,0.0,97.3,554,3.07,,,,,,,,,,,,,,,,,,,,,,
237,kylen granson,26,IND,TE,17,6,31,14,182,8,73,5.2,109,7.8,11.3,0.0,,1,3.2,37.3,492,6.3,,,,,,,,,,,,,,,,,,,226.0,,,
238,pierre strong,26,CLE,RB,14,0,22,14,104,3,-19,-1.4,123,8.8,0.3,2.0,7.0,2,9.1,74.8,634,3.47,,,,,,,,,,,,,,,,,,,,,,
239,mason tipton,24,NOR,WR,11,1,26,14,99,2,72,5.1,27,1.9,12.4,1.0,14.0,1,3.8,62.8,517,5.03,323,23.1,15.0,7.0,0.5,1.0,1.0,1.0,100.0%,6.0,0.0,6.3%,,,,,,,219.0,23.9,2.2,0.0
240,cam akers,25,2TM,RB,17,2,18,14,68,4,-15,-1.1,83,5.9,-1.5,0.0,,0,0.0,122.0,481,3.74,,,,,,,,,,,,,,,,,,,,,,
240,cam akers,25,HOU,RB,5,2,7,4,16,1,5,1.3,11,2.8,-0.6,0.0,,0,0.0,101.8,547,1.28,,,,,,,,,,,,,,,,,,,,,,
240,cam akers,25,MIN,RB,12,0,11,10,52,3,-20,-2.0,72,7.2,-2.1,0.0,,0,0.0,125.9,517,2.13,,,,,,,,,,,,,,,,,,,,,,
241,tyler allgeier,24,ATL,RB,17,0,13,13,88,2,-5,-0.4,93,7.2,-0.4,2.0,6.5,0,0.0,94.9,539,2.41,,,,,,,,,,,,,,,,,,,,,,
242,jake bobo,26,SEA,WR,17,3,17,13,107,8,80,6.2,27,2.1,8.1,0.0,,1,5.9,111.6,569,2.99,138,10.6,14.0,4.0,0.3,2.0,1.0,1.0,100.0%,10.0,0.0,2.9%,0.0,0.0,0%,0.0,0.0,0.0%,141.0,29.7,1.7,1.0
243,derius davis,24,LAC,WR,15,2,17,13,112,5,-7,-0.5,119,9.2,3.8,1.0,13.0,0,0.0,132.5,491,3.46,65,5.0,13.0,19.0,1.5,2.0,2.0,2.0,100.0%,27.0,1.0,7.1%,,,,,,,,40.1,2.7,2.0
244,adam trautman,27,DEN,TE,17,14,22,13,188,8,90,6.9,98,7.5,5.5,0.0,,1,4.5,117.2,549,4.01,,,,,,,,,,,,,,,,,,,,,,
245,brock wright,26,DET,TE,17,8,16,13,100,7,25,1.9,75,5.8,5.1,1.0,13.0,0,0.0,106.2,522,3.07,,,,,,,,,,,,,,,,,,,,,,
246,josh reynolds,29,2TM,WR,9,2,24,13,194,8,159,12.2,35,2.7,11.0,0.0,,0,0.0,94.8,481,4.99,265,20.4,13.0,19.0,1.5,3.0,2.0,2.0,100.0%,14.0,1.0,5.0%,1.0,1.0,100.0%,9.0,1.0,5.0%,192.0,38.4,4.8,1.0
246,josh reynolds,29,DEN,WR,5,1,19,12,183,8,148,12.3,35,2.9,11.4,0.0,,0,0.0,112.4,549,3.46,265,20.4,13.0,19.0,1.5,3.0,2.0,2.0,100.0%,14.0,1.0,5.0%,1.0,1.0,100.0%,9.0,1.0,5.0%,192.0,38.4,4.8,1.0
246,josh reynolds,29,JAX,WR,4,1,5,1,11,0,11,11.0,0,0.0,0.0,39.6,,ReynJo00,,,522,0.96,265,20.4,13.0,19.0,1.5,3.0,2.0,2.0,100.0%,14.0,1.0,5.0%,1.0,1.0,100.0%,9.0,1.0,5.0%,192.0,38.4,4.8,1.0
247,mo alie-cox,31,IND,TE,17,13,22,12,147,7,98,8.2,49,4.1,9.6,0.0,,1,4.5,71.6,492,4.47,,,,,,,,,,,,,,,,,,,,,,
248,jalen brooks,24,DAL,WR,14,1,30,12,177,8,140,11.7,37,3.1,13.5,1.0,12.0,1,3.3,43.3,622,4.82,404,33.7,13.0,15.0,1.3,4.0,1.0,4.0,25.0%,17.0,1.0,8.7%,0.0,3.0,0.0%,0.0,0.0,16.7%,205.0,35.7,2.6,1.0
249,ezekiel elliott,29,DAL,RB,15,2,15,12,69,3,-28,-2.3,97,8.1,-1.8,1.0,12.0,0,0.0,85.8,622,2.41,,,,,,,,,,,,,,,,,,,,,,
250,luke farrell,27,JAX,TE,17,8,17,12,67,4,37,3.1,30,2.5,4.8,1.0,12.0,1,5.9,52.8,522,3.26,,,,,,,,,,,,,,,,,,,,,,
251,mecole hardman,26,KAN,WR,12,0,14,12,90,6,-9,-0.8,99,8.3,-1.0,0.0,,0,0.0,93.5,572,2.45,-14,-1.2,12.0,13.0,1.1,5.0,4.0,5.0,80.0%,11.0,0.0,10.2%,1.0,2.0,50.0%,-2.0,0.0,9.1%,,33.2,2.8,0.0
252,julian hill,24,MIA,TE,16,11,19,12,100,5,42,3.5,58,4.8,6.3,3.0,4.0,2,10.5,76.6,568,3.35,,,,,,,,,,,,,,,,,,,,,,
253,xavier hutchinson,24,HOU,WR,16,3,26,12,117,6,80,6.7,37,3.1,9.7,0.0,,2,7.7,43.3,547,4.75,251,20.9,14.0,16.0,1.3,2.0,0.0,1.0,0.0%,0.0,0.0,2.7%,,,,,,,243.0,23.7,1.5,0.0
254,dernest johnson,28,JAX,RB,14,1,19,12,96,3,-5,-0.4,101,8.4,0.4,0.0,,0,0.0,53.8,522,3.64,,,,,,,,,,,,,,,,,,,,,,
255,hunter luepke,24,DAL,RB,16,4,16,12,111,5,27,2.3,84,7.0,2.4,0.0,,0,0.0,93.5,622,2.57,,,,,,,,,,,,,,,,,,,,,,
256,ryan miller,24,TAM,WR,11,3,20,12,128,7,73,6.1,55,4.6,8.8,0.0,,2,10.0,91.2,563,3.55,175,14.6,14.0,7.0,0.6,3.0,2.0,3.0,66.7%,14.0,2.0,7.1%,1.0,1.0,100.0%,1.0,1.0,3.8%,130.0,36.8,3.3,2.0
257,jordan mims,25,NOR,RB,11,0,18,12,71,4,-9,-0.8,80,6.7,0.2,1.0,12.0,2,11.1,74.1,517,3.48,,,,,,,,,,,,,,,,,,,,,,
258,isiah pacheco,25,KAN,RB,7,6,16,12,79,4,-40,-3.3,119,9.9,-1.4,1.0,12.0,1,6.3,85.2,572,2.8,,,,,,,,,,,,,,,,,,,,,,
259,trey palmer,23,TAM,WR,15,3,22,12,172,7,130,10.8,42,3.5,14.5,0.0,,1,4.5,95.3,563,3.91,318,26.5,13.0,8.0,0.7,1.0,2.0,2.0,100.0%,34.0,1.0,4.8%,,,,,,,162.0,35.2,2.3,1.0
260,cordarrelle patterson,33,PIT,RB,13,1,14,12,80,5,24,2.0,56,4.7,3.0,1.0,12.0,0,0.0,84.5,460,3.04,,,,,,,,,,,,,,,,,,,,,,
261,dante pettis,29,NOR,WR,8,0,28,12,120,8,84,7.0,36,3.0,10.1,2.0,6.0,1,3.6,67.6,517,5.42,282,23.5,13.0,12.0,1.0,3.0,0.0,1.0,0.0%,0.0,0.0,6.3%,0.0,1.0,0.0%,0.0,0.0,14.3%,,32.0,4.0,1.0
262,jalynn polk,22,NWE,WR,15,7,33,12,87,4,74,6.2,13,1.1,11.5,0.0,,4,12.1,52.5,500,6.6,378,31.5,16.0,4.0,0.3,4.0,2.0,4.0,50.0%,7.0,2.0,20.0%,2.0,2.0,100.0%,7.0,2.0,22.2%,227.0,32.7,2.2,2.0
263,kevin austin,24,NOR,WR,8,2,22,11,151,10,114,10.4,37,3.4,11.6,0.0,,2,9.1,53.4,517,4.26,256,23.3,13.0,12.0,1.1,0.0,,,,,,,,,,,,,181.0,27.0,3.4,0.0
264,chris brooks,24,GNB,RB,15,0,13,11,69,2,-26,-2.4,95,8.6,-1.7,1.0,11.0,1,7.7,88.8,464,2.8,,,,,,,,,,,,,,,,,,,,,,
265,michael carter,25,ARI,RB,3,1,11,11,57,2,-16,-1.5,73,6.6,-1.5,2.0,5.5,0,0.0,88.3,523,2.1,,,,,,,,,,,,,,,,,,,,,,
266,payne durham,24,TAM,TE,16,6,14,11,115,5,91,8.3,24,2.2,8.9,0.0,,0,0.0,140.5,563,2.49,,,,,,,,,,,,,,,,,,,,,,
267,devin duvernay,27,JAX,WR,13,1,16,11,79,7,16,1.5,63,5.7,11.4,0.0,,1,6.3,53.9,522,3.07,183,16.6,12.0,13.0,1.2,2.0,2.0,2.0,100.0%,7.0,0.0,5.0%,,,,,,,115.0,19.2,1.5,0.0
268,tyler goodson,24,IND,RB,16,0,15,11,61,3,-6,-0.5,67,6.1,1.3,2.0,5.5,2,13.3,102.4,492,3.05,,,,,,,,,,,,,,,,,,,,,,
269,alec ingold,28,MIA,FB,15,10,12,11,96,3,20,1.8,76,6.9,2.1,0.0,,0,0.0,100.0,568,2.11,,,,,,,,,,,,,,,,,,,,,,
270,jordan mason,25,SFO,RB,12,6,14,11,91,5,32,2.9,59,5.4,3.7,1.0,11.0,0,0.0,93.7,513,2.73,,,,,,,,,,,,,,,,,,,,,,
271,eric saubert,30,SFO,TE,17,3,14,11,97,5,62,5.6,35,3.2,5.2,0.0,,1,7.1,119.3,513,2.73,,,,,,,,,,,,,,,,,,,,,,
272,tylan wallace,25,BAL,WR,17,0,12,11,193,5,65,5.9,128,11.6,6.1,1.0,11.0,1,8.3,146.5,457,2.63,73,6.6,12.0,90.0,8.2,0.0,1.0,1.0,100.0%,2.0,0.0,5.6%,,,,,,,,36.3,2.1,1.0
273,emanuel wilson,25,GNB,RB,17,0,14,11,48,3,-51,-4.6,99,9.0,-4.5,1.0,11.0,0,0.0,104.8,464,3.02,,,,,,,,,,,,,,,,,,,,,,
274,michael burton,32,DEN,FB,17,2,10,10,65,3,24,2.4,41,4.1,2.4,0.0,,0,0.0,127.1,549,1.82,,,,,,,,,,,,,,,,,,,,,,
275,ryan flournoy,25,DAL,WR,11,1,14,10,102,5,68,6.8,34,3.4,8.2,0.0,,1,7.1,92.0,622,2.25,115,11.5,11.0,8.0,0.8,0.0,,,,,,,,,,,,,,18.2,1.7,0.0
276,eric gray,25,NYG,RB,17,0,11,10,82,3,-21,-2.1,103,10.3,-2.0,1.0,10.0,1,9.1,97.7,554,1.99,,,,,,,,,,,,,,,,,,,,,,
277,jamycal hasty,28,NWE,RB,15,0,12,10,59,2,-13,-1.3,72,7.2,-1.3,1.0,10.0,0,0.0,114.9,500,2.4,,,,,,,,,,,,,,,,,,,,,,
278,malik heath,24,GNB,WR,13,1,13,10,97,5,74,7.4,23,2.3,6.5,0.0,,0,0.0,136.9,464,2.8,84,8.4,10.0,7.0,0.7,2.0,2.0,2.0,100.0%,6.0,2.0,4.3%,2.0,2.0,100.0%,6.0,2.0,11.8%,,31.7,2.6,2.0
279,khalil herbert,26,2TM,RB,14,1,11,10,25,0,-19,-1.9,44,4.4,-2.1,0.0,,1,9.1,79.2,481,2.29,,,,,,,,,,,,,,,,,,,,,,
279,khalil herbert,26,CHI,RB,6,0,2,2,4,0,-2,-1.0,6,3.0,-1.0,0.0,,0,0.0,79.2,527,0.38,,,,,,,,,,,,,,,,,,,,,,
279,khalil herbert,26,CIN,RB,8,1,9,8,21,0,-17,-2.1,38,4.8,-2.3,0.0,,1,11.1,79.2,628,1.43,,,,,,,,,,,,,,,,,,,,,,
280,odell beckham,32,MIA,WR,9,0,18,9,55,3,41,4.6,14,1.6,7.6,0.0,,1,5.6,33.3,568,3.17,164,18.2,10.0,3.0,0.3,4.0,1.0,4.0,25.0%,5.0,0.0,11.1%,0.0,2.0,0.0%,0.0,0.0,13.3%,101.0,14.5,1.8,0.0
281,marquise brown,27,KAN,WR,2,1,15,9,91,5,45,5.0,46,5.1,8.2,0.0,,0,0.0,77.4,572,2.62,123,13.7,9.0,3.0,0.3,2.0,1.0,2.0,50.0%,3.0,0.0,4.1%,,,,,,,,18.1,9.1,0.0
282,harrison bryant,26,LVR,TE,13,3,12,9,86,5,15,1.7,71,7.9,3.4,2.0,4.5,0,0.0,59.7,592,2.03,,,,,,,,,,,,,,,,,,,,,,
283,deandre carter,31,CHI,WR,13,0,14,9,72,3,40,4.4,32,3.6,11.1,2.0,4.5,0,0.0,47.3,527,2.66,155,17.2,9.0,22.0,2.4,3.0,2.0,3.0,66.7%,16.0,0.0,5.5%,1.0,1.0,100.0%,7.0,0.0,5.3%,,14.2,1.1,0.0
284,jamison crowder,31,WAS,WR,6,1,13,9,72,4,61,6.8,11,1.2,8.3,0.0,,0,0.0,90.4,504,2.58,108,12.0,9.0,8.0,0.9,3.0,3.0,3.0,100.0%,22.0,2.0,8.3%,2.0,2.0,100.0%,15.0,2.0,11.1%,,26.2,5.2,2.0
285,isaiah davis,22,NYJ,RB,17,0,12,9,75,4,0,0.0,75,8.3,1.3,0.0,,1,8.3,118.4,589,2.04,,,,,,,,,,,,,,,,,,,,,,
286,rakim jarrett,23,TAM,WR,10,2,11,9,124,5,106,11.8,18,2.0,11.5,0.0,,0,0.0,113.6,563,1.95,127,14.1,9.0,4.0,0.4,2.0,1.0,2.0,50.0%,6.0,0.0,4.8%,0.0,1.0,0.0%,0.0,0.0,3.8%,,21.4,2.1,0.0
287,charlie kolar,25,BAL,TE,13,3,11,9,131,4,55,6.1,76,8.4,6.0,0.0,,0,0.0,146.6,457,2.41,,,,,,,,,,,,,,,,,,,,,,
288,jeremy mcnichols,29,WAS,RB,17,1,12,9,27,1,-6,-0.7,33,3.7,1.6,0.0,,0,0.0,77.1,504,2.38,,,,,,,,,,,,,,,,,,,,,,
289,bub means,23,NOR,WR,7,1,15,9,118,7,98,10.9,20,2.2,11.3,0.0,,1,6.7,107.1,517,2.9,170,18.9,10.0,14.0,1.6,1.0,1.0,1.0,100.0%,10.0,1.0,6.3%,1.0,1.0,100.0%,10.0,1.0,14.3%,,26.8,3.8,1.0
290,andrew ogletree,26,IND,TE,17,6,14,9,109,6,59,6.6,50,5.6,10.7,0.0,,1,7.1,82.1,492,2.85,,,,,,,,,,,,,,,,,,,,,,
291,durham smythe,29,MIA,TE,17,4,17,9,53,1,37,4.1,16,1.8,5.5,0.0,,1,5.9,59.2,568,2.99,,,,,,,,,,,,,,,,,,,,,,
292,brevyn spann-ford,25,DAL,TE,17,0,14,9,88,6,35,3.9,53,5.9,5.9,0.0,,0,0.0,81.8,622,2.25,,,,,,,,,,,,,,,,,,,,,,
293,sean tucker,23,TAM,RB,17,0,12,9,109,6,4,0.4,105,11.7,0.6,1.0,9.0,0,0.0,130.2,563,2.13,,,,,,,,,,,,,,,,,,,,,,
294,jamaal williams,29,NOR,RB,14,1,11,9,57,3,4,0.4,53,5.9,-1.3,0.0,,0,0.0,88.3,517,2.13,,,,,,,,,,,,,,,,,,,,,,
295,john bates,27,WAS,TE,17,6,13,8,84,3,35,4.4,49,6.1,4.8,1.0,8.0,1,7.7,80.3,504,2.58,,,,,,,,,,,,,,,,,,,,,,
296,pharaoh brown,30,SEA,TE,15,7,12,8,65,2,35,4.4,30,3.8,4.2,1.0,8.0,1,8.3,80.2,569,2.11,,,,,,,,,,,,,,,,,,,,,,
297,gerald everett,30,CHI,TE,17,4,13,8,36,1,-5,-0.6,41,5.1,2.8,2.0,4.0,1,7.7,65.9,527,2.47,,,,,,,,,,,,,,,,,,,,,,
298,tyler higbee,31,LAR,TE,3,3,12,8,66,5,18,2.3,48,6.0,2.2,0.0,,0,0.0,120.1,541,2.22,,,,,,,,,,,,,,,,,,,,,,
299,hayden hurst,31,LAC,TE,9,2,13,8,73,2,53,6.6,20,2.5,4.8,0.0,,2,15.4,76.8,491,2.65,,,,,,,,,,,,,,,,,,,,,,
300,jalin hyatt,23,NYG,WR,16,3,19,8,62,3,56,7.0,6,0.8,19.1,0.0,,2,10.5,11.2,554,3.43,363,45.4,10.0,2.0,0.3,0.0,,,,,,,,,,,,,198.0,14.2,0.9,0.0
301,zay jones,29,ARI,WR,11,2,11,8,84,5,65,8.1,19,2.4,8.6,0.0,,0,0.0,56.6,523,2.1,95,11.9,8.0,6.0,0.8,0.0,0.0,0.0,0%,0.0,0.0,0.0%,0.0,0.0,0%,0.0,0.0,0.0%,151.0,16.4,1.5,0.0
302,bo melton,25,GNB,WR,17,0,17,8,91,5,84,10.5,7,0.9,17.8,0.0,,0,0.0,39.1,464,3.66,303,37.9,8.0,6.0,0.8,1.0,1.0,1.0,100.0%,1.0,0.0,2.2%,,,,,,,,22.5,1.3,0.0
303,trent sherfield,28,MIN,WR,17,1,9,8,83,4,43,5.4,40,5.0,6.0,0.0,,0,0.0,102.5,517,1.74,71,8.9,8.0,2.0,0.3,1.0,1.0,1.0,100.0%,10.0,1.0,2.1%,1.0,1.0,100.0%,10.0,1.0,4.3%,,22.3,1.5,1.0
304,tank bigsby,23,JAX,RB,16,1,12,7,54,1,-10,-1.4,64,9.1,-1.1,1.0,7.0,2,16.7,34.7,522,2.3,,,,,,,,,,,,,,,,,,,,,,
305,blake corum,24,LAR,RB,17,1,8,7,58,5,-7,-1.0,65,9.3,-0.6,1.0,7.0,1,12.5,96.9,541,1.48,,,,,,,,,,,,,,,,,,,,,,
306,britain covey,27,PHI,WR,5,1,8,7,34,2,6,0.9,28,4.0,1.1,0.0,,1,12.5,84.4,418,1.91,9,1.3,8.0,3.0,0.4,2.0,2.0,2.0,100.0%,5.0,0.0,6.7%,2.0,2.0,100.0%,5.0,0.0,13.3%,,10.4,2.1,0.0
307,river cracraft,30,MIA,WR,8,0,9,7,66,4,55,7.9,11,1.6,7.9,0.0,,1,11.1,97.2,568,1.58,71,10.1,8.0,3.0,0.4,1.0,,,,,,,,,,,,,,13.6,2.7,0.0
308,tucker fisk,25,LAC,TE,9,5,8,7,39,1,18,2.6,21,3.0,2.5,0.0,,0,0.0,87.0,491,1.63,,,,,,,,,,,,,,,,,,,,,,
309,khadarel hodge,29,ATL,WR,17,2,12,7,131,6,42,6.0,89,12.7,10.8,0.0,,1,8.3,124.0,539,2.23,130,18.6,8.0,6.0,0.9,2.0,0.0,1.0,0.0%,0.0,0.0,2.9%,0.0,1.0,0.0%,0.0,0.0,7.1%,105.0,32.1,2.0,1.0
310,hunter long,26,LAR,TE,17,2,9,7,60,2,30,4.3,30,4.3,3.4,0.0,,1,11.1,94.4,541,1.66,,,,,,,,,,,,,,,,,,,,,,
311,luke musgrave,24,GNB,TE,7,3,10,7,45,2,27,3.9,18,2.6,6.6,0.0,,0,0.0,39.6,464,2.16,,,,,,,,,,,,,,,,,,,,,,
312,kj osborn,27,NWE,WR,7,4,18,7,57,2,41,5.9,16,2.3,5.9,0.0,,1,5.6,66.2,500,3.6,107,15.3,8.0,2.0,0.3,3.0,2.0,3.0,66.7%,12.0,0.0,15.0%,1.0,1.0,100.0%,7.0,0.0,11.1%,120.0,18.7,2.7,1.0
313,brandon powell,29,MIN,WR,17,1,10,7,71,5,59,8.4,12,1.7,10.1,0.0,,0,0.0,90.0,517,1.93,101,14.4,7.0,2.0,0.3,0.0,1.0,1.0,100.0%,5.0,0.0,2.1%,,,,,,,112.0,14.1,0.8,0.0
314,jalen reagor,25,LAC,WR,8,2,12,7,100,3,74,10.6,26,3.7,10.3,0.0,,0,0.0,85.4,491,2.44,123,17.6,7.0,1.0,0.1,0.0,0.0,0.0,0%,0.0,0.0,0.0%,,,,,,,,14.7,1.8,0.0
315,ainias smith,23,PHI,WR,7,1,9,7,41,1,18,2.6,23,3.3,1.3,0.0,,0,0.0,122.7,418,2.15,12,1.7,7.0,0.0,0.0,1.0,,,,,,,,,,,,,,17.7,2.5,1.0
316,carson steele,22,KAN,RB,17,3,11,7,26,0,-17,-2.4,43,6.1,-1.5,3.0,2.3,0,0.0,67.6,572,1.92,,,,,,,,,,,,,,,,,,,,,,
317,charlie woerner,27,ATL,TE,16,5,12,7,46,3,25,3.6,21,3.0,2.9,0.0,,1,8.3,31.9,539,2.23,,,,,,,,,,,,,,,,,,,,,,
318,michael woods,24,CLE,WR,5,2,17,7,65,4,30,4.3,35,5.0,11.0,1.0,7.0,2,11.8,27.8,634,2.68,204,29.1,9.0,15.0,2.1,3.0,1.0,4.0,25.0%,13.0,0.0,13.8%,0.0,1.0,0.0%,0.0,0.0,11.1%,,13.5,2.7,0.0
319,davis allen,23,LAR,TE,15,5,13,6,39,2,18,3.0,21,3.5,3.8,0.0,,2,15.4,53.0,541,2.4,,,,,,,,,,,,,,,,,,,,,,
320,trey benson,21,ARI,RB,13,1,6,6,59,3,-19,-3.2,78,13.0,-3.2,2.0,3.0,0,0.0,107.6,523,1.15,,,,,,,,,,,,,,,,,,,,,,
321,parris campbell,27,PHI,WR,5,0,8,6,30,1,21,3.5,9,1.5,4.3,0.0,,0,0.0,119.8,418,1.91,34,5.7,6.0,0.0,0.0,1.0,1.0,1.0,100.0%,1.0,1.0,3.3%,1.0,1.0,100.0%,1.0,1.0,6.7%,,15.0,3.8,1.0
322,ty chandler,26,MIN,RB,17,0,6,6,42,2,-11,-1.8,53,8.8,-1.8,0.0,,0,0.0,95.8,517,1.16,,,,,,,,,,,,,,,,,,,,,,
323,chris conley,32,SFO,WR,15,2,12,6,76,3,57,9.5,19,3.2,17.4,0.0,,0,0.0,35.4,513,2.34,209,34.8,6.0,4.0,0.7,1.0,0.0,1.0,0.0%,0.0,0.0,2.2%,0.0,1.0,0.0%,0.0,0.0,5.3%,,13.6,1.5,0.0
324,simi fehoko,27,LAC,WR,8,2,16,6,106,6,90,15.0,16,2.7,14.8,0.0,,2,12.5,60.9,491,3.26,236,39.3,8.0,8.0,1.3,1.0,0.0,2.0,0.0%,0.0,0.0,7.1%,0.0,1.0,0.0%,0.0,0.0,7.7%,110.0,16.6,2.8,0.0
325,donta foreman,28,CLE,RB,11,3,8,6,54,1,6,1.0,48,8.0,0.9,1.0,6.0,2,25.0,92.7,634,1.26,,,,,,,,,,,,,,,,,,,,,,
326,xavier gipson,23,NYJ,WR,17,0,10,6,39,3,17,2.8,22,3.7,11.2,0.0,,1,10.0,101.7,589,1.7,112,18.7,7.0,6.0,1.0,1.0,1.0,1.0,100.0%,1.0,1.0,1.6%,1.0,1.0,100.0%,1.0,1.0,3.3%,125.0,14.4,0.8,1.0
327,connor heyward,25,PIT,TE,17,5,8,6,40,3,33,5.5,7,1.2,8.4,0.0,,2,25.0,125.0,460,1.74,,,,,,,,,,,,,,,,,,,,,,
328,sincere mccormick,24,LVR,RB,5,2,7,6,29,2,0,0.0,29,4.8,0.4,0.0,,0,0.0,83.9,592,1.18,,,,,,,,,,,,,,,,,,,,,,
329,bryce oliver,24,TEN,WR,10,1,9,6,95,4,69,11.5,26,4.3,10.6,0.0,,0,0.0,101.6,507,1.78,95,15.8,6.0,7.0,1.2,1.0,0.0,1.0,0.0%,0.0,0.0,3.8%,,,,,,,,15.5,1.6,0.0
330,mycole pruitt,32,PIT,TE,12,5,10,6,40,2,24,4.0,16,2.7,2.7,0.0,,0,0.0,62.5,460,2.17,,,,,,,,,,,,,,,,,,,,,,
331,tip reiman,23,ARI,TE,17,9,7,6,37,1,8,1.3,29,4.8,1.7,1.0,6.0,0,0.0,88.7,523,1.34,,,,,,,,,,,,,,,,,,,,,,
332,zamir white,25,LVR,RB,8,5,8,6,30,2,-20,-3.3,50,8.3,-3.1,2.0,3.0,1,12.5,80.2,592,1.35,,,,,,,,,,,,,,,,,,,,,,
333,blake whiteheart,24,CLE,TE,11,2,9,6,51,2,41,6.8,10,1.7,9.0,0.0,,0,0.0,78.7,634,1.42,,,,,,,,,,,,,,,,,,,,,,
334,nick chubb,29,CLE,RB,8,8,11,5,31,3,0,0.0,31,6.2,-0.5,0.0,,0,0.0,43.2,634,1.74,,,,,,,,,,,,,,,,,,,,,,
335,devin culp,24,TAM,TE,5,0,6,5,88,4,57,11.4,31,6.2,12.2,0.0,,0,0.0,118.7,563,1.07,,,,,,,,,,,,,,,,,,,,,,
336,greg dulcich,24,DEN,TE,4,3,12,5,28,0,13,2.6,15,3.0,5.9,0.0,,2,16.7,49.3,549,2.19,,,,,,,,,,,,,,,,,,,,,,
337,audric estime,21,DEN,RB,13,1,5,5,27,2,-10,-2.0,37,7.4,-2.0,0.0,,0,0.0,89.2,549,0.91,,,,,,,,,,,,,,,,,,,,,,
338,cam grandy,24,CIN,TE,8,6,5,5,28,1,12,2.4,16,3.2,2.4,0.0,,0,0.0,90.0,628,0.8,,,,,,,,,,,,,,,,,,,,,,
339,cj ham,31,MIN,FB,17,3,6,5,35,1,6,1.2,29,5.8,0.2,0.0,,0,0.0,91.0,517,1.16,,,,,,,,,,,,,,,,,,,,,,
340,peyton hendershot,25,KAN,TE,7,1,5,5,51,2,19,3.8,32,6.4,3.8,0.0,,0,0.0,109.2,572,0.87,,,,,,,,,,,,,,,,,,,,,,
341,kendre miller,22,NOR,RB,6,2,8,5,33,2,0,0.0,33,6.6,0.4,0.0,,2,25.0,71.4,517,1.55,,,,,,,,,,,,,,,,,,,,,,
342,scott miller,27,PIT,WR,13,1,9,5,69,2,36,7.2,33,6.6,11.8,1.0,5.0,1,11.1,80.3,460,1.96,,,,,,,,,,,,,,,,,,,,,,
343,quintin morris,25,BUF,TE,16,3,8,5,36,3,14,2.8,22,4.4,9.3,0.0,,1,12.5,112.5,495,1.62,,,,,,,,,,,,,,,,,,,,,,
344,ronnie rivers,25,LAR,RB,17,0,6,5,34,1,-24,-4.8,58,11.6,-4.3,0.0,,0,0.0,90.3,541,1.11,,,,,,,,,,,,,,,,,,,,,,
345,laviska shenault,26,SEA,WR,11,1,5,5,36,2,-10,-2.0,46,9.2,-2.0,0.0,,0,0.0,96.7,569,0.88,-10,-2.0,5.0,16.0,3.2,0.0,,,,,,,,,,,,,,10.7,1.1,0.0
346,ben sinnott,22,WAS,TE,17,2,5,5,28,2,9,1.8,19,3.8,1.8,0.0,,0,0.0,129.6,504,0.99,,,,,,,,,,,,,,,,,,,,,,
347,ben skowronek,27,PIT,WR,10,1,5,5,69,4,40,8.0,29,5.8,8.0,0.0,,0,0.0,118.7,460,1.09,40,8.0,5.0,8.0,1.6,0.0,,,,,,,,,,,,,,11.9,1.2,0.0
348,kimani vidal,23,LAC,RB,10,0,9,5,62,2,25,5.0,37,7.4,5.3,0.0,,3,33.3,114.1,491,1.83,,,,,,,,,,,,,,,,,,,,,,
349,johnny wilson,23,PHI,WR,16,4,15,5,38,3,23,4.6,15,3.0,9.8,0.0,,1,6.7,64.6,418,3.59,147,29.4,6.0,5.0,1.0,3.0,1.0,3.0,33.3%,5.0,1.0,10.0%,1.0,3.0,33.3%,5.0,1.0,20.0%,137.0,14.8,0.9,1.0
350,kenny yeboah,26,NYJ,TE,9,1,8,5,47,3,13,2.6,34,6.8,4.6,0.0,,2,25.0,118.2,589,1.36,,,,,,,,,,,,,,,,,,,,,,
351,treylon burks,24,TEN,WR,5,2,8,4,34,3,29,7.3,5,1.3,16.9,1.0,4.0,2,25.0,21.9,507,1.58,135,33.8,6.0,5.0,1.3,0.0,,,,,,,,,,,,,,7.5,1.5,0.0
352,jermaine burton,23,CIN,WR,14,1,14,4,107,4,85,21.3,22,5.5,21.1,0.0,,1,7.1,58.9,628,2.23,296,74.0,5.0,13.0,3.3,4.0,1.0,4.0,25.0%,11.0,0.0,5.3%,0.0,2.0,0.0%,0.0,0.0,4.4%,,14.7,1.1,0.0
353,dj chark,28,LAC,WR,7,0,10,4,31,1,24,6.0,7,1.8,11.5,0.0,,0,0.0,81.7,491,2.04,115,28.8,4.0,3.0,0.8,2.0,,,,,,,,,,,,,,13.1,3.3,1.0
354,jacob cowing,23,SFO,WR,15,0,6,4,80,3,54,13.5,26,6.5,12.7,0.0,,0,0.0,70.1,513,1.17,76,19.0,4.0,4.0,1.0,2.0,1.0,2.0,50.0%,9.0,0.0,4.4%,0.0,1.0,0.0%,0.0,0.0,5.3%,,10.7,0.7,0.0
355,will mallory,25,IND,TE,10,0,8,4,29,1,25,6.3,4,1.0,8.6,1.0,4.0,0,0.0,19.3,492,1.63,,,,,,,,,,,,,,,,,,,,,,
356,scott matlock,24,LAC,FB/DL,17,11,5,4,28,1,5,1.3,23,5.8,1.4,0.0,,1,20.0,90.0,491,1.02,,,,,,,,,,,,,,,,,,,,,,
357,will shipley,22,PHI,RB,16,1,4,4,35,2,7,1.8,28,7.0,1.8,0.0,,0,0.0,103.1,418,0.96,,,,,,,,,,,,,,,,,,,,,,
358,ben sims,24,GNB,TE,17,5,5,4,42,1,26,6.5,16,4.0,8.0,0.0,,0,0.0,101.7,464,1.08,,,,,,,,,,,,,,,,,,,,,,
359,deven thompkins,25,CAR,WR,7,0,4,4,20,2,-8,-2.0,28,7.0,-2.0,0.0,,0,0.0,87.5,518,0.77,-8,-2.0,4.0,11.0,2.8,1.0,1.0,1.0,100.0%,2.0,0.0,2.2%,1.0,1.0,100.0%,2.0,0.0,4.2%,,6.7,1.3,0.0
360,tyquan thornton,24,NWE,WR,6,1,8,4,47,2,23,5.8,24,6.0,15.8,1.0,4.0,0,0.0,28.6,500,1.6,126,31.5,4.0,14.0,3.5,1.0,1.0,1.0,100.0%,14.0,0.0,5.0%,,,,,,,,8.7,2.2,0.0
361,alex bachman,28,LVR,WR,6,1,3,3,31,2,21,7.0,10,3.3,7.0,0.0,,0,0.0,109.7,592,0.51,21,7.0,3.0,4.0,1.3,0.0,0.0,0.0,0%,0.0,0.0,0.0%,0.0,0.0,0%,0.0,0.0,0.0%,,6.1,1.2,0.0
362,tyler badie,24,DEN,RB,3,0,3,3,-2,0,-6,-2.0,4,1.3,-2.0,0.0,,0,0.0,79.2,549,0.55,,,,,,,,,,,,,,,,,,,,,,
363,david bell,24,CLE,WR,1,0,3,3,27,1,19,6.3,8,2.7,6.3,0.0,,0,0.0,104.2,634,0.47,19,6.3,3.0,6.0,2.0,1.0,1.0,1.0,100.0%,12.0,0.0,3.4%,,,,,,,,5.7,5.7,0.0
364,jonathon brooks,21,CAR,RB,3,1,3,3,23,2,-8,-2.7,31,10.3,-2.7,0.0,,0,0.0,98.6,518,0.58,,,,,,,,,,,,,,,,,,,,,,
365,dan chisena,27,CAR,WR,6,0,4,3,37,2,28,9.3,9,3.0,7.5,0.0,,0,0.0,103.1,518,0.77,30,10.0,3.0,2.0,0.7,0.0,,,,,,,,,,,,,,6.7,1.1,0.0
366,tanner conner,26,MIA,TE,8,1,4,3,16,1,11,3.7,5,1.7,11.5,0.0,,0,0.0,81.2,568,0.7,,,,,,,,,,,,,,,,,,,,,,
367,malachi corley,22,NYJ,WR,9,1,6,3,16,1,11,3.7,5,1.7,8.3,0.0,,0,0.0,56.2,589,1.02,50,16.7,3.0,2.0,0.7,2.0,0.0,2.0,0.0%,0.0,0.0,3.3%,0.0,1.0,0.0%,0.0,0.0,3.3%,,5.2,0.7,0.0
368,deejay dallas,26,ARI,RB,17,0,3,3,11,1,-9,-3.0,20,6.7,-3.0,0.0,,0,0.0,121.5,523,0.57,,,,,,,,,,,,,,,,,,,,,,
369,josiah deguara,27,JAX,TE,15,0,3,3,14,0,2,0.7,12,4.0,0.7,0.0,,0,0.0,86.1,522,0.57,,,,,,,,,,,,,,,,,,,,,,
370,gus edwards,29,LAC,RB,11,6,5,3,6,0,-5,-1.7,11,3.7,-3.0,0.0,,0,0.0,64.6,491,1.02,,,,,,,,,,,,,,,,,,,,,,
371,clyde edwards-helaire,25,NOR,RB,2,0,5,3,24,1,-11,-3.7,35,11.7,-0.8,1.0,3.0,1,20.0,72.1,517,0.97,,,,,,,,,,,,,,,,,,,,,,
372,dwayne eskridge,27,MIA,WR,6,0,3,3,44,2,15,5.0,29,9.7,5.0,0.0,,0,0.0,118.7,568,0.53,,,,,,,,,,,,,,,,,,,,,,
373,hassan haskins,25,LAC,RB,17,0,3,3,49,2,7,2.3,42,14.0,2.3,0.0,,0,0.0,158.3,491,0.61,,,,,,,,,,,,,,,,,,,,,,
374,dallin holker,24,NOR,TE,12,2,4,3,21,1,8,2.7,13,4.3,9.0,0.0,,0,0.0,86.5,517,0.77,,,,,,,,,,,,,,,,,,,,,,
375,travis homer,26,CHI,RB,10,0,3,3,11,0,1,0.3,10,3.3,0.3,0.0,,0,0.0,81.9,527,0.57,,,,,,,,,,,,,,,,,,,,,,
376,trenton irwin,29,CIN,WR,7,2,10,3,15,1,11,3.7,4,1.3,6.2,0.0,,1,10.0,39.6,628,1.59,62,20.7,4.0,0.0,0.0,6.0,2.0,6.0,33.3%,9.0,0.0,8.0%,2.0,5.0,40.0%,9.0,0.0,11.1%,,4.5,0.8,0.0
377,tim jones,26,JAX,WR,17,0,5,3,41,3,24,8.0,17,5.7,8.0,0.0,,0,0.0,86.2,522,0.96,40,13.3,3.0,0.0,0.0,0.0,,,,,,,,,,,,,,7.1,0.9,0.0
378,chris manhertz,32,NYG,TE,17,11,4,3,30,2,11,3.7,19,6.3,3.8,0.0,,0,0.0,135.4,554,0.72,,,,,,,,,,,,,,,,,,,,,,
379,terrace marshall,24,LVR,WR,7,1,6,3,41,1,37,12.3,4,1.3,8.7,0.0,,0,0.0,72.2,592,1.01,52,17.3,3.0,3.0,1.0,0.0,,,,,,,,,,,,,,7.1,1.4,0.0
380,kenny mcintosh,24,SEA,RB,17,0,4,3,22,1,5,1.7,17,5.7,1.3,0.0,,0,0.0,87.5,569,0.7,,,,,,,,,,,,,,,,,,,,,,
381,james proche,28,CLE,WR,9,0,3,3,21,1,17,5.7,4,1.3,5.7,1.0,3.0,0,0.0,95.8,634,0.47,17,5.7,3.0,3.0,1.0,0.0,,,,,,,,,,,,,,3.1,0.3,0.0
382,craig reynolds,28,DET,RB,17,0,5,3,40,2,-2,-0.7,42,14.0,-2.0,0.0,,0,0.0,45.8,522,0.96,,,,,,,,,,,,,,,,,,,,,,
383,patrick ricard,30,BAL,FB,17,6,5,3,22,1,4,1.3,18,6.0,1.2,0.0,,1,20.0,110.0,457,1.09,,,,,,,,,,,,,,,,,,,,,,
384,allen robinson,31,DET,WR,12,0,7,3,30,3,26,8.7,4,1.3,7.3,0.0,,1,14.3,55.7,522,1.34,51,17.0,4.0,0.0,0.0,0.0,,,,,,,,,,,,,,6.0,1.0,0.0
385,patrick taylor,26,SFO,RB,13,1,11,3,25,2,6,2.0,19,6.3,3.1,0.0,,2,18.2,39.6,513,2.14,,,,,,,,,,,,,,,,,,,,,,
386,ian thomas,28,CAR,TE,5,2,6,3,7,1,1,0.3,6,2.0,4.2,0.0,,1,16.7,16.7,518,1.16,,,,,,,,,,,,,,,,,,,,,,
387,jamari thrash,24,CLE,WR,9,0,7,3,22,2,8,2.7,14,4.7,7.3,0.0,,2,28.6,50.9,634,1.1,51,17.0,5.0,5.0,1.7,0.0,,,,,,,,,,,,,,5.2,0.6,0.0
388,sione vaki,23,DET,RB,16,0,3,3,37,2,17,5.7,20,6.7,5.7,0.0,,0,0.0,118.1,522,0.57,,,,,,,,,,,,,,,,,,,,,,
389,deuce vaughn,23,DAL,RB,7,0,5,3,18,0,5,1.7,13,4.3,0.0,1.0,3.0,0,0.0,67.1,622,0.8,,,,,,,,,,,,,,,,,,,,,,
390,jeff wilson,29,MIA,RB,9,0,3,3,19,0,0,0.0,19,6.3,0.0,0.0,,0,0.0,93.1,568,0.53,,,,,,,,,,,,,,,,,,,,,,
391,jaylen wright,21,MIA,RB,15,1,6,3,8,1,0,0.0,8,2.7,-1.0,1.0,3.0,1,16.7,56.2,568,1.06,,,,,,,,,,,,,,,,,,,,,,
392,jaheim bell,23,NWE,TE,15,0,3,2,20,1,15,7.5,5,2.5,7.7,0.0,,0,0.0,85.4,500,0.6,,,,,,,,,,,,,,,,,,,,,,
393,ronnie bell,24,SFO,WR,9,0,6,2,22,2,20,10.0,2,1.0,10.8,0.0,,2,33.3,5.6,513,1.17,65,32.5,4.0,2.0,1.0,1.0,1.0,1.0,100.0%,10.0,0.0,2.2%,,,,,,,,4.2,1.1,0.0
394,julius chestnut,24,TEN,RB,17,0,3,2,11,0,-3,-1.5,14,7.0,0.3,0.0,,0,0.0,33.3,507,0.59,,,,,,,,,,,,,,,,,,,,,,
395,grant dubose,23,MIA,WR,3,0,4,2,11,1,8,4.0,3,1.5,11.8,0.0,,0,0.0,16.7,568,0.7,47,23.5,2.0,0.0,0.0,0.0,,,,,,,,,,,,,,3.1,1.6,0.0
396,ashton dulin,27,IND,WR,15,2,8,2,67,2,24,12.0,43,21.5,19.3,1.0,2.0,1,12.5,62.0,492,1.63,154,77.0,3.0,8.0,4.0,1.0,0.0,1.0,0.0%,0.0,0.0,2.6%,0.0,1.0,0.0%,0.0,0.0,5.9%,,19.2,1.3,1.0
397,isaiah hodgins,26,NYG,WR,3,0,2,2,12,0,11,5.5,1,0.5,5.5,0.0,,0,0.0,91.7,554,0.36,,,,,,,,,,,,,,,,,,,,3.2,1.6,0.0
398,brevin jordan,24,HOU,TE,2,1,3,2,7,1,4,2.0,3,1.5,0.3,0.0,,0,0.0,70.1,547,0.55,,,,,,,,,,,,,,,,,,,,,,
399,mason kinsey,26,TEN,WR,6,0,2,2,17,1,17,8.5,0,0.0,8.5,0.0,,0,0.0,102.1,507,0.39,,,,,,,,,,,,,,,,,,,,3.7,0.6,0.0
400,dameon pierce,24,HOU,RB,11,0,4,2,2,0,-3,-1.5,5,2.5,-1.3,1.0,2.0,0,0.0,56.2,547,0.73,,,,,,,,,,,,,,,,,,,,,,
401,nikko remigio,25,KAN,WR,5,1,6,2,48,2,34,17.0,14,7.0,10.7,0.0,,1,16.7,63.2,572,1.05,64,32.0,3.0,4.0,2.0,0.0,,,,,,,,,,,,,,6.8,1.4,0.0
402,xavier smith,27,LAR,WR,15,0,2,2,6,1,1,0.5,5,2.5,0.5,0.0,,0,0.0,79.2,541,0.37,,,,,,,,,,,,,,,,,,,,6.2,0.4,0.0
403,jack stoll,26,PHI,TE,7,2,3,2,10,0,8,4.0,2,1.0,4.0,0.0,,0,0.0,71.5,418,0.72,,,,,,,,,,,,,,,,,,,,,,
404,jj taylor,26,HOU,RB,5,0,3,2,0,0,-1,-0.5,1,0.5,-2.0,0.0,,1,33.3,70.1,547,0.55,,,,,,,,,,,,,,,,,,,,,,
405,eric tomlinson,32,LAC,TE,9,1,4,2,9,0,-3,-1.5,12,6.0,2.0,1.0,2.0,1,25.0,56.2,491,0.81,,,,,,,,,,,,,,,,,,,,,,
406,austin trammell,26,JAX,WR,1,0,3,2,40,2,31,15.5,9,4.5,14.7,0.0,,0,0.0,109.7,522,0.57,,,,,,,,,,,,,,,,,,,,4.0,4.0,0.0
407,cody white,26,SEA,WR,4,0,3,2,44,2,31,15.5,13,6.5,13.3,0.0,,0,0.0,109.7,569,0.53,,,,,,,,,,,,,,,,,,,,6.4,1.6,0.0
408,kristian wilkerson,27,LVR,WR,3,0,3,2,18,2,7,3.5,11,5.5,5.3,0.0,,0,0.0,122.2,592,0.51,,,,,,,2.0,3.0,66.7%,18.0,1.0,10.7%,1.0,2.0,50.0%,9.0,1.0,20.0%,,9.8,9.8,1.0
409,isaiah williams,23,DET,WR,2,0,3,2,6,0,-1,-0.5,7,3.5,5.0,2.0,1.0,0,0.0,70.1,522,0.57,,,,,,,,,,,,,,,,,,,,2.6,0.3,0.0
410,javon baker,22,NWE,WR,11,1,4,1,12,1,12,12.0,0,0.0,12.5,0.0,,0,0.0,39.6,500,0.8,50,50.0,1.0,0.0,0.0,0.0,,,,,,,,,,,,,,2.2,0.2,0.0
411,chris blair,27,ATL,WR,4,0,2,1,17,1,17,17.0,0,0.0,18.5,0.0,,0,0.0,39.6,539,0.37,,,,,,,,,,,,,,,,,,,,2.7,0.9,0.0
412,mike boone,29,CAR,RB,6,0,3,1,-2,0,-4,-4.0,2,2.0,-4.7,0.0,,1,33.3,42.4,518,0.58,,,,,,,,,,,,,,,,,,,,,,
413,mike caliendo,27,KAN,OL,17,3,1,1,5,1,2,2.0,3,3.0,2.0,0.0,,0,0.0,87.5,572,0.17,,,,,,,,,,,,,,,,,,,,,,
414,robbie chosen,31,MIA,WR,2,0,4,1,5,0,4,4.0,1,1.0,11.8,0.0,,0,0.0,0.0,568,0.7,47,47.0,1.0,0.0,0.0,2.0,0.0,2.0,0.0%,0.0,0.0,5.6%,,,,,,,,1.5,1.5,0.0
415,chris collier,24,LVR,RB,3,0,2,1,-4,0,-5,-5.0,1,1.0,-2.5,0.0,,0,0.0,56.2,592,0.34,,,,,,,,,,,,,,,,,,,,,,
416,dalvin cook,29,DAL,RB,2,0,1,1,10,1,3,3.0,7,7.0,3.0,0.0,,0,0.0,108.3,622,0.16,,,,,,,,,,,,,,,,,,,,,,
417,jaelon darden,25,CLE,WR,7,1,1,1,6,1,-3,-3.0,9,9.0,-3.0,0.0,,0,0.0,91.7,634,0.16,,,,,,,,,,,,,,,,,,,,1.6,0.1,0.0
418,zach davidson,26,BUF,TE,2,0,2,1,5,0,3,3.0,2,2.0,1.5,0.0,,0,0.0,56.2,495,0.4,,,,,,,,,,,,,,,,,,,,,,
419,divine deablo,26,LVR,LLB,14,14,1,1,34,1,4,4.0,30,30.0,4.0,0.0,,0,0.0,118.7,592,0.17,,,,,,,,,,,,,,,,,,,,,,
420,ross dwelley,29,ATL,TE,17,0,1,1,5,0,1,1.0,4,4.0,1.0,0.0,,0,0.0,87.5,539,0.19,,,,,,,,,,,,,,,,,,,,,,
421,john fitzpatrick,24,GNB,TE,9,0,1,1,2,0,2,2.0,0,0.0,2.0,0.0,,0,0.0,79.2,464,0.22,,,,,,,,,,,,,,,,,,,,,,
422,jody fortson,29,KAN,TE,3,0,3,1,5,1,3,3.0,2,2.0,1.3,0.0,,0,0.0,2.8,572,0.52,,,,,,,,,,,,,,,,,,,,,,
423,feleipe franks,27,CAR,TE,16,0,3,1,12,1,12,12.0,0,0.0,16.3,0.0,,0,0.0,46.5,518,0.58,,,,,,,,,,,,,,,,,,,,,,
424,myles gaskin,27,MIN,RB,5,0,1,1,11,0,-2,-2.0,13,13.0,-2.0,0.0,,0,0.0,112.5,517,0.19,,,,,,,,,,,,,,,,,,,,,,
425,jared goff,30,DET,QB,17,17,1,1,7,1,5,5.0,2,2.0,5.0,0.0,,0,0.0,135.4,522,0.19,,,,,,,,,,,,,,,,,,,,,,
426,anthony gould,23,IND,WR,8,0,1,1,23,1,18,18.0,5,5.0,18.0,0.0,,0,0.0,118.7,492,0.2,,,,,,,,,,,,,,,,,,,,3.3,0.4,0.0
427,george holani,25,SEA,RB,5,0,1,1,-1,0,-1,-1.0,0,0.0,-1.0,0.0,,0,0.0,79.2,569,0.18,,,,,,,,,,,,,,,,,,,,,,
428,sam hubbard,29,CIN,LDE,14,14,1,1,2,1,2,2.0,0,0.0,2.0,0.0,,0,0.0,118.7,628,0.16,,,,,,,,,,,,,,,,,,,,,,
429,jhaquan jackson,24,TEN,WR,12,0,3,1,8,1,6,6.0,2,2.0,26.0,0.0,,0,0.0,42.4,507,0.59,,,,,,,,,,,,,,,,,,,,-2.7,-0.2,0.0
430,jermar jefferson,24,DET,RB,2,0,1,1,10,1,0,0.0,10,10.0,0.0,0.0,,0,0.0,108.3,522,0.19,,,,,,,,,,,,,,,,,,,,,,
431,ej jenkins,26,PHI,TE,8,0,2,1,7,1,4,4.0,3,3.0,4.5,0.0,,0,0.0,97.9,418,0.48,,,,,,,,,,,,,,,,,,,,,,
432,brandon johnson,26,PIT,WR,3,0,1,1,9,0,5,5.0,4,4.0,5.0,0.0,,0,0.0,104.2,460,0.22,,,,,,,,,,,,,,,,,,,,1.9,0.6,0.0
433,collin johnson,27,CHI,WR,9,0,2,1,6,1,3,3.0,3,3.0,8.0,0.0,,0,0.0,56.2,527,0.38,,,,,,,,,,,,,,,,,,,,1.6,0.3,0.0
434,charlie jones,26,CIN,WR,8,0,1,1,5,0,5,5.0,0,0.0,5.0,0.0,,0,0.0,87.5,628,0.16,,,,,,,,,,,,,,,,,,,,5.5,0.7,0.0
435,marcus jones,26,NWE,CB,14,9,1,1,18,1,-7,-7.0,25,25.0,-7.0,0.0,,0,0.0,118.7,500,0.2,,,,,,,,,,,,,,,,,,,,,,
436,velus jones,27,CHI,WR,1,0,1,1,8,0,-5,-5.0,13,13.0,-5.0,0.0,,0,0.0,100.0,527,0.19,,,,,,,,,,,,,,,,,,,,0.9,0.5,0.0
437,ramel keyton,24,LVR,WR,8,0,3,1,7,1,7,7.0,0,0.0,10.0,0.0,,0,0.0,42.4,592,0.51,,,,,,,0.0,1.0,0.0%,0.0,0.0,3.6%,0.0,1.0,0.0%,0.0,0.0,10.0%,,1.7,0.6,0.0
438,jacob kibodi,26,CLE,RB,1,0,3,1,15,1,4,4.0,11,11.0,3.0,0.0,,1,33.3,11.1,634,0.47,,,,,,,,,,,,,,,,,,,,,,
439,jc latham,21,TEN,LT,17,17,1,1,0,0,-4,-4.0,4,4.0,-4.0,0.0,,0,0.0,79.2,507,0.2,,,,,,,,,,,,,,,,,,,,,,
440,marcedes lewis,40,CHI,TE,17,4,2,1,2,1,1,1.0,1,1.0,7.0,0.0,,0,0.0,56.2,527,0.38,,,,,,,,,,,,,,,,,,,,,,
441,marshawn lloyd,23,GNB,RB,1,0,1,1,3,0,-5,-5.0,8,8.0,-5.0,0.0,,0,0.0,79.2,464,0.22,,,,,,,,,,,,,,,,,,,,,,
442,vederian lowe,25,NWE,LT,14,13,1,1,4,1,4,4.0,0,0.0,4.0,0.0,,0,0.0,122.9,500,0.2,,,,,,,,,,,,,,,,,,,,,,
443,patrick mahomes,29,KAN,QB,16,16,1,1,2,0,-1,-1.0,3,3.0,-1.0,0.0,,0,0.0,79.2,572,0.17,,,,,,,,,,,,,,,,,,,,,,
444,tay martin,27,TEN,WR,1,0,2,1,49,1,44,44.0,5,5.0,31.5,0.0,,0,0.0,135.4,507,0.39,,,,,,,,,,,,,,,,,,,,11.9,11.9,1.0
445,david martin-robinson,25,TEN,TE,5,2,2,1,6,1,0,0.0,6,6.0,0.0,0.0,,0,0.0,56.2,507,0.39,,,,,,,,,,,,,,,,,,,,,,
446,anthony miller,30,BAL,WR,2,0,1,1,16,1,15,15.0,1,1.0,15.0,0.0,,0,0.0,118.7,457,0.22,,,,,,,,,,,,,,,,,,,,2.6,1.3,0.0
447,keaton mitchell,22,BAL,RB,5,0,1,1,28,1,-5,-5.0,33,33.0,-5.0,0.0,,0,0.0,118.7,457,0.22,,,,,,,,,,,,,,,,,,,,,,
448,wanya morris,24,KAN,LT,17,11,1,1,1,1,1,1.0,0,0.0,1.0,0.0,,0,0.0,118.7,572,0.17,,,,,,,,,,,,,,,,,,,,,,
449,bo nix,24,DEN,QB,17,17,1,1,2,1,2,2.0,0,0.0,2.0,0.0,,0,0.0,118.7,549,0.18,,,,,,,,,,,,,,,,,,,,,,
450,kendric pryor,26,CIN,WR,1,0,1,1,9,0,9,9.0,0,0.0,9.0,0.0,,0,0.0,104.2,628,0.16,,,,,,,,,,,,,,,,,,,,1.9,1.0,0.0
451,anthony richardson,22,IND,QB,11,11,1,1,-1,0,-8,-8.0,7,7.0,-8.0,0.0,,0,0.0,79.2,492,0.2,,,,,,,,,,,,,,,,,,,,,,
452,chris rodriguez,24,WAS,RB,9,0,1,1,12,1,1,1.0,11,11.0,1.0,0.0,,0,0.0,116.7,504,0.2,,,,,,,,,,,,,,,,,,,,,,
453,john ross,29,PHI,WR,1,0,2,1,6,1,4,4.0,2,2.0,23.5,0.0,,0,0.0,56.2,418,0.48,,,,,,,,,,,,,,,,,,,,1.6,1.6,0.0
454,cody schrader,25,LAR,RB,1,0,1,1,6,0,0,0.0,6,6.0,0.0,0.0,,0,0.0,91.7,541,0.18,,,,,,,,,,,,,,,,,,,,,,
455,trenton scott,30,WAS,T,17,1,1,1,1,1,1,1.0,0,0.0,1.0,0.0,,0,0.0,118.7,504,0.2,,,,,,,,,,,,,,,,,,,,,,
456,tyler scott,23,CHI,WR,11,0,1,1,5,0,-2,-2.0,7,7.0,-2.0,0.0,,0,0.0,87.5,527,0.19,,,,,,,,,,,,,,,,,,,,1.5,0.1,0.0
457,tyrell shavers,25,BUF,WR,3,0,1,1,69,1,-2,-2.0,71,71.0,-2.0,1.0,1.0,0,0.0,158.3,495,0.2,,,,,,,,,,,,,,,,,,,,13.9,4.6,1.0
458,john samuel shenker,26,LVR,TE,8,0,1,1,7,0,4,4.0,3,3.0,4.0,0.0,,0,0.0,95.8,592,0.17,,,,,,,,,,,,,,,,,,,,,,
459,dan skipper,30,DET,T,17,5,1,1,9,1,1,1.0,8,8.0,1.0,0.0,,0,0.0,143.7,522,0.19,,,,,,,,,,,,,,,,,,,,,,
460,tyler smith,23,DAL,LG,16,16,1,1,0,0,-6,-6.0,6,6.0,-6.0,0.0,,0,0.0,79.2,622,0.16,,,,,,,,,,,,,,,,,,,,,,
461,geoff swaim,31,CLE,TE,8,2,1,1,7,0,2,2.0,5,5.0,2.0,0.0,,0,0.0,95.8,634,0.16,,,,,,,,,,,,,,,,,,,,,,
462,trent taylor,30,SFO,WR,2,0,1,1,11,0,9,9.0,2,2.0,9.0,0.0,,0,0.0,112.5,513,0.19,,,,,,,,,,,,,,,,,,,,2.1,1.1,0.0
463,juanyeh thomas,24,DAL,S,13,0,1,1,4,0,4,4.0,0,0.0,4.0,0.0,,0,0.0,83.3,622,0.16,,,,,,,,,,,,,,,,,,,,,,
464,brycen tremayne,25,WAS,WR,2,0,1,1,-2,0,-2,-2.0,0,0.0,-2.0,0.0,,0,0.0,79.2,504,0.2,,,,,,,,,,,,,,,,,,,,0.8,0.4,0.0
465,ben vansumeren,24,PHI,LB,11,1,1,1,0,0,0,0.0,0,0.0,0.0,79.2,,VanSBe00,,,418,0.24,,,,,,,,,,,,,,,,,,,,,,
466,devontez walker,23,BAL,WR,9,0,3,1,21,1,21,21.0,0,0.0,28.0,0.0,,0,0.0,98.6,457,0.66,,,,,,,,,,,,,,,,,,,,9.1,1.3,1.0
467,casey washington,23,ATL,WR,8,0,2,1,14,1,3,3.0,11,11.0,18.0,0.0,,0,0.0,72.9,539,0.37,,,,,,,,,,,,,,,,,,,,2.4,1.2,0.0
468,blake watson,25,DEN,RB,2,0,2,1,13,0,-5,-5.0,18,18.0,-2.0,0.0,,1,50.0,70.8,549,0.36,,,,,,,,,,,,,,,,,,,,,,
469,jared wiley,24,KAN,TE,7,2,1,1,7,0,4,4.0,3,3.0,4.0,0.0,,0,0.0,95.8,572,0.17,,,,,,,,,,,,,,,,,,,,,,
470,shane zylstra,28,DET,TE,12,1,1,1,22,1,9,9.0,13,13.0,9.0,0.0,,0,0.0,118.7,522,0.19,,,,,,,,,,,,,,,,,,,,,,
471,rasheen ali,23,BAL,RB,6,0,2,0,0,0,0,,0,,-2.5,0.0,,1,50.0,39.6,457,0.44,,,,,,,,,,,,,,,,,,,,,,
472,josh allen,28,BUF,QB,17,17,0,0,7,0,0,,7,,,0.0,,0,,,495,0.0,,,,,,,,,,,,,,,,,,,,,,
473,brenden bates,25,CLE,TE,2,0,1,0,0,0,0,,0,,-2.0,0.0,,0,0.0,39.6,634,0.16,,,,,,,,,,,,,,,,,,,,,,
474,andrew beck,28,2TM,FB,4,0,2,0,0,0,0,,0,,10.5,0.0,,0,0.0,39.6,481,0.42,,,,,,,,,,,,,,,,,,,,,,
474,andrew beck,28,GNB,FB,3,0,1,0,0,0,0,,0,,-6.0,0.0,,0,0.0,39.6,464,0.22,,,,,,,,,,,,,,,,,,,,,,
474,andrew beck,28,HOU,FB,1,0,1,0,0,0,0,,0,,27.0,0.0,,0,0.0,39.6,547,0.18,,,,,,,,,,,,,,,,,,,,,,
475,braxton berrios,29,MIA,WR,6,0,4,0,0,0,0,,0,,6.5,0.0,,0,0.0,39.6,568,0.7,26,0.0,0.0,0.0,0.0,1.0,0.0,1.0,0.0%,0.0,0.0,2.8%,0.0,1.0,0.0%,0.0,0.0,6.7%,,0.0,0.0,0.0
476,jake brendel,32,SFO,C,17,17,0,0,2,0,0,,2,,,0.0,,0,,,513,0.0,,,,,,,,,,,,,,,,,,,,,,
477,irvin charles,27,NYJ,WR,13,0,1,0,0,0,0,,0,,3.0,0.0,,0,0.0,39.6,589,0.17,,,,,,,0.0,1.0,0.0%,0.0,0.0,1.6%,0.0,1.0,0.0%,0.0,0.0,3.3%,,0.0,0.0,0.0
478,baylor cupp,24,KAN,TE,1,0,1,0,0,0,0,,0,,0.0,0.0,,1,100.0,39.6,572,0.17,,,,,,,,,,,,,,,,,,,,,,
479,taylor decker,31,DET,LT,14,14,1,0,0,0,0,,0,,2.0,0.0,,0,0.0,39.6,522,0.19,,,,,,,,,,,,,,,,,,,,,,
480,erik ezukanma,24,MIA,WR,2,0,2,0,0,0,0,,0,,29.5,0.0,,0,0.0,39.6,568,0.35,,,,,,,,,,,,,,,,,,,,0.0,0.0,0.0
481,sam franklin,28,CAR,S,10,0,1,0,0,0,0,,0,,11.0,0.0,,0,0.0,39.6,518,0.19,,,,,,,,,,,,,,,,,,,,,,
482,zach frazier,23,PIT,C,15,15,0,0,-2,0,0,,-2,,,0.0,,0,,,460,0.0,,,,,,,,,,,,,,,,,,,,,,
483,cj goodwin,34,DAL,CB,17,0,1,0,0,0,0,,0,,7.0,0.0,,0,0.0,39.6,622,0.16,,,,,,,,,,,,,,,,,,,,,,
484,terrell jennings,23,NWE,RB,3,0,1,0,0,0,0,,0,,29.0,0.0,,0,0.0,39.6,500,0.2,,,,,,,,,,,,,,,,,,,,,,
485,kameron johnson,22,TAM,WR,5,0,1,0,0,0,0,,0,,3.0,0.0,,1,100.0,39.6,563,0.18,,,,,,,0.0,1.0,0.0%,0.0,0.0,2.4%,0.0,1.0,0.0%,0.0,0.0,3.8%,,1.1,0.2,0.0
486,tom kennedy,28,DET,WR,4,0,1,0,0,0,0,,0,,11.0,0.0,,0,0.0,39.6,522,0.19,,,,,,,,,,,,,,,,,,,,0.0,0.0,0.0
487,trevor lawrence,25,JAX,QB,10,10,0,0,-5,0,0,,-5,,,0.0,,0,,,522,0.0,,,,,,,,,,,,,,,,,,,,,,
488,jordan matthews,32,CAR,TE,4,1,1,0,0,0,0,,0,,16.0,0.0,,0,0.0,39.6,518,0.19,,,,,,,,,,,,,,,,,,,,0.0,0.0,0.0
489,skyy moore,24,KAN,WR,6,0,3,0,0,0,0,,0,,6.0,0.0,,2,66.7,39.6,572,0.52,,,,,,,,,,,,,,,,,,,,0.0,0.0,0.0
490,james pierre,28,PIT,CB,15,2,1,0,0,0,0,,0,,14.0,0.0,,1,100.0,39.6,460,0.22,,,,,,,,,,,,,,,,,,,,,,
491,adam prentice,27,NOR,FB,17,7,4,0,0,0,0,,0,,1.0,0.0,,1,25.0,39.6,517,0.77,,,,,,,,,,,,,,,,,,,,,,
492,dominick puni,24,SFO,RG,17,17,0,0,-3,0,0,,-3,,,0.0,,0,,,513,0.0,,,,,,,,,,,,,,,,,,,,,,
493,justyn ross,25,KAN,WR,2,0,1,0,0,0,0,,0,,10.0,0.0,,0,0.0,39.6,572,0.17,,,,,,,0.0,1.0,0.0%,0.0,0.0,2.0%,0.0,1.0,0.0%,0.0,0.0,4.5%,,0.0,0.0,0.0
494,cj stroud,23,HOU,QB,17,17,1,0,0,0,0,,0,,10.0,0.0,,0,0.0,39.6,547,0.18,,,,,,,,,,,,,,,,,,,,,,
495,stephen sullivan,28,CAR,TE,1,0,1,0,0,0,0,,0,,16.0,0.0,,0,0.0,39.6,518,0.19,,,,,,,,,,,,,,,,,,,,,,
496,kadarius toney,25,CLE,WR,3,0,1,0,0,0,0,,0,,-5.0,0.0,,0,0.0,39.6,634,0.16,,,,,,,,,,,,,,,,,,,,-2.4,-0.8,0.0
497,xavier weaver,24,ARI,WR,2,0,2,0,0,0,0,,0,,19.5,0.0,,0,0.0,39.6,523,0.38,,,,,,,,,,,,,,,,,,,,0.0,0.0,0.0
498,brayden willis,25,SFO,TE,10,0,2,0,0,0,0,,0,,5.5,0.0,,1,50.0,39.6,513,0.39,,,,,,,,,,,,,,,,,,,,,,
499,tristan wirfs,25,TAM,LT,16,16,0,0,9,0,0,,9,,,0.0,,0,,,563,0.0,,,,,,,,,,,,,,,,,,,,,,
500,dareke young,25,SEA,WR,14,0,1,0,0,0,0,,0,,9.0,0.0,,0,0.0,39.6,569,0.18,,,,,,,,,,,,,,,,,,,,0.0,0.0,0.0
