Rk,Player,Age,Team,Pos,G,GS,Att,Yds,1D,YBC,YBC/Att,YAC,YAC/Att,BrkTkl,Att/Br,TK LOSS,TK LOSS YDS,REC,TGT,RZ TGT_x,Rush TD,Rec TD,Rec YDS,FPTS,FPTS/G,RZ YDS,RZ TD,RZ PCT,RZ REC,RZ TGT_y,RZ REC TD,RZ REC TGT PCT,RZ FPTS,RZ FPTS/G,XFP,TD/G,XTD,fpts_diff,tds_diff
1,saquon barkley,27,PHI,RB,16,16,345,2005,82,1328,3.8,677,2.0,19,18.2,33.0,-80.0,33.0,43.0,9.0,13.0,2.0,278.0,355.3,22.2,212.0,6.0,74.4%,9.0,11.0,2.0,73.3%,85.1,5.3,16.9,0.9,0.74,5.3,0.16
2,derrick henry,30,BAL,RB,17,17,325,1921,94,1012,3.1,909,2.8,42,7.7,26.0,-55.0,19.0,22.0,5.0,16.0,2.0,193.0,336.4,19.8,156.0,12.0,85.5%,4.0,4.0,2.0,30.8%,106.1,6.2,13.9,1.1,0.72,5.9,0.38
3,kyren williams,24,LAR,RB,16,16,316,1299,85,693,2.2,606,1.9,27,11.7,28.0,-55.0,34.0,40.0,8.0,14.0,2.0,182.0,272.1,17.0,200.0,14.0,88.6%,7.0,9.0,2.0,100.0%,124.8,7.8,17.0,1.0,0.87,0.0,0.13
4,bijan robinson,22,ATL,RB,17,17,304,1456,82,728,2.4,728,2.4,23,13.2,23.0,-66.0,61.0,72.0,7.0,14.0,1.0,431.0,341.7,20.1,121.0,11.0,67.1%,6.0,6.0,1.0,85.7%,94.2,5.5,18.0,0.9,0.7,2.1,0.2
5,jonathan taylor,25,IND,RB,14,13,303,1431,71,859,2.8,572,1.9,15,20.2,29.0,-55.0,18.0,31.0,3.0,11.0,1.0,136.0,244.7,17.5,107.0,6.0,73.0%,2.0,3.0,1.0,42.9%,55.8,4.0,17.1,0.9,0.82,0.4,0.08
6,josh jacobs,26,GNB,RB,17,17,301,1329,73,592,2.0,737,2.4,35,8.6,28.0,-45.0,36.0,43.0,4.0,15.0,1.0,342.0,293.1,17.2,143.0,13.0,72.5%,3.0,4.0,1.0,44.4%,100.7,5.9,15.6,0.9,0.81,1.6,0.09
7,najee harris,26,PIT,RB,17,17,263,1043,50,502,1.9,541,2.1,22,12.0,22.0,-49.0,36.0,48.0,4.0,6.0,0.0,283.0,204.6,12.0,125.0,4.0,70.8%,4.0,4.0,0.0,30.8%,43.8,2.6,12.9,0.4,0.45,-0.9,-0.05
8,tony pollard,27,TEN,RB,16,16,260,1079,53,521,2.0,558,2.1,22,11.8,25.0,-61.0,41.0,57.0,3.0,5.0,0.0,238.0,200.7,12.5,100.0,3.0,65.2%,2.0,3.0,0.0,50.0%,32.4,2.0,15.0,0.3,0.34,-2.5,-0.04
9,aaron jones,30,MIN,RB,17,17,255,1138,49,614,2.4,524,2.1,11,23.2,21.0,-36.0,51.0,62.0,17.0,5.0,2.0,408.0,241.6,14.2,86.0,4.0,70.0%,12.0,16.0,2.0,76.2%,59.0,3.5,15.6,0.4,0.76,-1.4,-0.36
10,dandre swift,25,CHI,RB,17,17,253,959,43,511,2.0,448,1.8,7,36.1,31.0,-78.0,42.0,52.0,0.0,6.0,0.0,386.0,214.5,12.6,59.0,2.0,61.2%,0.0,0.0,0.0,0.0%,17.9,1.1,13.6,0.4,0.48,-1.0,-0.08
11,jahmyr gibbs,22,DET,RB,17,4,250,1412,70,813,3.3,599,2.4,21,11.9,19.0,-58.0,52.0,63.0,11.0,16.0,4.0,517.0,362.9,21.3,141.0,10.0,47.6%,9.0,12.0,2.0,80.0%,97.3,5.7,15.3,1.2,0.74,6.0,0.46
12,chuba hubbard,25,CAR,RB,15,15,250,1195,62,656,2.6,539,2.2,14,17.9,15.0,-28.0,43.0,54.0,11.0,10.0,1.0,171.0,241.6,16.1,117.0,8.0,83.3%,8.0,11.0,1.0,64.7%,77.1,5.1,16.8,0.7,0.8,-0.7,-0.1
13,joe mixon,28,HOU,RB,14,14,245,1016,52,549,2.2,467,1.9,19,12.9,36.0,-81.0,36.0,52.0,7.0,11.0,1.0,309.0,240.5,17.2,126.0,10.0,87.5%,3.0,7.0,1.0,53.8%,83.6,6.0,17.2,0.9,0.8,0.0,0.1
14,james conner,29,ARI,RB,16,16,236,1094,67,528,2.2,566,2.4,24,9.8,21.0,-52.0,47.0,55.0,5.0,8.0,1.0,414.0,253.8,15.9,162.0,8.0,87.9%,5.0,5.0,1.0,50.0%,77.5,4.8,14.6,0.6,0.6,1.3,0.0
15,rico dowdle,26,DAL,RB,16,15,235,1079,53,570,2.4,509,2.2,11,21.4,19.0,-39.0,39.0,49.0,5.0,2.0,3.0,249.0,197.8,12.4,58.0,1.0,52.8%,4.0,5.0,2.0,71.4%,27.3,1.7,13.3,0.3,0.38,-0.9,-0.08
16,chase brown,24,CIN,RB,16,10,229,990,49,599,2.6,391,1.7,23,10.0,19.0,-40.0,54.0,65.0,12.0,7.0,4.0,360.0,255.0,15.9,94.0,6.0,73.8%,10.0,14.0,4.0,82.4%,85.4,5.3,16.1,0.7,0.83,-0.2,-0.13
17,alvin kamara,29,NOR,RB,14,14,228,950,52,548,2.4,402,1.8,13,17.5,29.0,-65.0,68.0,89.0,5.0,6.0,2.0,543.0,265.3,19.0,109.0,6.0,76.1%,3.0,6.0,0.0,75.0%,51.3,3.7,19.3,0.6,0.53,-0.3,0.07
18,breece hall,23,NYJ,RB,16,16,209,876,40,432,2.1,444,2.1,7,29.9,21.0,-53.0,57.0,76.0,8.0,5.0,3.0,483.0,240.9,15.1,65.0,5.0,65.7%,6.0,8.0,0.0,66.7%,45.9,2.9,15.5,0.5,0.47,-0.4,0.03
19,james cook,25,BUF,RB,16,16,207,1009,48,530,2.6,479,2.3,14,14.8,21.0,-37.0,32.0,38.0,3.0,16.0,2.0,258.0,266.7,16.7,132.0,11.0,62.7%,4.0,5.0,2.0,38.5%,98.0,6.1,12.6,1.1,0.67,4.1,0.43
20,bucky irving,22,TAM,RB,17,3,207,1122,52,566,2.7,556,2.7,12,17.3,16.0,-36.0,47.0,52.0,8.0,8.0,0.0,392.0,244.4,14.4,129.0,7.0,57.4%,7.0,7.0,0.0,38.9%,64.9,3.8,12.6,0.5,0.56,1.8,-0.06
21,rhamondre stevenson,26,NWE,RB,15,14,207,801,40,370,1.8,431,2.1,14,14.8,20.0,-51.0,33.0,41.0,9.0,7.0,1.0,168.0,175.9,11.7,97.0,6.0,73.2%,9.0,11.0,1.0,84.6%,64.0,4.3,14.0,0.5,0.63,-2.3,-0.13
22,devon achane,23,MIA,RB,17,16,203,907,37,486,2.4,421,2.1,7,29.0,36.0,-73.0,78.0,87.0,14.0,6.0,6.0,592.0,299.9,17.6,39.0,4.0,60.3%,12.0,14.0,6.0,77.8%,85.0,5.0,17.2,0.7,0.7,0.4,0.0
23,kareem hunt,29,KAN,RB,13,8,200,728,42,399,2.0,329,1.6,7,28.6,11.0,-16.0,23.0,32.0,10.0,7.0,0.0,176.0,155.4,12.0,99.0,7.0,66.2%,7.0,10.0,0.0,62.5%,61.1,4.7,14.4,0.5,0.82,-2.4,-0.32
24,jk dobbins,26,LAC,RB,13,11,195,905,47,416,2.1,489,2.5,24,8.1,18.0,-33.0,32.0,38.0,5.0,9.0,0.0,153.0,191.8,14.8,74.0,7.0,43.9%,5.0,5.0,0.0,100.0%,56.2,4.3,14.0,0.7,0.53,0.8,0.17
25,tyrone tracy,25,NYG,RB,17,12,192,839,39,511,2.7,328,1.7,6,32.0,13.0,-25.0,38.0,53.0,5.0,5.0,1.0,284.0,182.3,10.7,52.0,3.0,56.4%,4.0,5.0,1.0,71.4%,32.7,1.9,11.1,0.4,0.32,-0.4,0.08
26,brian robinson,25,WAS,RB,14,13,187,799,47,378,2.0,421,2.3,10,18.7,18.0,-38.0,20.0,25.0,4.0,8.0,0.0,159.0,159.8,11.4,120.0,7.0,48.8%,2.0,4.0,0.0,44.4%,54.7,3.9,11.8,0.6,0.67,-0.4,-0.07
27,david montgomery,27,DET,RB,14,14,185,775,50,347,1.9,428,2.3,19,9.7,13.0,-19.0,36.0,38.0,3.0,12.0,0.0,341.0,221.7,15.8,161.0,12.0,47.6%,3.0,3.0,0.0,20.0%,96.4,6.9,13.9,0.9,0.76,1.9,0.14
28,tank bigsby,23,JAX,RB,16,1,168,766,39,295,1.8,471,2.8,14,12.0,12.0,-18.0,7.0,12.0,0.0,7.0,0.0,54.0,129.0,8.1,130.0,5.0,55.2%,0.0,0.0,0.0,0.0%,43.0,2.7,8.5,0.5,0.46,-0.4,0.04
29,jordan mason,25,SFO,RB,12,6,153,789,37,441,2.9,348,2.3,13,11.8,15.0,-31.0,11.0,14.0,2.0,3.0,0.0,91.0,115.0,9.6,107.0,3.0,50.0%,2.0,3.0,0.0,30.0%,30.7,2.6,9.7,0.3,0.45,-0.1,-0.15
30,kenneth walker,24,SEA,RB,11,11,153,573,28,263,1.7,310,2.0,13,11.8,20.0,-52.0,46.0,53.0,8.0,7.0,1.0,299.0,181.2,16.5,41.0,5.0,47.9%,8.0,10.0,1.0,90.9%,52.4,4.8,16.8,0.7,0.72,-0.3,-0.02
31,travis etienne,25,JAX,RB,15,15,150,558,31,283,1.9,275,1.8,3,50.0,17.0,-41.0,39.0,52.0,5.0,2.0,0.0,254.0,130.2,8.7,48.0,2.0,34.5%,3.0,5.0,0.0,62.5%,18.8,1.3,11.4,0.1,0.32,-2.7,-0.22
34,rachaad white,25,TAM,RB,16,15,144,613,35,231,1.6,382,2.7,9,16.0,17.0,-36.0,51.0,57.0,10.0,3.0,6.0,393.0,199.6,12.5,48.0,3.0,34.4%,11.0,11.0,5.0,61.1%,71.6,4.5,11.2,0.6,0.38,1.3,0.22
36,javonte williams,24,DEN,RB,17,11,139,513,30,258,1.9,255,1.8,4,34.8,17.0,-36.0,52.0,70.0,4.0,4.0,0.0,346.0,157.9,9.3,64.0,4.0,51.9%,1.0,3.0,0.0,30.0%,32.5,1.9,11.6,0.2,0.41,-2.3,-0.21
37,tyler allgeier,24,ATL,RB,17,0,137,644,43,288,2.1,356,2.6,7,19.6,11.0,-18.0,13.0,13.0,0.0,3.0,0.0,88.0,106.2,6.2,49.0,3.0,32.9%,1.0,1.0,0.0,14.3%,24.2,1.4,6.1,0.2,0.28,0.1,-0.08
38,zach charbonnet,23,SEA,RB,17,6,135,569,32,267,2.0,302,2.2,12,11.3,15.0,-17.0,42.0,52.0,1.0,8.0,1.0,340.0,186.9,11.0,53.0,6.0,45.8%,1.0,1.0,0.0,9.1%,43.5,2.6,9.8,0.5,0.41,1.2,0.09
39,alexander mattison,26,LVR,RB,14,7,132,420,25,209,1.6,211,1.6,7,18.9,17.0,-30.0,36.0,48.0,1.0,4.0,1.0,294.0,137.4,9.8,40.0,4.0,45.8%,1.0,1.0,0.0,12.5%,29.0,2.1,12.3,0.4,0.49,-2.5,-0.09
40,antonio gibson,26,NWE,RB,17,3,120,538,24,215,1.8,323,2.7,12,10.0,15.0,-28.0,23.0,29.0,2.0,1.0,0.0,206.0,103.4,6.1,40.0,1.0,25.0%,1.0,1.0,0.0,7.7%,11.7,0.7,6.4,0.1,0.15,-0.3,-0.05
41,jaylen warren,26,PIT,RB,15,0,120,511,28,279,2.3,232,1.9,10,12.0,12.0,-21.0,38.0,47.0,6.0,1.0,0.0,310.0,124.1,8.3,41.0,1.0,26.2%,3.0,7.0,0.0,53.8%,12.7,0.8,9.4,0.1,0.26,-1.1,-0.16
42,ray davis,25,BUF,RB,17,0,113,442,25,217,1.9,225,2.0,6,18.8,11.0,-21.0,17.0,19.0,2.0,3.0,3.0,189.0,116.1,6.8,86.0,3.0,25.4%,1.0,1.0,1.0,7.7%,34.1,2.0,5.5,0.4,0.2,1.3,0.2
43,jaleel mclaughlin,24,DEN,RB,16,5,113,496,25,302,2.7,194,1.7,8,14.1,14.0,-38.0,24.0,27.0,3.0,1.0,2.0,76.0,97.2,6.1,22.0,1.0,23.1%,3.0,3.0,2.0,30.0%,24.3,1.5,6.4,0.2,0.2,-0.3,0.0
44,devin singletary,27,NYG,RB,15,5,113,437,24,206,1.8,231,2.0,10,11.3,6.0,-17.0,21.0,24.0,0.0,4.0,0.0,119.0,96.6,6.0,31.0,4.0,28.2%,0.0,0.0,0.0,0.0%,27.1,1.7,7.1,0.3,0.21,-1.1,0.09
45,jerome ford,25,CLE,RB,14,6,104,565,25,345,3.3,220,2.1,5,20.8,11.0,-26.0,37.0,43.0,1.0,3.0,0.0,225.0,134.0,9.6,25.0,2.0,25.6%,1.0,1.0,0.0,33.3%,15.8,1.1,8.8,0.2,0.17,0.8,0.03
46,cam akers,25,2TM,RB,17,2,104,444,21,226,2.2,218,2.1,7,14.9,19.0,-37.0,14.0,18.0,4.0,2.0,3.0,68.0,93.2,5.8,23.0,2.0,18.3%,3.0,4.0,3.0,19.0%,35.3,2.2,5.8,0.3,0.2,0.0,0.1
46,cam akers,25,HOU,RB,5,2,40,147,5,84,2.1,63,1.6,2,20.0,19.0,-37.0,14.0,18.0,4.0,2.0,3.0,68.0,93.2,5.8,23.0,2.0,18.3%,3.0,4.0,3.0,19.0%,35.3,2.2,5.8,0.3,0.2,0.0,0.1
46,cam akers,25,MIN,RB,12,0,64,297,16,142,2.2,155,2.4,5,12.8,19.0,-37.0,14.0,18.0,4.0,2.0,3.0,68.0,93.2,5.8,23.0,2.0,18.3%,3.0,4.0,3.0,19.0%,35.3,2.2,5.8,0.3,0.2,0.0,0.1
47,emanuel wilson,25,GNB,RB,17,0,103,502,27,260,2.5,242,2.3,9,11.4,7.0,-14.0,11.0,14.0,2.0,4.0,1.0,48.0,96.0,5.6,32.0,3.0,17.5%,2.0,2.0,0.0,22.2%,23.5,1.4,5.2,0.3,0.22,0.4,0.08
49,nick chubb,29,CLE,RB,8,8,102,332,17,170,1.7,162,1.6,4,25.5,11.0,-17.0,5.0,11.0,1.0,3.0,1.0,31.0,63.3,7.9,34.0,3.0,46.2%,1.0,1.0,1.0,33.3%,28.9,3.6,9.6,0.4,0.45,-1.7,-0.05
50,gus edwards,29,LAC,RB,11,6,101,365,17,125,1.2,240,2.4,9,11.2,6.0,-17.0,3.0,5.0,0.0,4.0,0.0,6.0,64.1,5.8,59.0,4.0,35.1%,0.0,0.0,0.0,0.0%,29.9,2.7,6.5,0.4,0.34,-0.7,0.06
51,braelon allen,20,NYJ,RB,17,2,92,334,22,143,1.6,191,2.1,4,23.0,7.0,-9.0,19.0,27.0,1.0,2.0,1.0,148.0,85.2,5.0,42.0,2.0,25.7%,1.0,1.0,1.0,8.3%,24.4,1.4,5.5,0.2,0.13,-0.5,0.07
54,raheem mostert,32,MIA,RB,13,1,85,278,13,143,1.7,135,1.6,1,85.0,14.0,-27.0,19.0,23.0,2.0,2.0,0.0,161.0,70.9,5.5,19.0,2.0,25.9%,1.0,2.0,0.0,11.1%,15.1,1.2,6.8,0.2,0.24,-1.3,-0.04
55,isaac guerendo,24,SFO,RB,16,3,84,420,18,180,2.1,240,2.9,3,28.0,6.0,-7.0,15.0,16.0,0.0,4.0,0.0,152.0,94.2,5.9,49.0,4.0,20.6%,0.0,0.0,0.0,0.0%,28.9,1.8,5.0,0.3,0.19,0.9,0.11
56,tyjae spears,23,TEN,RB,12,1,84,312,19,128,1.5,184,2.2,13,6.5,11.0,-24.0,30.0,35.0,2.0,4.0,1.0,224.0,113.6,9.5,34.0,4.0,26.1%,3.0,3.0,1.0,50.0%,40.1,3.3,8.9,0.4,0.27,0.6,0.13
57,isiah pacheco,25,KAN,RB,7,6,83,310,14,182,2.2,128,1.5,0,,5.0,-10.0,12.0,16.0,1.0,1.0,0.0,79.0,56.9,8.1,32.0,1.0,15.4%,1.0,1.0,0.0,6.3%,10.3,1.5,10.8,0.1,0.36,-2.7,-0.26
60,austin ekeler,29,WAS,RB,12,6,77,367,19,231,3.0,136,1.8,3,25.7,6.0,-8.0,35.0,41.0,3.0,4.0,0.0,366.0,132.3,11.0,80.0,3.0,23.3%,2.0,3.0,0.0,33.3%,28.7,2.4,9.4,0.3,0.36,1.6,-0.06
61,audric estime,21,DEN,RB,13,1,76,310,15,134,1.8,176,2.3,3,25.3,4.0,-6.0,5.0,5.0,0.0,2.0,0.0,27.0,48.7,3.7,32.0,1.0,19.2%,0.0,0.0,0.0,0.0%,9.2,0.7,4.2,0.2,0.13,-0.5,0.07
62,kenneth gainwell,25,PHI,RB,17,1,75,290,12,162,2.2,128,1.7,3,25.0,6.0,-11.0,16.0,22.0,3.0,1.0,0.0,116.0,62.6,3.7,90.0,1.0,24.4%,3.0,3.0,0.0,20.0%,21.5,1.3,4.6,0.1,0.2,-0.9,-0.1
63,ezekiel elliott,29,DAL,RB,15,2,74,226,14,115,1.6,111,1.5,2,37.0,6.0,-12.0,12.0,15.0,2.0,3.0,0.0,69.0,57.5,3.8,18.0,3.0,38.9%,1.0,2.0,0.0,28.6%,19.7,1.3,4.7,0.2,0.2,-0.9,0.0
64,zack moss,27,CIN,RB,8,6,74,242,13,166,2.2,76,1.0,4,18.5,6.0,-11.0,23.0,27.0,3.0,2.0,1.0,187.0,81.9,9.1,43.0,2.0,26.2%,2.0,3.0,1.0,17.6%,24.8,2.8,11.4,0.4,0.5,-2.3,-0.1
65,donta foreman,28,CLE,RB,11,3,71,232,10,131,1.8,101,1.4,0,,2.0,-2.0,6.0,8.0,0.0,0.0,0.0,54.0,32.6,3.3,9.0,0.0,28.2%,0.0,0.0,0.0,0.0%,-1.1,-0.1,5.4,0.0,0.28,-2.1,-0.28
67,jaylen wright,21,MIA,RB,15,1,68,249,11,126,1.9,123,1.8,3,22.7,15.0,-40.0,3.0,6.0,1.0,0.0,0.0,8.0,26.7,1.8,13.0,0.0,8.6%,1.0,1.0,0.0,5.6%,2.3,0.2,3.0,0.0,0.07,-1.2,-0.07
70,ameer abdullah,31,LVR,RB,16,3,66,311,14,183,2.8,128,1.9,5,13.2,3.0,-7.0,40.0,47.0,6.0,2.0,3.0,261.0,125.2,8.3,51.0,2.0,27.1%,6.0,6.0,3.0,75.0%,42.1,2.8,8.9,0.4,0.31,-0.6,0.09
72,zamir white,25,LVR,RB,8,5,65,183,4,93,1.4,90,1.4,4,16.3,4.0,-12.0,6.0,8.0,0.0,1.0,0.0,30.0,29.3,3.7,16.0,1.0,14.6%,0.0,0.0,0.0,0.0%,7.6,1.0,6.4,0.1,0.22,-2.7,-0.12
73,trey benson,21,ARI,RB,13,1,63,291,16,157,2.5,134,2.1,4,15.8,4.0,-6.0,6.0,6.0,0.0,1.0,0.0,59.0,47.0,3.6,7.0,1.0,5.2%,0.0,0.0,0.0,0.0%,6.7,0.5,3.3,0.1,0.07,0.3,0.03
76,blake corum,24,LAR,RB,17,1,58,207,12,122,2.1,85,1.5,0,,5.0,-10.0,7.0,8.0,0.0,0.0,0.0,58.0,33.5,2.2,23.0,0.0,10.1%,0.0,0.0,0.0,0.0%,2.3,0.2,3.3,0.0,0.13,-1.1,-0.13
78,ty chandler,26,MIN,RB,17,0,56,182,9,128,2.3,54,1.0,0,,6.0,-13.0,6.0,6.0,1.0,0.0,0.0,42.0,28.4,1.9,11.0,0.0,8.3%,1.0,1.0,0.0,4.8%,2.6,0.2,4.0,0.0,0.13,-2.1,-0.13
79,trey sermon,25,IND,RB,17,3,56,159,14,75,1.3,84,1.5,3,18.7,7.0,-18.0,16.0,19.0,3.0,2.0,0.0,99.0,53.8,3.6,35.0,2.0,18.9%,2.0,2.0,0.0,28.6%,17.8,1.2,4.2,0.1,0.2,-0.6,-0.1
80,carson steele,22,KAN,RB,17,3,56,183,14,87,1.6,96,1.7,2,28.0,5.0,-17.0,7.0,11.0,1.0,0.0,0.0,26.0,23.9,1.5,30.0,0.0,15.4%,1.0,2.0,0.0,12.5%,4.2,0.3,3.1,0.0,0.1,-1.6,-0.1
81,roschon johnson,23,CHI,RB,14,0,55,150,17,80,1.5,70,1.3,0,,4.0,-10.0,16.0,20.0,2.0,6.0,0.0,104.0,77.4,6.0,27.0,6.0,28.6%,1.0,2.0,0.0,100.0%,40.7,3.1,5.8,0.5,0.37,0.2,0.13
82,jeremy mcnichols,29,WAS,RB,17,1,55,261,15,97,1.8,164,3.0,7,7.9,6.0,-13.0,9.0,12.0,2.0,4.0,0.0,27.0,63.8,3.8,39.0,3.0,15.1%,2.0,2.0,0.0,22.2%,25.0,1.5,3.0,0.3,0.1,0.8,0.2
83,miles sanders,27,CAR,RB,11,2,55,205,12,124,2.3,81,1.5,2,27.5,6.0,-14.0,24.0,30.0,2.0,2.0,1.0,148.0,77.3,7.0,11.0,1.0,7.4%,3.0,4.0,0.0,23.5%,11.8,1.1,7.0,0.3,0.19,0.0,0.11
87,christian mccaffrey,28,SFO,RB,4,4,50,202,12,116,2.3,86,1.7,3,16.7,5.0,-11.0,15.0,19.0,4.0,0.0,0.0,146.0,47.8,12.0,16.0,0.0,10.3%,3.0,4.0,0.0,40.0%,6.0,1.5,14.0,0.0,0.3,-2.0,-0.3
88,sean tucker,23,TAM,RB,17,0,50,308,17,179,3.6,129,2.6,5,10.0,1.0,-1.0,9.0,12.0,0.0,2.0,1.0,109.0,68.7,4.0,16.0,2.0,8.2%,0.0,0.0,0.0,0.0%,13.6,0.8,3.8,0.3,0.14,0.2,0.16
89,jamaal williams,29,NOR,RB,14,1,48,164,11,92,1.9,72,1.5,0,,8.0,-14.0,9.0,11.0,1.0,1.0,0.0,57.0,37.1,2.7,27.0,1.0,15.2%,0.0,1.0,0.0,12.5%,8.7,0.6,2.9,0.1,0.1,-0.2,0.0
90,justice hill,27,BAL,RB,15,0,47,228,14,90,1.9,138,2.9,6,7.8,5.0,-10.0,42.0,51.0,8.0,1.0,3.0,383.0,127.1,8.5,9.0,0.0,9.7%,6.0,8.0,2.0,61.5%,25.1,1.7,6.2,0.2,0.13,2.3,0.07
92,kimani vidal,23,LAC,RB,10,0,43,155,7,83,1.9,72,1.7,3,14.3,3.0,-6.0,5.0,9.0,0.0,0.0,1.0,62.0,32.7,3.3,5.0,0.0,8.8%,0.0,0.0,0.0,0.0%,0.5,0.1,3.7,0.1,0.06,-0.4,0.04
97,ty johnson,27,BUF,RB,17,1,41,213,13,106,2.6,107,2.6,2,20.5,5.0,-7.0,18.0,25.0,6.0,1.0,3.0,284.0,91.7,5.4,30.0,1.0,11.9%,5.0,7.0,2.0,53.8%,30.5,1.8,4.1,0.2,0.17,1.3,0.03
98,dameon pierce,24,HOU,RB,11,0,40,293,7,77,1.9,216,5.4,6,6.7,1.0,-1.0,2.0,4.0,1.0,2.0,0.0,2.0,43.5,4.0,4.0,0.0,3.1%,0.0,0.0,0.0,0.0%,0.4,0.0,2.7,0.2,0.05,1.3,0.15
100,sincere mccormick,24,LVR,RB,5,2,39,183,10,90,2.3,93,2.4,5,7.8,5.0,-9.0,6.0,7.0,1.0,0.0,0.0,29.0,27.2,6.8,9.0,0.0,10.4%,1.0,1.0,0.0,12.5%,2.2,0.6,5.7,0.0,0.17,1.1,-0.17
101,kendre miller,22,NOR,RB,6,2,39,148,11,55,1.4,93,2.4,6,6.5,8.0,-20.0,5.0,8.0,0.0,1.0,0.0,33.0,29.1,4.2,0.0,1.0,6.5%,0.0,0.0,0.0,0.0%,6.0,0.9,5.7,0.2,0.07,-1.5,0.13
102,patrick taylor,26,SFO,RB,13,1,39,183,11,89,2.3,94,2.4,0,,1.0,-3.0,3.0,11.0,1.0,1.0,0.0,25.0,29.8,3.3,36.0,1.0,14.7%,0.0,1.0,0.0,10.0%,9.6,1.1,6.0,0.1,0.3,-2.7,-0.2
103,chris brooks,24,GNB,RB,15,0,36,183,12,74,2.1,109,3.0,6,6.0,1.0,-1.0,11.0,13.0,3.0,1.0,0.0,69.0,42.2,3.2,33.0,1.0,10.0%,2.0,3.0,0.0,33.3%,11.4,0.9,3.5,0.1,0.1,-0.3,0.0
104,khalil herbert,26,2TM,RB,14,1,36,130,10,74,2.1,56,1.6,0,,2.0,-2.0,10.0,11.0,3.0,1.0,0.0,25.0,31.5,2.6,4.0,1.0,10.2%,0.0,0.0,0.0,0.0%,6.4,0.5,3.2,0.1,0.18,-0.6,-0.08
104,khalil herbert,26,CHI,RB,6,0,8,16,3,6,0.8,10,1.3,0,,2.0,-2.0,10.0,11.0,3.0,1.0,0.0,25.0,31.5,2.6,4.0,1.0,10.2%,0.0,0.0,0.0,0.0%,6.4,0.5,3.2,0.1,0.18,-0.6,-0.08
104,khalil herbert,26,CIN,RB,8,1,28,114,7,68,2.4,46,1.6,0,,2.0,-2.0,10.0,11.0,3.0,1.0,0.0,25.0,31.5,2.6,4.0,1.0,10.2%,0.0,0.0,0.0,0.0%,6.4,0.5,3.2,0.1,0.18,-0.6,-0.08
105,michael carter,25,ARI,RB,3,1,35,131,9,81,2.3,50,1.4,1,35.0,2.0,-2.0,11.0,11.0,2.0,1.0,0.0,57.0,35.8,9.0,8.0,0.0,5.2%,0.0,0.0,0.0,0.0%,0.8,0.2,,,,,
107,chris rodriguez,24,WAS,RB,9,0,35,173,10,62,1.8,111,3.2,1,35.0,1.0,-3.0,1.0,1.0,0.0,2.0,0.0,12.0,31.5,3.9,40.0,2.0,12.8%,0.0,0.0,0.0,0.0%,16.0,2.0,3.8,0.3,0.27,0.1,0.03
108,hassan haskins,25,LAC,RB,17,0,34,89,13,39,1.1,50,1.5,0,,0.0,0.0,3.0,3.0,0.0,2.0,1.0,49.0,32.8,2.2,11.0,1.0,12.3%,0.0,0.0,0.0,0.0%,7.1,0.5,2.8,0.2,0.29,-0.6,-0.09
109,tyler goodson,24,IND,RB,16,0,32,153,6,93,2.9,60,1.9,0,,3.0,-3.0,11.0,15.0,2.0,1.0,1.0,61.0,44.4,2.8,12.0,1.0,8.1%,2.0,2.0,1.0,28.6%,16.7,1.0,2.8,0.1,0.11,0.0,-0.01
110,dernest johnson,28,JAX,RB,14,1,32,143,7,79,2.5,64,2.0,0,,3.0,-3.0,12.0,19.0,3.0,0.0,0.0,96.0,35.9,3.0,23.0,0.0,10.3%,0.0,3.0,0.0,37.5%,2.3,0.2,3.5,0.0,0.11,-0.5,-0.11
111,cordarrelle patterson,33,PIT,RB,13,1,32,135,7,46,1.4,89,2.8,3,10.7,3.0,-10.0,12.0,14.0,2.0,0.0,1.0,80.0,37.5,2.9,-2.0,0.0,1.5%,2.0,2.0,1.0,15.4%,9.4,0.7,2.9,0.1,0.07,0.0,0.03
112,kenny mcintosh,24,SEA,RB,17,0,31,172,8,97,3.1,75,2.4,5,6.2,0.0,0.0,3.0,4.0,0.0,0.0,0.0,22.0,22.4,1.9,3.0,0.0,6.3%,0.0,0.0,0.0,0.0%,0.3,0.0,3.0,0.0,0.04,-1.1,-0.04
113,craig reynolds,28,DET,RB,17,0,31,139,6,91,2.9,48,1.5,1,31.0,3.0,-4.0,3.0,5.0,0.0,0.0,0.0,40.0,20.9,1.5,3.0,0.0,1.9%,0.0,0.0,0.0,0.0%,0.3,0.0,1.7,0.0,0.03,-0.2,-0.03
115,isaiah davis,22,NYJ,RB,17,0,30,174,10,66,2.2,108,3.6,4,7.5,2.0,-6.0,9.0,12.0,3.0,1.0,1.0,75.0,45.9,3.3,20.0,1.0,8.6%,2.0,3.0,1.0,25.0%,17.9,1.3,4.5,0.2,0.15,-1.2,0.05
116,dare ogunbowale,30,HOU,RB,17,1,30,112,5,70,2.3,42,1.4,1,30.0,6.0,-9.0,19.0,28.0,5.0,0.0,1.0,198.0,56.0,3.3,6.0,0.0,6.3%,2.0,6.0,1.0,46.2%,9.3,0.5,3.5,0.1,0.13,-0.2,-0.03
117,will shipley,22,PHI,RB,16,1,30,82,2,44,1.5,38,1.3,0,,1.0,-4.0,4.0,4.0,1.0,0.0,0.0,35.0,15.7,1.2,1.0,0.0,1.2%,0.0,0.0,0.0,0.0%,0.1,0.0,2.6,0.0,0.06,-1.4,-0.06
123,pierre strong,26,CLE,RB,14,0,26,108,6,69,2.7,39,1.5,0,,1.0,-5.0,14.0,22.0,1.0,0.0,0.0,104.0,35.2,2.7,0.0,0.0,0.0%,1.0,1.0,0.0,33.3%,1.3,0.1,3.6,0.0,0.02,-0.9,-0.02
127,emari demercado,25,ARI,RB,13,0,24,223,8,86,3.6,137,5.7,3,8.0,1.0,-1.0,16.0,20.0,3.0,1.0,0.0,104.0,54.7,4.2,0.0,0.0,0.0%,4.0,4.0,0.0,40.0%,5.8,0.4,3.3,0.1,0.03,0.9,0.07
129,julius chestnut,24,TEN,RB,17,0,22,102,2,55,2.5,47,2.1,2,11.0,2.0,-2.0,2.0,3.0,0.0,0.0,0.0,11.0,13.3,1.0,28.0,0.0,8.7%,0.0,0.0,0.0,0.0%,2.8,0.2,1.4,0.0,0.06,-0.4,-0.06
130,ronnie rivers,25,LAR,RB,17,0,22,99,6,71,3.2,28,1.3,0,,2.0,-2.0,5.0,6.0,0.0,0.0,0.0,34.0,18.3,2.6,5.0,0.0,1.3%,0.0,0.0,0.0,0.0%,0.5,0.1,4.1,0.0,0.1,-1.5,-0.1
134,jamycal hasty,28,NWE,RB,15,0,20,69,4,38,1.9,31,1.6,0,,2.0,-7.0,10.0,12.0,1.0,0.0,1.0,59.0,28.8,2.4,0.0,0.0,0.0%,1.0,1.0,1.0,7.7%,8.6,0.7,2.7,0.1,0.02,-0.3,0.08
135,jordan mims,25,NOR,RB,11,0,20,70,2,50,2.5,20,1.0,0,,2.0,-3.0,12.0,18.0,1.0,0.0,0.0,71.0,26.1,3.3,3.0,0.0,2.2%,1.0,1.0,0.0,12.5%,1.7,0.2,4.5,0.0,0.1,-1.2,-0.1
136,samaje perine,29,KAN,RB,17,0,20,92,7,54,2.7,38,1.9,0,,0.0,0.0,28.0,35.0,3.0,1.0,1.0,322.0,81.4,4.8,5.0,1.0,3.1%,1.0,3.0,1.0,18.8%,14.2,0.8,4.1,0.1,0.14,0.7,-0.04
147,deuce vaughn,23,DAL,RB,7,0,17,70,2,38,2.2,32,1.9,0,,0.0,0.0,3.0,5.0,0.0,0.0,0.0,18.0,11.8,2.0,3.0,0.0,2.8%,0.0,0.0,0.0,0.0%,0.3,0.1,2.8,0.0,0.06,-0.8,-0.06
149,jeff wilson,29,MIA,RB,9,0,16,57,3,24,1.5,33,2.1,0,,3.0,-5.0,3.0,3.0,0.0,0.0,0.0,19.0,10.6,1.5,-1.0,0.0,1.7%,0.0,0.0,0.0,0.0%,-0.1,0.0,1.5,0.0,0.05,0.0,-0.05
150,raheem blackshear,25,CAR,RB,16,1,15,80,2,35,2.3,45,3.0,2,7.5,2.0,-4.0,0.0,0.0,0.0,0.0,0.0,0.0,8.0,0.5,0.0,0.0,1.9%,0.0,0.0,0.0,0.0%,0.0,0.0,1.0,0.0,0.01,-0.5,-0.01
152,keaton mitchell,22,BAL,RB,5,0,15,30,2,8,0.5,22,1.5,2,7.5,3.0,-8.0,1.0,1.0,0.0,0.0,0.0,28.0,6.8,1.7,,,,,,,,,,2.1,0.0,0.01,-0.4,-0.01
153,eric gray,25,NYG,RB,17,0,14,31,1,17,1.2,14,1.0,0,,1.0,-1.0,10.0,11.0,2.0,0.0,0.0,82.0,17.3,1.1,7.0,0.0,15.4%,1.0,2.0,0.0,28.6%,1.0,0.1,2.2,0.0,0.13,-1.1,-0.13
156,mike boone,29,CAR,RB,6,0,13,51,3,30,2.3,21,1.6,1,13.0,0.0,0.0,1.0,3.0,0.0,0.0,0.0,-2.0,5.9,1.2,1.0,0.0,1.9%,0.0,0.0,0.0,0.0%,0.1,0.0,2.2,0.0,0.03,-1.0,-0.03
157,clyde edwards-helaire,25,NOR,RB,2,0,13,46,2,17,1.3,29,2.2,3,4.3,1.0,-1.0,3.0,5.0,0.0,0.0,0.0,24.0,10.0,5.0,,,,,,,,,,,,,,
158,terrell jennings,23,NWE,RB,3,0,13,33,0,19,1.5,14,1.1,0,,1.0,-1.0,0.0,1.0,0.0,0.0,0.0,0.0,3.3,1.7,-1.0,0.0,1.8%,0.0,0.0,0.0,0.0%,-0.1,-0.1,6.2,0.0,0.26,-4.5,-0.26
159,jase mcclellan,22,ATL,RB,2,0,13,32,2,13,1.0,19,1.5,0,,2.0,-9.0,0.0,0.0,0.0,0.0,0.0,0.0,3.2,1.1,,,,,,,,,,2.8,0.0,0.04,-1.7,-0.04
163,hunter luepke,24,DAL,RB,16,4,12,38,6,13,1.1,25,2.1,1,12.0,0.0,0.0,12.0,16.0,0.0,0.0,0.0,111.0,26.9,1.7,6.0,0.0,5.6%,0.0,0.0,0.0,0.0%,0.6,0.0,,,,,
164,tyler badie,24,DEN,RB,3,0,11,86,4,22,2.0,64,5.8,1,11.0,1.0,-3.0,3.0,3.0,1.0,0.0,0.0,-2.0,9.4,3.1,0.0,0.0,0.0%,1.0,1.0,0.0,10.0%,1.2,0.4,3.6,0.0,0.04,-0.5,-0.04
170,rasheen ali,23,BAL,RB,6,0,10,31,2,16,1.6,15,1.5,0,,1.0,-3.0,0.0,2.0,0.0,0.0,0.0,0.0,3.1,0.6,10.0,0.0,4.8%,0.0,0.0,0.0,0.0%,1.0,0.2,,,,,
174,jj taylor,26,HOU,RB,5,0,10,44,1,34,3.4,10,1.0,0,,0.0,0.0,2.0,3.0,0.0,0.0,0.0,0.0,6.4,1.6,11.0,0.0,3.1%,0.0,0.0,0.0,0.0%,1.1,0.3,2.3,0.0,0.06,-0.7,-0.06
175,jonathon brooks,21,CAR,RB,3,1,9,22,0,8,0.9,14,1.6,1,9.0,1.0,-3.0,3.0,3.0,2.0,0.0,0.0,23.0,7.5,2.5,11.0,0.0,5.6%,2.0,2.0,0.0,11.8%,3.6,1.2,4.0,0.0,0.25,-1.5,-0.25
176,deejay dallas,26,ARI,RB,17,0,9,49,4,32,3.6,17,1.9,0,,0.0,0.0,3.0,3.0,1.0,0.0,1.0,11.0,21.0,1.3,3.0,0.0,1.7%,1.0,1.0,1.0,10.0%,7.4,0.5,2.0,0.1,0.1,-0.7,0.0
184,dalvin cook,29,DAL,RB,2,0,8,20,0,12,1.5,8,1.0,0,,0.0,0.0,1.0,1.0,0.0,0.0,0.0,10.0,4.0,2.0,,,,,,,,,,2.9,0.0,0.02,-0.9,-0.02
194,travis homer,26,CHI,RB,10,0,6,23,2,16,2.7,7,1.2,0,,0.0,0.0,3.0,3.0,0.0,0.0,0.0,11.0,6.4,0.7,,,,,,,,,,1.1,0.0,0.0,-0.4,0.0
195,jermar jefferson,24,DET,RB,2,0,6,22,1,9,1.5,13,2.2,0,,1.0,-2.0,1.0,1.0,0.0,0.0,0.0,10.0,4.2,2.1,9.0,0.0,2.9%,0.0,0.0,0.0,0.0%,0.9,0.5,,,,,
197,marshawn lloyd,23,GNB,RB,1,0,6,15,0,12,2.0,3,0.5,0,,0.0,0.0,1.0,1.0,0.0,0.0,0.0,3.0,2.8,2.8,,,,,,,,,,4.4,0.0,0.07,-1.6,-0.07
199,aaron shampklin,25,PIT,RB,3,0,6,17,1,8,1.3,9,1.5,0,,1.0,-2.0,0.0,0.0,0.0,0.0,0.0,0.0,1.7,0.6,-2.0,0.0,1.5%,0.0,0.0,0.0,0.0%,-0.2,-0.1,1.5,0.0,0.12,-0.9,-0.12
201,sione vaki,23,DET,RB,16,0,6,14,0,8,1.3,6,1.0,0,,2.0,-3.0,3.0,3.0,0.0,0.0,0.0,37.0,8.1,0.7,,,,,,,,,,1.0,0.0,0.0,-0.3,0.0
203,chris collier,24,LVR,RB,3,0,5,12,0,5,1.0,7,1.4,0,,0.0,0.0,1.0,2.0,0.0,0.0,0.0,-4.0,1.8,0.3,,,,,,,,,,2.0,0.0,0.03,-1.7,-0.03
209,jacob kibodi,26,CLE,RB,1,0,5,24,1,10,2.0,14,2.8,0,,1.0,-1.0,1.0,3.0,2.0,0.0,0.0,15.0,4.9,4.9,,,,,,,,,,,,,,
216,jonathan ward,27,PIT,RB,4,0,5,22,1,12,2.4,10,2.0,1,5.0,0.0,0.0,0.0,0.0,0.0,0.0,0.0,0.0,2.2,0.6,,,,,,,,,,0.8,0.0,0.0,-0.2,0.0
221,tony jones,27,ARI,RB,1,0,4,55,1,9,2.3,46,11.5,0,,0.0,0.0,0.0,0.0,0.0,1.0,0.0,0.0,11.5,11.5,,,,,,,,,,,,,,
227,blake watson,25,DEN,RB,2,0,4,10,2,7,1.8,3,0.8,0,,1.0,-1.0,1.0,2.0,1.0,0.0,0.0,13.0,3.3,1.1,0.0,0.0,0.0%,1.0,1.0,0.0,10.0%,2.3,0.8,2.5,0.0,0.03,-1.4,-0.03
234,tyrion davis-price,24,PHI,RB,1,0,3,7,0,3,1.0,4,1.3,0,,0.0,0.0,0.0,0.0,0.0,0.0,0.0,0.0,0.7,0.7,,,,,,,,,,,,,,
237,darrynton evans,26,CHI,RB,5,0,3,3,0,2,0.7,1,0.3,0,,1.0,-1.0,0.0,0.0,0.0,0.0,0.0,0.0,0.3,0.2,,,,,,,,,,,,,,
238,myles gaskin,27,MIN,RB,5,0,3,-1,0,-2,-0.7,1,0.3,0,,1.0,-3.0,1.0,1.0,0.0,0.0,0.0,11.0,2.0,0.5,0.0,0.0,1.7%,0.0,0.0,0.0,0.0%,0.0,0.0,1.9,0.0,0.04,-1.4,-0.04
240,george holani,25,SEA,RB,5,0,3,10,1,7,2.3,3,1.0,0,,1.0,-1.0,1.0,1.0,0.0,0.0,0.0,-1.0,1.9,0.6,,,,,,,,,,,,,,
278,keshawn vaughn,27,SFO,RB,3,0,2,4,0,2,1.0,2,1.0,0,,0.0,0.0,0.0,0.0,0.0,0.0,0.0,0.0,0.4,0.4,,,,,,,,,,,,,,
287,british brooks,25,HOU,RB,5,0,1,2,0,1,1.0,1,1.0,0,,0.0,0.0,0.0,0.0,0.0,0.0,0.0,0.0,0.2,0.1,,,,,,,,,,,,,,
306,josh kelley,27,TEN,RB,3,0,1,2,0,2,2.0,0,0.0,0,,0.0,0.0,0.0,0.0,0.0,0.0,0.0,0.0,0.2,0.2,,,,,,,,,,,,,,
308,dylan laube,25,LVR,RB,10,0,1,0,0,0,0.0,0,0.0,0,,0.0,0.0,0.0,0.0,0.0,0.0,0.0,0.0,-2.0,-0.3,,,,,,,,,,0.3,0.0,0.0,-0.6,0.0
323,cody schrader,25,LAR,RB,1,0,1,3,0,3,3.0,0,0.0,0,,0.0,0.0,1.0,1.0,0.0,0.0,0.0,6.0,1.9,1.9,,,,,,,,,,,,,,
